customer_id,customer_name,email,country,signup_date,customer_segment,lifetime_value
1,Mrs. Wendy Ramirez,qhart@example.net,Colombia,2022-04-21,Standard,1621.31
2,Gary Garcia,bholder@example.org,Lebanon,2025-03-09,Basic,8843.53
3,Erika Moon,yherrera@example.org,Hungary,2020-11-14,Standard,2328.79
4,Andrea Brown,maria05@example.net,Bahamas,2020-09-05,Premium,9189.27
5,Eric Grant,sawyerhector@example.com,Martinique,2025-06-05,Basic,9168.16
6,Stephanie Rowe MD,dfreeman@example.org,Myanmar,2025-09-14,Premium,1183.53
7,Alfred Gross,nolancarlos@example.net,Luxembourg,2025-11-27,Premium,9440.97
8,Daniel Newman,stevenhunter@example.net,Saint Vincent and the Grenadines,2020-03-06,Standard,3041.89
9,Dylan Gill,erictrujillo@example.net,Guadeloupe,2022-06-07,Standard,9854.93
10,Rebecca Collins,greyes@example.org,Bosnia and Herzegovina,2022-08-27,Standard,2384.59
11,Clayton Marks,johnsandoval@example.com,Congo,2020-11-11,Premium,4244.45
12,Kristen Hopkins,chambersdouglas@example.org,Bulgaria,2025-03-09,Standard,1541.87
13,Heather Rodriguez,parkernolan@example.org,Hungary,2023-11-15,Premium,1459.85
14,Joseph Guerrero,mwagner@example.org,El Salvador,2024-10-04,Standard,3511.60
15,Jennifer Zamora,sarahmathews@example.org,France,2025-03-07,Premium,3361.82
16,Gary Thomas,skinnerwendy@example.com,Namibia,2025-02-09,Premium,3108.69
17,Dominique Wood,gonzalesdylan@example.org,Suriname,2022-01-09,Standard,6250.10
18,Lori Gilbert,kellie84@example.org,Gibraltar,2024-02-21,Basic,2262.60
19,Walter Scott,edwardsdale@example.org,Liberia,2022-04-26,Standard,9530.62
20,Travis Hess,benjaminbutler@example.org,Saint Martin,2021-04-16,Basic,5382.05
21,Chelsea Brown,eevans@example.com,Tunisia,2021-02-20,Standard,1944.67
22,Amanda Carr,hesserin@example.net,Moldova,2025-11-10,Standard,9872.94
23,Robert Smith,jessicalucero@example.org,Suriname,2021-05-13,Basic,1332.58
24,Mark Hill,pearsonrobert@example.net,Palestinian Territory,2023-04-15,Premium,9302.79
25,John Salazar,cynthiamorgan@example.net,Ethiopia,2022-12-02,Basic,1960.12
26,Dr. Laura Hood,cruzsheri@example.org,Qatar,2022-07-08,Premium,4674.91
27,Michael Williams,christopher02@example.net,Congo,2025-10-19,Basic,9043.82
28,Nancy Gibson,jordancasey@example.org,Sweden,2020-01-14,Standard,3290.71
29,Sarah Smith,matthewwelch@example.net,Mali,2023-10-12,Standard,3724.83
30,Larry Lopez,torresvanessa@example.net,Malaysia,2024-01-07,Standard,8878.61
31,Miss Melanie Mcdonald MD,castanedamelinda@example.net,Ukraine,2021-01-13,Standard,9202.14
32,Deborah Mclaughlin,thomasschwartz@example.org,Micronesia,2020-01-09,Basic,5691.41
33,Cody Martin,christopherelliott@example.com,Zambia,2021-07-03,Basic,6079.60
34,Shawn Russell,leedavid@example.net,Wallis and Futuna,2024-06-12,Standard,9815.80
35,Anna Peters,jessica30@example.net,Vietnam,2021-05-31,Standard,7609.50
36,Kristen Williams,lewisjames@example.net,Austria,2023-08-09,Premium,59.42
37,Colton Martin,rachelburnett@example.org,Brazil,2020-12-16,Basic,7838.71
38,Justin Hansen,mcollier@example.com,Mauritius,2021-02-18,Basic,5610.15
39,Michelle Hickman,jennifer56@example.org,Mongolia,2021-12-20,Standard,1171.93
40,Larry Morris,alexanderrobert@example.org,Azerbaijan,2024-06-29,Standard,7206.85
41,Patricia Parks,jennifer57@example.net,Albania,2020-02-10,Standard,9028.06
42,Steven Smith,mbrown@example.net,Benin,2024-04-12,Premium,1114.12
43,Bryan Mays,fjones@example.org,Grenada,2021-11-26,Standard,2494.84
44,Carrie Banks,travislowe@example.net,Bouvet Island (Bouvetoya),2022-05-06,Standard,1358.63
45,Dylan Estes,davidwells@example.net,Austria,2023-05-22,Basic,2744.92
46,Dr. Adriana Anderson,mbell@example.net,Nauru,2024-02-21,Premium,4379.71
47,Brian Bradley,burkeamy@example.org,Papua New Guinea,2021-08-20,Premium,4856.93
48,Michelle Baker,mrodriguez@example.org,Saint Helena,2023-12-10,Standard,7826.23
49,Michael Morales,mindymedina@example.com,Netherlands,2020-06-14,Standard,5441.45
50,Ralph Downs,rosalescynthia@example.org,Australia,2023-08-27,Standard,2550.57
51,Christopher Weaver,thompsonbrian@example.com,Isle of Man,2025-11-26,Standard,3775.27
52,Kelly Johnson,nguyenrobert@example.net,Spain,2021-02-25,Standard,1609.23
53,Megan Norton,kristengrant@example.com,Congo,2023-11-14,Standard,678.47
54,Kevin Mcfarland,hammondkim@example.net,Ukraine,2021-02-14,Premium,3762.81
55,James Hopkins,harrisvincent@example.com,Western Sahara,2022-12-26,Standard,1373.66
56,Nicholas Cruz,cheyenne70@example.net,Solomon Islands,2021-06-19,Premium,3181.77
57,Lindsay Davis,dwise@example.com,Ukraine,2025-01-13,Premium,3438.09
58,Gary Cabrera,gabrielle92@example.org,Burundi,2024-08-31,Basic,7699.37
59,Karina Miller,matthewssara@example.net,Yemen,2021-10-25,Premium,2125.97
60,Yesenia Lopez,nathan42@example.net,Canada,2025-01-17,Premium,3774.75
61,Joshua Perkins,dylan61@example.net,Canada,2022-10-23,Standard,2965.35
62,James Vargas,michaelfreeman@example.org,Portugal,2023-10-11,Basic,2230.16
63,Nancy Owens,davidbaird@example.org,Fiji,2025-02-04,Basic,6626.24
64,George Booth,fryjames@example.com,Bahrain,2025-04-30,Standard,6551.30
65,Courtney Johnson,tcastillo@example.org,United States Minor Outlying Islands,2024-04-17,Basic,9378.04
66,Ashley Thomas,alisonhull@example.net,Bhutan,2023-02-18,Basic,4770.56
67,Daniel Bell,morsesteve@example.com,Dominica,2023-03-02,Standard,8492.86
68,Randy Moore,bmiller@example.org,Bahamas,2020-04-04,Standard,3847.96
69,Nathan Martinez,robertphillips@example.com,Fiji,2020-01-18,Premium,2795.33
70,Stacey Phillips,andradewilliam@example.org,Azerbaijan,2020-02-14,Basic,1080.15
71,Victoria Johnston,gilesmatthew@example.net,Turkey,2020-09-19,Basic,7954.55
72,Ricky Ballard,danieljacobson@example.org,Malta,2022-08-06,Standard,960.78
73,Kevin Mcmillan,ingramjoe@example.com,Solomon Islands,2025-08-15,Standard,278.69
74,Amy Wallace,jennifersingleton@example.com,Iraq,2023-04-30,Basic,7762.29
75,Frank Beard,gregory30@example.org,Dominican Republic,2021-10-22,Basic,3843.07
76,Kristopher Garcia,boylejonathan@example.org,Guinea,2020-04-07,Standard,773.01
77,Jennifer Harmon,joshuascott@example.net,Uzbekistan,2025-05-20,Standard,2732.31
78,Jessica Alexander,christopher30@example.net,United Arab Emirates,2025-04-23,Premium,5580.56
79,Steven Peterson,kingdavid@example.org,Cuba,2020-05-09,Standard,8054.94
80,David Cobb,jenna95@example.net,Libyan Arab Jamahiriya,2025-04-06,Premium,6795.38
81,Stephen Sparks,brianhall@example.org,France,2024-07-26,Basic,2808.14
82,Amanda Baker,kelly08@example.net,Barbados,2020-08-29,Basic,2494.12
83,Ashley Washington,janet61@example.com,Martinique,2025-08-04,Standard,870.56
84,Vernon Levy,taylorjared@example.com,United Kingdom,2025-03-08,Basic,3656.75
85,Justin Wright,ahayes@example.org,Saint Barthelemy,2024-11-07,Basic,4120.57
86,Kayla Cooper,elizabeth71@example.org,Sweden,2020-12-28,Premium,8140.09
87,Tammy Gregory,reynoldsnicholas@example.net,Malta,2024-07-12,Standard,6116.52
88,Brandy Woodward,carmen54@example.org,Burundi,2024-10-10,Premium,6929.18
89,Donald Adams,henryward@example.org,Martinique,2025-01-21,Standard,4608.90
90,Jessica Webb,suzannefreeman@example.net,Macao,2023-06-14,Standard,7143.87
91,Edward Miller,christopher56@example.com,Portugal,2020-02-29,Basic,4598.24
92,Dr. William Roach,justin45@example.net,Uzbekistan,2023-05-31,Basic,5106.88
93,Jeffrey Miller,jerry10@example.com,Bermuda,2022-12-31,Standard,573.97
94,Madison Soto,zflores@example.org,Martinique,2021-10-17,Standard,6319.92
95,Alexa Franklin,nrogers@example.com,Eritrea,2025-04-16,Premium,7604.45
96,Matthew Henderson,wisekeith@example.com,French Southern Territories,2020-05-10,Basic,4279.37
97,Andrew Benitez,tiffanymoore@example.org,Guinea,2025-09-04,Basic,5611.45
98,Maria Wallace,ebuchanan@example.net,China,2022-07-07,Premium,3724.10
99,Daniel Pearson,erin32@example.org,Bahamas,2022-05-03,Premium,4621.94
100,Michael Trujillo,sanchezwendy@example.com,China,2023-10-04,Standard,9523.18
101,Justin Mckinney,eric54@example.net,Lesotho,2023-02-17,Basic,2613.92
102,Barbara Phillips,mindy99@example.org,Ireland,2024-06-08,Standard,2825.22
103,Michelle Hansen,austin16@example.org,Taiwan,2023-11-11,Premium,6289.62
104,Jimmy George,michaelbennett@example.net,Bangladesh,2023-11-21,Basic,7033.29
105,Jason Snow,harrisjulie@example.net,Saint Kitts and Nevis,2024-12-31,Basic,3570.63
106,Wesley Howard,hurstgina@example.com,China,2024-03-10,Basic,728.89
107,Virginia Berry,kellybell@example.org,Senegal,2021-12-17,Premium,1366.10
108,James Wong,davidramirez@example.com,Malawi,2024-09-19,Standard,1243.92
109,Nicholas Schultz,christopher18@example.org,United Kingdom,2023-09-15,Premium,6681.06
110,Brian Burke,jillosborne@example.net,Australia,2025-10-24,Premium,505.16
111,Melissa Arnold,rachel61@example.net,Swaziland,2024-01-24,Standard,713.97
112,Ryan Leach,smithryan@example.net,Italy,2020-03-11,Premium,8446.87
113,Philip Howard,lawrence30@example.net,Christmas Island,2022-03-10,Basic,7422.83
114,Gregory Short,zwatson@example.com,Lao People's Democratic Republic,2024-01-01,Basic,8608.62
115,Sara Mathews,wheelerzachary@example.com,Mongolia,2022-11-28,Standard,8248.16
116,Joshua Romero,dustin89@example.com,Mauritania,2025-08-10,Basic,4827.95
117,Lee Jennings,beckyfleming@example.net,Niue,2024-07-31,Standard,6430.74
118,Sean Smith,melissa96@example.org,Macao,2024-05-06,Basic,5825.93
119,Joseph Watts,meyerjeremy@example.com,Rwanda,2020-05-31,Premium,848.39
120,Patricia Davis,vancejasmine@example.net,Czech Republic,2025-11-14,Premium,5945.73
121,Tamara Huff,dpalmer@example.net,Sweden,2020-08-04,Standard,713.46
122,Brenda Salazar,daviscarlos@example.net,Kenya,2020-05-14,Standard,7693.83
123,Susan Garcia,jacquelinecharles@example.com,Ethiopia,2022-08-19,Premium,3606.70
124,Jason Smith,paulnelson@example.net,Bulgaria,2020-09-24,Basic,8241.41
125,Steven Nelson,mooretravis@example.org,Djibouti,2020-03-24,Basic,8034.60
126,Craig Long,solomonandrea@example.com,Portugal,2020-05-23,Basic,8225.73
127,Darrell Watson,james86@example.org,British Indian Ocean Territory (Chagos Archipelago),2021-04-22,Basic,348.76
128,Michelle Thomas,jimmyharris@example.com,Lithuania,2020-07-12,Standard,3757.38
129,Christopher Flores,tanya57@example.net,Tonga,2020-08-20,Basic,2763.31
130,Jeffery Cook,jerry98@example.net,Egypt,2021-06-26,Standard,8877.82
131,Jenna Chen,alyssasutton@example.net,Germany,2021-09-10,Premium,7816.13
132,Kenneth Carlson,lwalls@example.net,Qatar,2021-06-25,Standard,2150.26
133,Gregory Moon,james88@example.org,Oman,2020-05-07,Basic,7254.18
134,Morgan Johnson,nbird@example.com,Aruba,2022-03-28,Standard,3983.73
135,Tina Brewer,harrischarles@example.com,United States of America,2024-02-13,Premium,1497.32
136,Rebecca Cervantes,haileysuarez@example.net,Singapore,2024-04-25,Basic,9839.40
137,Tracy Brock,brittany81@example.net,Pitcairn Islands,2021-07-07,Standard,2717.57
138,Tiffany Campbell,apeterson@example.org,Togo,2022-08-03,Standard,2429.66
139,Sara Rogers,davidhernandez@example.com,Lithuania,2021-11-17,Premium,5493.27
140,Mark Wilson,loganrebekah@example.com,Guyana,2023-08-17,Standard,4561.24
141,Frank Carson,lisa74@example.org,Guatemala,2020-01-27,Standard,6019.52
142,Tracy Torres,lewisalison@example.com,Armenia,2023-02-02,Standard,211.47
143,Dr. Donald Williams,dwood@example.net,French Polynesia,2024-11-23,Basic,6719.60
144,Shannon Delgado,paigearmstrong@example.com,Hong Kong,2025-04-29,Standard,3390.04
145,Matthew Parker,williamvargas@example.net,Bolivia,2023-02-23,Premium,633.79
146,William Davis,jonathanmcguire@example.net,French Polynesia,2023-03-31,Standard,6205.36
147,Erika Torres,caitlinklein@example.net,United States Virgin Islands,2023-07-06,Standard,8093.61
148,Tammy Greene DVM,andrewwilson@example.com,Antigua and Barbuda,2020-03-28,Standard,9137.48
149,Matthew Ortiz,hfisher@example.net,Croatia,2024-08-23,Standard,1427.01
150,Susan Bailey,kerri51@example.org,Italy,2020-02-16,Standard,6540.30
151,Amber Simmons,curtisjoel@example.org,Ecuador,2020-12-30,Basic,437.08
152,Rodney Wright,laura02@example.org,British Virgin Islands,2022-04-29,Standard,9565.21
153,Brian Rogers,matthew57@example.net,Mongolia,2024-07-22,Standard,2321.31
154,Susan Davis,manuel88@example.net,Gambia,2022-04-30,Premium,9510.58
155,Lisa Lee,gonzalesjames@example.org,Germany,2024-07-01,Standard,7748.97
156,William Weaver,elizabethsmith@example.com,Afghanistan,2022-10-19,Standard,6448.54
157,Noah Randall,lisa77@example.com,Indonesia,2024-03-07,Standard,7648.57
158,Maria Mack,jamesmay@example.com,Egypt,2020-12-25,Standard,9744.73
159,Brian Cox,tiffany05@example.org,Syrian Arab Republic,2021-08-29,Basic,577.38
160,Lisa Levy,aaronbrooks@example.net,Tokelau,2023-04-28,Standard,5807.02
161,Brandon Chambers,robert74@example.org,Tuvalu,2023-06-29,Premium,2636.19
162,Morgan Greene,amy06@example.org,New Caledonia,2020-06-17,Standard,6402.60
163,Allison Phillips,nhernandez@example.org,Rwanda,2020-04-19,Standard,6440.50
164,John Roberson,raymond08@example.org,Guyana,2023-05-18,Basic,8154.34
165,Jerry Clark,fernandeznoah@example.net,Angola,2021-07-12,Standard,1440.40
166,Christopher Cook,nmassey@example.com,Syrian Arab Republic,2023-10-02,Standard,3703.75
167,James Schroeder,zesparza@example.net,Sri Lanka,2020-07-29,Basic,8337.83
168,David Ryan,nsingh@example.org,American Samoa,2020-01-13,Premium,9904.14
169,Vanessa Miller,isellers@example.net,Ukraine,2023-04-01,Basic,5305.21
170,Justin Price,millerchristine@example.net,Kyrgyz Republic,2021-11-17,Standard,4825.20
171,Michael Shaw,drewjohnson@example.com,Switzerland,2025-12-11,Standard,783.23
172,April Collins,omar07@example.net,Falkland Islands (Malvinas),2021-03-23,Standard,5104.27
173,Julie Beck,david31@example.org,Sri Lanka,2020-09-16,Basic,345.22
174,Steven Stevens,paigebrown@example.org,Dominica,2022-07-21,Basic,301.71
175,Nathan Larsen,ksingh@example.com,Syrian Arab Republic,2025-03-16,Basic,4528.52
176,Nicholas Blake,fhorn@example.com,Czech Republic,2022-02-23,Basic,6134.04
177,Corey Pratt,travisallison@example.org,American Samoa,2023-01-23,Standard,861.62
178,Kerry Morris,dustin99@example.com,Angola,2023-06-13,Basic,4123.50
179,Miguel Schultz,mitchell39@example.org,Austria,2020-12-04,Basic,7673.29
180,Kenneth Thompson,jessica40@example.org,Jamaica,2023-12-07,Standard,1612.69
181,Crystal Grant,brooksjoseph@example.com,Cyprus,2020-07-16,Standard,3491.37
182,Bill Sparks,usmith@example.org,Zambia,2020-08-10,Standard,3342.62
183,Wayne Taylor,osanchez@example.org,Egypt,2024-05-15,Premium,5279.98
184,Sonya Wright,kingshawn@example.com,Suriname,2024-07-13,Standard,3751.48
185,Jennifer Smith,lhernandez@example.org,Brunei Darussalam,2022-08-28,Standard,3800.33
186,Michael Ward,vargasalexander@example.net,Austria,2021-05-16,Standard,1542.46
187,Meagan Williams,kinggina@example.com,Grenada,2023-07-04,Basic,1791.78
188,Samuel Diaz,williamgarcia@example.org,Korea,2023-12-24,Standard,5016.45
189,Timothy Mccarthy,edward54@example.net,Pitcairn Islands,2023-06-23,Premium,4393.66
190,Samantha Allen,ophillips@example.org,Germany,2023-01-08,Basic,8803.54
191,Alexander Smith,shawnmason@example.com,Heard Island and McDonald Islands,2022-08-01,Basic,6075.33
192,Tiffany Matthews,ugarza@example.net,Singapore,2023-11-19,Standard,9585.78
193,Robert Perez,rhondagibson@example.com,United Kingdom,2020-09-01,Standard,6923.48
194,Timothy Wilkerson,ldavis@example.org,Montenegro,2025-04-16,Basic,8319.59
195,Travis Goodwin,lsimmons@example.net,China,2025-04-04,Standard,3348.04
196,Victoria Perez,robertostone@example.net,Singapore,2024-08-02,Standard,6763.75
197,Maria Mason,steeleamanda@example.net,Romania,2023-10-01,Premium,6658.82
198,Sheryl Davis,brian48@example.net,Slovakia (Slovak Republic),2021-03-25,Standard,3820.28
199,Christine Gregory,kelly48@example.org,Latvia,2024-08-29,Standard,9559.78
200,Mark Hurst,andreakelly@example.org,Ethiopia,2021-06-12,Basic,4459.14
201,Shawna Lozano PhD,cwagner@example.org,Benin,2025-10-14,Basic,3797.42
202,Patricia Gilbert,shepardtim@example.net,Saudi Arabia,2020-09-29,Standard,8804.94
203,Amanda Clark,kevinswanson@example.org,Vanuatu,2020-08-26,Premium,9557.17
204,Vanessa Martinez,zberger@example.org,Indonesia,2021-08-07,Basic,5626.30
205,Taylor Johnson,vincentharvey@example.com,Christmas Island,2024-08-10,Standard,8118.31
206,Gerald Kline,charleskrause@example.net,Japan,2024-08-10,Basic,4349.41
207,Christie Taylor,pamela99@example.com,Argentina,2024-07-14,Basic,437.50
208,Cody Malone,kspencer@example.org,Vietnam,2022-08-08,Standard,385.98
209,Jaime Lamb,kevin06@example.com,Congo,2024-07-18,Basic,4688.08
210,Ashley Clark,richard21@example.org,Mayotte,2020-04-06,Standard,7869.35
211,Matthew Kim,kristawheeler@example.com,Romania,2022-02-03,Premium,5798.19
212,John Fowler,casey81@example.org,Guadeloupe,2022-08-01,Standard,4012.54
213,Samantha Garza,craig78@example.net,Saint Martin,2020-05-14,Premium,4827.83
214,Danielle Jones,smithjulia@example.org,Palau,2020-09-28,Standard,3623.08
215,Diane Brown,nataliearmstrong@example.net,Benin,2025-12-22,Standard,3666.19
216,Melissa Moore,woodtracy@example.org,Hong Kong,2024-09-10,Standard,1929.23
217,Jamie Valencia,bgraham@example.org,Belgium,2023-03-15,Standard,370.75
218,Lindsey Brooks,timparks@example.org,Netherlands,2023-12-16,Basic,8693.91
219,Adam Simmons,michaelingram@example.net,Tokelau,2022-07-10,Premium,5113.46
220,Melissa Odonnell,kevinhunter@example.com,Venezuela,2021-02-18,Standard,1226.38
221,Rebecca Perkins,abell@example.net,Comoros,2022-07-13,Standard,7530.98
222,Katelyn Mcdaniel,martinezbrianna@example.net,Albania,2022-03-04,Standard,4030.47
223,Michael Olson,rebeccaperry@example.net,Burundi,2021-10-05,Standard,8375.97
224,Scott Williams,dlopez@example.com,Brazil,2025-11-14,Standard,7863.45
225,Shelley Walter,conradmary@example.net,Mali,2020-02-11,Standard,7566.40
226,Pamela Mccoy,jessicaflores@example.org,Latvia,2020-12-14,Basic,6228.75
227,Kenneth Martinez,charlesgates@example.com,Hungary,2021-08-18,Basic,8348.44
228,Madison Frazier,harrismark@example.org,Malta,2024-06-12,Standard,777.88
229,Jennifer Peterson,brittany97@example.org,Lao People's Democratic Republic,2023-12-05,Standard,5600.93
230,Robert Singh,brentspencer@example.com,Portugal,2023-03-21,Premium,6426.26
231,Charles Thompson,markmclaughlin@example.org,South Georgia and the South Sandwich Islands,2023-12-19,Premium,6365.01
232,John Jacobs,kingoscar@example.org,United States Virgin Islands,2022-03-13,Standard,8475.46
233,Sara Fletcher,sandra92@example.org,Liberia,2021-03-06,Standard,913.04
234,William Phillips,robert90@example.com,Samoa,2023-01-07,Standard,1695.89
235,Brandy Mccarthy,jamiesharp@example.org,Thailand,2024-01-14,Standard,4002.93
236,Sherri Diaz,ericsexton@example.org,Grenada,2021-07-18,Standard,522.88
237,Margaret Prince,harperderek@example.org,Fiji,2023-05-28,Standard,389.92
238,Renee Johnson,yolandastewart@example.com,Togo,2025-03-02,Standard,3152.91
239,Kenneth Cohen,wallacealex@example.org,Mauritius,2022-08-16,Standard,6286.07
240,Kathleen Bennett,ymartin@example.com,Moldova,2020-06-04,Standard,777.36
241,Jason Tucker,cameroncheryl@example.org,Costa Rica,2023-09-27,Standard,2206.48
242,Sandra Wood,paulsmith@example.org,Gambia,2022-12-23,Standard,2367.54
243,Ashley Rivas,hchoi@example.com,Central African Republic,2025-10-23,Basic,8697.44
244,Michael Barry,jasminelopez@example.com,Turks and Caicos Islands,2021-11-27,Standard,5038.78
245,Justin Grant,khuerta@example.org,United States Minor Outlying Islands,2023-06-21,Standard,4136.74
246,Robert Blake,dbush@example.org,Malaysia,2023-05-05,Standard,3967.73
247,Heather Taylor,stephanie37@example.org,Canada,2024-11-05,Standard,8808.58
248,Andrew Collins,xrussell@example.com,Tajikistan,2023-02-27,Premium,9590.44
249,Olivia Johnson,fergusonadam@example.net,Montenegro,2022-01-22,Standard,9403.64
250,Allison Turner,yfrank@example.net,Nepal,2023-01-18,Basic,9345.80
251,Carolyn Atkinson,goodwinbrenda@example.org,Wallis and Futuna,2025-06-18,Premium,8117.98
252,Jordan Moore,hogandanielle@example.net,Kiribati,2023-12-29,Standard,1993.32
253,Brianna Rogers,frazierandrea@example.net,British Virgin Islands,2021-06-08,Basic,7154.25
254,Martin Williams,amandasalinas@example.com,Mayotte,2020-03-04,Standard,1589.32
255,Robert Morrison PhD,barkerandrew@example.net,India,2022-10-17,Basic,5265.47
256,Tiffany Shepard,michaelhernandez@example.net,Ethiopia,2021-05-01,Standard,189.29
257,Elizabeth Perez,smithmelissa@example.com,Holy See (Vatican City State),2020-12-08,Premium,5648.83
258,Tammy Benjamin,diazsteve@example.org,Uganda,2022-12-10,Basic,4311.39
259,Adam Burke,andrewcannon@example.org,Austria,2024-02-07,Standard,1149.58
260,Angie Young,staffordbetty@example.com,French Southern Territories,2022-03-12,Basic,3905.63
261,Annette Carter,fbridges@example.net,Slovakia (Slovak Republic),2022-02-09,Standard,4748.56
262,Makayla Martinez,hollycochran@example.net,Belize,2020-01-19,Standard,9796.39
263,Cathy Valencia,allisonkidd@example.net,Uzbekistan,2021-01-11,Basic,6600.38
264,Nathan Lin,ifigueroa@example.org,Morocco,2024-06-23,Standard,3826.70
265,Traci Flores,rodriguezjorge@example.com,Austria,2020-11-04,Basic,7877.15
266,Bobby Torres,gwilliams@example.net,Tokelau,2023-07-25,Standard,8316.77
267,Caleb Lopez,deborah61@example.org,Israel,2023-11-23,Basic,8391.03
268,Anita Valentine,erika20@example.com,Madagascar,2023-06-29,Basic,84.88
269,Sarah Kelley,jenningsrichard@example.org,Egypt,2021-04-15,Premium,7463.58
270,Michelle Salinas,mgriffith@example.com,Sao Tome and Principe,2022-10-18,Standard,7349.37
271,Autumn Green,fcollins@example.com,Israel,2025-12-13,Standard,8759.97
272,Anthony Bates,stephanie66@example.com,Myanmar,2022-04-21,Premium,19.28
273,Justin Diaz,allisonfigueroa@example.org,Hong Kong,2023-12-02,Basic,8055.40
274,Sharon Pena,brooksjames@example.com,Brunei Darussalam,2021-09-02,Premium,2066.90
275,Stephanie Herrera,jordan70@example.com,Bangladesh,2025-01-13,Standard,795.61
276,Joseph Kelly,rbyrd@example.org,Egypt,2021-05-30,Premium,6161.00
277,Charles Smith,joseph18@example.org,Uzbekistan,2023-05-15,Basic,8154.17
278,John Marquez,victoria26@example.org,Bouvet Island (Bouvetoya),2023-04-03,Basic,2245.29
279,Emily Jones,ryanbridges@example.com,Bangladesh,2020-10-11,Standard,2840.21
280,Carmen Powell,gregory32@example.net,Saint Kitts and Nevis,2025-01-04,Standard,126.07
281,Jennifer Thompson,cameronalvarado@example.net,Zimbabwe,2020-06-19,Premium,7159.53
282,Christopher Anderson,mary09@example.org,Niger,2025-09-11,Standard,141.40
283,Nicole Sharp,isaiahcarter@example.org,Japan,2021-02-11,Standard,3913.62
284,Jeffrey Cabrera,henryvillanueva@example.com,Northern Mariana Islands,2020-04-15,Standard,9660.92
285,Cynthia Vang,hunterkeith@example.net,Azerbaijan,2021-10-05,Standard,204.73
286,Mr. Christopher Mcdowell MD,jhogan@example.org,El Salvador,2022-07-24,Standard,9464.39
287,Deborah Ferrell,pricefrancisco@example.org,Chad,2020-02-07,Standard,6409.01
288,Colleen Cooke,robinsonsusan@example.org,Kyrgyz Republic,2020-06-27,Standard,923.93
289,Amber Parks,huanglisa@example.org,Equatorial Guinea,2024-05-22,Premium,9950.25
290,Jordan Stevens,colleenmcintyre@example.net,Micronesia,2020-03-01,Premium,1838.98
291,Justin Bishop,sarah57@example.net,Cape Verde,2022-02-20,Standard,1529.31
292,Tyler Robinson,jonesmichelle@example.com,Maldives,2025-02-28,Standard,7242.59
293,David Heath,jimenezmichael@example.org,Djibouti,2022-01-15,Basic,2205.05
294,Michael Ward,jeremy44@example.com,Comoros,2022-08-09,Premium,3694.81
295,Christy Edwards,simspamela@example.com,Andorra,2020-11-23,Basic,7964.74
296,Ruben Walker,ofarmer@example.com,Ukraine,2025-01-18,Standard,2540.50
297,Dr. Wendy Williamson,nkerr@example.net,Guinea-Bissau,2024-01-05,Standard,5438.22
298,Mitchell Cole,torrespatricia@example.org,Marshall Islands,2023-01-23,Basic,8633.81
299,Darlene Gould,coleandrea@example.org,United States Minor Outlying Islands,2022-10-08,Standard,4984.27
300,Kristin Butler,morriszachary@example.net,Pitcairn Islands,2023-06-11,Basic,1839.55
301,Harold Clark,jefferydelacruz@example.com,Tokelau,2020-09-22,Standard,3677.88
302,Jenny Lewis,christina55@example.net,Iran,2022-12-19,Standard,1434.40
303,Michelle Thompson,gmunoz@example.net,Cuba,2025-10-29,Standard,7250.26
304,Beth Cook,jwilson@example.org,Kenya,2022-06-08,Basic,3940.74
305,Ashley Morris,scotttimothy@example.org,Sudan,2021-06-10,Standard,8011.52
306,Jim Potts MD,millerbenjamin@example.net,Cuba,2025-03-09,Premium,8821.82
307,Thomas Andrews,jacob58@example.com,Iraq,2021-02-01,Standard,2493.99
308,Alexander Castro,jgraham@example.net,Syrian Arab Republic,2020-05-10,Basic,6157.37
309,Morgan Castaneda,dixondonald@example.org,Moldova,2023-01-23,Standard,422.57
310,Linda Franco,patriciataylor@example.com,Dominica,2020-01-06,Standard,4082.18
311,Shawna Roberson,janeswanson@example.org,Solomon Islands,2022-06-04,Premium,1919.29
312,Sean Atkins,zlove@example.com,Hong Kong,2020-03-10,Premium,8991.01
313,Kathy Smith,sean15@example.com,Guinea,2022-02-19,Standard,4337.60
314,Catherine Davis,kempdavid@example.org,Svalbard & Jan Mayen Islands,2025-12-22,Standard,1425.75
315,Keith Nichols,opowell@example.com,France,2021-11-25,Standard,6137.70
316,Alexander Dougherty,timothywallace@example.com,Belarus,2020-10-08,Basic,8204.85
317,Tammie Williams,tarajones@example.com,Palestinian Territory,2021-12-25,Standard,719.81
318,Dr. Raymond Shepard,vadams@example.com,Iceland,2023-02-04,Standard,9823.70
319,Jose Dorsey,tonya79@example.org,Maldives,2022-03-05,Standard,2659.56
320,Kimberly Baker,kara73@example.com,Haiti,2021-06-06,Basic,781.82
321,Douglas Hunt,sally95@example.org,Libyan Arab Jamahiriya,2023-09-29,Basic,7280.64
322,Karen Jenkins,halljason@example.org,Peru,2022-01-14,Standard,1969.20
323,Jeffery Simpson,caseydawn@example.com,Uganda,2023-03-14,Premium,2970.10
324,Charles Warren,edwinking@example.org,Saint Pierre and Miquelon,2022-02-06,Standard,8943.94
325,Jessica Bell,aaron88@example.com,Bangladesh,2021-10-14,Standard,4150.42
326,Mr. Richard Bell,andrewflores@example.org,Zimbabwe,2022-12-26,Basic,1102.92
327,Ronald Manning,christina92@example.net,Swaziland,2023-01-04,Standard,177.90
328,Mary Bell,lisa20@example.org,Faroe Islands,2022-02-26,Basic,3377.48
329,Joseph Nguyen,richardgarcia@example.com,Rwanda,2022-11-18,Standard,168.16
330,Amy Curtis,freemankayla@example.org,Nepal,2022-11-22,Standard,7096.50
331,Sara Foley,karlacross@example.com,South Georgia and the South Sandwich Islands,2023-10-13,Basic,6163.78
332,Amanda Mckenzie,brookelarson@example.net,Burundi,2020-02-26,Basic,6776.38
333,Mary Kelly,morenosteven@example.org,Gibraltar,2025-01-05,Basic,3336.03
334,Valerie Ward,castrojames@example.net,Cambodia,2024-10-04,Standard,8632.96
335,Patrick Harrington,walter99@example.net,Venezuela,2022-07-07,Standard,1297.56
336,Trevor Russell,jonathan76@example.org,Slovenia,2021-08-27,Basic,9671.88
337,Bailey Flores,josephroberts@example.net,Antigua and Barbuda,2022-04-19,Premium,9384.04
338,Joan Hill,ifields@example.com,Norfolk Island,2023-11-14,Standard,6709.87
339,John Johnson,ybell@example.org,Hungary,2024-10-11,Basic,1635.72
340,Andrew Ross,iedwards@example.org,Mali,2020-07-18,Standard,2592.77
341,Victoria Lewis,jpowell@example.com,San Marino,2025-03-26,Standard,6972.73
342,Eric Ochoa,crystal43@example.org,Japan,2023-11-02,Basic,5511.46
343,Jason Herman,meyermichael@example.org,Chile,2022-08-29,Basic,7774.37
344,Jill Young,brianhopkins@example.org,Saint Helena,2023-09-27,Basic,6919.42
345,Mariah Simon,courtney12@example.com,Honduras,2025-05-15,Standard,9384.62
346,Jacob Morales,dustinharris@example.com,Puerto Rico,2023-10-09,Standard,2761.36
347,Alexandria Ross,atkinsondanny@example.com,Rwanda,2022-07-18,Basic,598.58
348,Mr. Ronald Fuller,qbrown@example.net,Syrian Arab Republic,2023-10-02,Standard,3739.19
349,Brandon Jackson,uvelez@example.net,Liechtenstein,2023-01-11,Premium,8601.00
350,Rachel Webster,christianherring@example.net,South Georgia and the South Sandwich Islands,2021-08-11,Basic,9491.44
351,Ashley Phillips,rmartinez@example.com,Eritrea,2023-02-21,Basic,3237.82
352,Kimberly Perry,carrollwesley@example.net,Bhutan,2025-02-13,Standard,9890.87
353,Gary Underwood,zroberts@example.org,Tajikistan,2021-10-19,Basic,2545.45
354,Todd Tucker,erin14@example.org,Bulgaria,2023-12-15,Standard,4778.10
355,William White DDS,lisa31@example.com,Seychelles,2022-03-17,Basic,5896.59
356,Donald Castillo,mlopez@example.com,Cyprus,2023-01-28,Standard,1003.41
357,Darrell Holmes,phillipsmichelle@example.org,Bermuda,2021-01-14,Basic,1964.76
358,David Sutton,becktracy@example.com,Slovenia,2025-11-28,Basic,9066.71
359,Kayla Yates,parkerjacob@example.net,Greece,2022-06-14,Standard,3489.26
360,Mrs. Amanda Love MD,michael01@example.net,Guam,2025-03-07,Basic,9967.24
361,Heather Marquez,regina36@example.com,Singapore,2023-06-25,Premium,8858.46
362,Joshua Booker,gtaylor@example.org,Cape Verde,2021-12-08,Basic,9025.78
363,Kyle Rivas,kimberlyhughes@example.org,Maldives,2021-08-22,Standard,3655.56
364,Devin Davis,heather13@example.org,Bosnia and Herzegovina,2024-05-16,Standard,1786.17
365,Amy Hughes,williammartinez@example.com,Central African Republic,2024-02-15,Premium,2193.20
366,Jennifer Morrison,marc80@example.com,Reunion,2024-03-09,Basic,4554.81
367,Michael Vasquez,rachel52@example.org,Austria,2025-09-16,Premium,2064.46
368,Brenda Johnson,donald61@example.com,Croatia,2025-08-03,Standard,7483.30
369,Jamie James,phillipsmelissa@example.net,Sri Lanka,2025-12-17,Standard,5310.81
370,Bryan Foster,browningcindy@example.com,Lesotho,2025-04-18,Standard,5384.53
371,Jessica Wong,valenzuelalydia@example.net,Cuba,2025-05-21,Standard,1202.77
372,Jason Bradford,butlermatthew@example.com,Trinidad and Tobago,2024-12-09,Basic,124.31
373,Lori Stevenson,nicoleortiz@example.net,Guinea,2025-10-11,Standard,2701.89
374,Charles Brown,ernestellison@example.org,Andorra,2021-08-28,Premium,7477.20
375,Joshua Fields,erivera@example.com,Ethiopia,2025-08-05,Standard,6460.40
376,Brian White,stevenwalker@example.org,Honduras,2020-10-29,Basic,6224.69
377,Wayne Everett,patriciaross@example.net,Saint Helena,2022-06-15,Basic,6614.41
378,Jennifer Gordon,john79@example.net,United Arab Emirates,2022-08-04,Standard,5480.20
379,Rhonda Richards,jasonmartinez@example.org,Paraguay,2020-02-19,Premium,4946.54
380,Jason Gordon,melissaturner@example.net,Cambodia,2020-01-15,Basic,2733.46
381,Angela Ellis,turnerjody@example.net,Norway,2020-12-31,Standard,6400.62
382,Raven Anderson,paulmccullough@example.net,Morocco,2020-10-03,Basic,1439.99
383,Alexis Reid,schroederadam@example.org,Comoros,2024-08-19,Basic,6919.39
384,Scott Williams,sheila01@example.net,Bahamas,2025-03-07,Basic,6963.36
385,Julia Miller DDS,shellyleonard@example.com,Pakistan,2021-01-12,Basic,3191.86
386,Kevin Ferguson,elizabeth98@example.org,Mozambique,2020-02-06,Standard,6419.12
387,Tracy Sullivan,cramirez@example.net,Eritrea,2020-02-16,Standard,7399.14
388,Reginald Walton,awatkins@example.com,Vanuatu,2023-01-02,Basic,8306.88
389,Theresa Owens,stephenrivera@example.net,Guyana,2023-02-22,Premium,4831.00
390,Gregory Barnett,saguirre@example.org,New Zealand,2020-01-11,Standard,2095.77
391,Johnny Roberts,porteramy@example.net,Finland,2025-02-12,Premium,8554.44
392,Veronica Osborne,johnsonsuzanne@example.org,Morocco,2021-08-09,Standard,8742.18
393,Doris Martin,figueroalaura@example.net,Antigua and Barbuda,2020-04-20,Basic,4828.16
394,Daniel Christian,robertokelly@example.com,Saint Helena,2024-09-01,Premium,4364.19
395,Leon Cunningham,twood@example.org,Armenia,2021-07-02,Standard,8336.94
396,Matthew Henson,tammybird@example.com,Saint Helena,2022-12-27,Premium,9491.93
397,Robert Serrano,jamessimmons@example.net,Kyrgyz Republic,2024-05-08,Premium,3855.88
398,Joe Torres,frobertson@example.com,Puerto Rico,2024-03-30,Standard,3150.46
399,Gary Cervantes,btownsend@example.net,Nicaragua,2022-08-07,Standard,4553.03
400,Gavin Barnes MD,fsanchez@example.com,Moldova,2020-05-05,Premium,3319.57
401,Ms. Deborah Wall,heathercompton@example.com,Puerto Rico,2022-04-29,Basic,4552.35
402,Catherine Myers,osanchez@example.org,Albania,2020-09-25,Standard,9862.75
403,Tina Diaz,patrickmiller@example.net,Turkey,2023-02-26,Basic,1296.65
404,Jamie Moyer,lgardner@example.net,Slovenia,2022-03-18,Standard,7571.94
405,Amy Cuevas,hsantos@example.org,Ecuador,2022-01-07,Standard,9369.13
406,Brian Whitehead,phester@example.org,Mexico,2025-07-03,Basic,5422.79
407,Meredith Castro,rpena@example.com,Niue,2020-07-17,Standard,55.30
408,Christina Moore,owest@example.net,Ethiopia,2023-06-19,Standard,7362.42
409,Glenda Mckee,jessicaowens@example.net,Tuvalu,2020-11-12,Basic,9576.20
410,Lisa Jones,whitneycynthia@example.org,Qatar,2022-08-25,Premium,9199.16
411,Michael Roberts,cynthiaallen@example.org,Suriname,2025-01-04,Basic,7349.92
412,Monica Hopkins,livingstonsusan@example.org,Ukraine,2022-10-24,Premium,6000.39
413,Justin Stevens,fernandeznancy@example.com,Cambodia,2023-11-07,Standard,8375.52
414,Mrs. Laura Charles,chunt@example.net,Jersey,2023-07-25,Standard,7200.93
415,Lisa Jordan,michele33@example.net,Australia,2024-12-13,Basic,7957.23
416,Melissa Hall,vmckee@example.org,Romania,2024-11-26,Basic,2755.66
417,Heather Adams,kristen40@example.com,Afghanistan,2021-02-12,Basic,4621.30
418,Lisa Torres,joseph29@example.com,Christmas Island,2021-09-10,Standard,8730.83
419,Stacy Le,bennettashley@example.net,Dominican Republic,2021-08-02,Standard,8670.21
420,Mallory Lee,monicadaniels@example.org,Estonia,2024-08-27,Premium,8159.79
421,Samantha Giles,jmorrison@example.net,Antarctica (the territory South of 60 deg S),2022-05-25,Standard,9092.50
422,Eric Hughes,browningjoseph@example.net,Oman,2023-10-23,Basic,2030.50
423,Alexandra Rice,yrojas@example.org,Antigua and Barbuda,2025-07-22,Standard,7448.44
424,Amber Williams,carol14@example.com,Venezuela,2022-09-04,Basic,9472.73
425,Adam Evans,lori05@example.org,Guinea-Bissau,2022-10-06,Premium,6379.71
426,Mark Ryan,fpena@example.net,Sri Lanka,2025-12-17,Standard,8015.95
427,Lindsay Scott,reyesjonathan@example.net,Pakistan,2022-11-01,Basic,6620.32
428,Justin Peterson,hollyperez@example.net,Anguilla,2021-04-05,Standard,8540.20
429,Stacey Chandler,bdixon@example.org,Marshall Islands,2020-06-09,Premium,5668.67
430,Daniel Gross,nphillips@example.net,Slovenia,2023-01-14,Premium,5135.34
431,Rhonda Newton,fcrosby@example.org,Zimbabwe,2023-03-15,Premium,3407.55
432,Anna Vega,lisa02@example.org,Wallis and Futuna,2022-04-02,Premium,6843.43
433,Stacie Baldwin,qkidd@example.org,Denmark,2025-07-10,Basic,4216.29
434,Jeremy Blevins,holly79@example.com,Botswana,2023-11-17,Premium,3974.77
435,Eric Brooks,romeropeter@example.com,Christmas Island,2023-07-11,Premium,1747.90
436,Ronald Green,jason55@example.net,Swaziland,2022-03-02,Premium,2594.41
437,Dawn Reyes,contrerasbrent@example.com,Taiwan,2024-01-18,Premium,7091.39
438,Keith Winters,raymondmckay@example.net,Thailand,2025-12-22,Standard,8.92
439,Christopher Hendricks,daniel07@example.org,Falkland Islands (Malvinas),2023-11-01,Basic,686.78
440,Randy Sanders,haynesleah@example.net,Uganda,2021-09-27,Standard,9074.05
441,Donna Adams,travisfarrell@example.com,Russian Federation,2022-05-03,Basic,3689.55
442,Sara Freeman,martinezjennifer@example.org,Poland,2025-09-12,Basic,6993.65
443,Thomas Erickson,kylejimenez@example.net,South Georgia and the South Sandwich Islands,2021-02-11,Basic,8699.25
444,Kaylee Singh,cmurray@example.org,Swaziland,2022-03-09,Standard,9807.51
445,Kristen Cooper,turnerphillip@example.com,Libyan Arab Jamahiriya,2025-02-06,Basic,8472.72
446,Patricia Poole,wandahanna@example.com,Bangladesh,2023-12-26,Standard,6975.46
447,Sabrina Parsons,juliawells@example.net,Faroe Islands,2021-07-18,Standard,787.33
448,Ronald Ford,lauren72@example.org,Germany,2024-03-06,Premium,9261.29
449,Ana Dawson,courtneyrobinson@example.net,India,2021-04-10,Premium,4720.19
450,Peter Harris,trobinson@example.org,Denmark,2020-04-26,Basic,575.85
451,Robert Nguyen,villegaslindsay@example.org,Azerbaijan,2023-07-17,Standard,9843.04
452,Sandra Thomas,hholland@example.org,Singapore,2020-12-25,Standard,9538.76
453,Danielle Carpenter,jeffreylarson@example.org,Seychelles,2023-09-29,Basic,7433.17
454,James Yu,summerslarry@example.net,Palau,2023-02-01,Basic,2835.09
455,Deborah Wells,kimberly70@example.net,Falkland Islands (Malvinas),2023-09-05,Standard,4136.62
456,Michael Harrison,christinewhite@example.net,Monaco,2022-05-15,Standard,8437.05
457,Angela Morrison,walter60@example.org,Mauritius,2021-12-21,Standard,7303.59
458,Laura Meyer,qgonzalez@example.org,Saint Kitts and Nevis,2021-04-18,Standard,208.81
459,Dr. Jeremy Moore DDS,moonwilliam@example.com,British Virgin Islands,2021-10-07,Standard,6905.07
460,Tina Patel,iporter@example.org,Timor-Leste,2022-12-22,Standard,7795.74
461,Daniel Davis,zshaw@example.com,Antigua and Barbuda,2025-02-27,Standard,3383.19
462,Cody Wong,avargas@example.org,Turkey,2020-10-20,Standard,4435.00
463,Joseph Gonzalez,james12@example.net,Mauritius,2025-06-28,Standard,5444.41
464,Jennifer Navarro,wwilkerson@example.com,Central African Republic,2024-09-28,Premium,3698.04
465,Michele Collins,christina86@example.org,Cote d'Ivoire,2022-08-12,Basic,3338.69
466,Tyler Ellis,rodneyortiz@example.com,South Georgia and the South Sandwich Islands,2023-01-10,Standard,8908.77
467,Cheryl Rivera,dwoods@example.org,Turkey,2021-04-22,Basic,7956.80
468,Jennifer Welch,othomas@example.com,Tokelau,2020-10-11,Standard,8450.03
469,Cynthia Larson,qholloway@example.com,Latvia,2025-03-28,Standard,2073.44
470,Stephanie Lindsey,ehoffman@example.com,Christmas Island,2020-06-05,Standard,5427.23
471,Joseph Mason,mcaldwell@example.org,Armenia,2025-07-31,Premium,4823.22
472,Mr. Michael Harris PhD,rchen@example.org,Belize,2021-02-28,Standard,4620.68
473,Diana Roberson,roberthughes@example.org,Wallis and Futuna,2021-11-03,Standard,6350.03
474,Devin Martin,cthomas@example.net,San Marino,2025-05-21,Standard,9185.19
475,Janet Bailey,uhiggins@example.org,Moldova,2022-02-27,Standard,7998.68
476,James Cummings,angelaturner@example.net,Tuvalu,2022-02-13,Standard,4822.76
477,David Jones,taylortimothy@example.net,Singapore,2025-05-14,Basic,2460.80
478,Paula Collins,steven18@example.org,Colombia,2022-07-25,Standard,3328.36
479,Anne Cox,boydmatthew@example.net,Costa Rica,2023-08-17,Standard,4162.45
480,Jacob Perez,jonesleah@example.com,Iceland,2022-03-29,Premium,7893.72
481,Evan Taylor,amber02@example.com,Mayotte,2021-12-14,Standard,6926.90
482,Vanessa Holland,melissa05@example.org,South Georgia and the South Sandwich Islands,2023-02-15,Standard,2861.26
483,Brent Gardner,evelynthompson@example.com,Singapore,2025-10-23,Standard,621.92
484,Tammy Cox,carolsantiago@example.net,Angola,2021-11-08,Basic,5093.00
485,Michael Montgomery,loripena@example.com,Congo,2020-10-15,Standard,6370.91
486,Shane Herrera,uwilson@example.org,Bahamas,2024-06-07,Standard,4023.77
487,Amy Smith,gregory43@example.org,Madagascar,2020-06-15,Basic,7232.75
488,Deborah Douglas,krobles@example.org,Moldova,2024-05-27,Standard,8707.25
489,Jeffrey Daugherty,greendavid@example.org,Nicaragua,2025-01-28,Premium,3157.06
490,Brendan Jensen,catherine56@example.net,Nauru,2024-05-07,Standard,9962.40
491,Paul Rivera,ajuarez@example.com,Bouvet Island (Bouvetoya),2023-05-17,Standard,3756.81
492,Andrea Martin,lopezelijah@example.com,New Zealand,2025-12-07,Standard,4471.88
493,Lawrence Velez,rojaskaren@example.com,Bhutan,2024-07-15,Standard,8381.39
494,Megan Cox,dustincherry@example.com,El Salvador,2025-10-12,Standard,9726.51
495,Valerie Shaw,hernandezkayla@example.com,Bahrain,2024-10-28,Standard,4326.74
496,Blake Jones,gibbsmichael@example.com,Guinea,2020-02-04,Basic,2300.02
497,Johnathan Turner,velasquezmitchell@example.org,Norway,2020-12-22,Premium,4198.32
498,Angela Miller,ashley85@example.org,Mozambique,2021-03-03,Basic,3202.58
499,Deanna Scott,tschultz@example.org,Botswana,2023-11-06,Standard,9569.88
500,Brian Mitchell,underwoodruben@example.org,Central African Republic,2024-02-09,Basic,4534.52
501,Jason Navarro,elizabeth49@example.com,Bhutan,2023-08-22,Premium,3553.94
502,Dillon Winters,patrickmiller@example.net,Paraguay,2021-02-28,Premium,2693.38
503,Kelsey Rodriguez,douglascheryl@example.net,Antarctica (the territory South of 60 deg S),2023-08-31,Standard,5879.00
504,Karen Anthony,paula80@example.com,Uruguay,2020-12-02,Standard,9400.59
505,Jason Osborn,megan89@example.com,Guatemala,2021-07-26,Standard,6950.31
506,Alexis Lopez,dmanning@example.org,Tanzania,2025-03-14,Standard,5062.78
507,Christian Lopez,zdavis@example.org,Guinea,2024-10-30,Standard,7510.02
508,Anthony Campbell,fdouglas@example.com,India,2025-07-19,Premium,2426.96
509,Sean West,fcook@example.net,Martinique,2021-09-14,Standard,4276.49
510,Kim Mathis,jacksonfaith@example.net,Taiwan,2020-04-04,Basic,4016.15
511,David Daniels,andrewrussell@example.org,France,2025-08-12,Premium,8519.14
512,Natasha Spencer,wilkinsonsabrina@example.com,Guyana,2025-05-05,Basic,5826.49
513,Brittany Thomas,terrilawrence@example.org,Albania,2020-03-01,Basic,3321.77
514,Stephen Peters,sergio69@example.org,Haiti,2020-12-13,Basic,5067.52
515,Mrs. Jordan Harris,lisa99@example.com,Mexico,2025-05-17,Premium,4127.50
516,Daryl Valencia,jonesrobert@example.org,Pakistan,2021-07-04,Premium,3849.69
517,Todd Myers,powersjustin@example.org,Madagascar,2023-09-18,Standard,8456.82
518,Maria Horton,smithcarrie@example.net,Iceland,2025-03-17,Standard,1600.55
519,Tricia Houston,westchristine@example.com,Dominica,2020-10-02,Standard,7559.44
520,Daniel Farrell,rebecca46@example.net,Malaysia,2024-11-06,Premium,5898.00
521,Michael Hartman,lleonard@example.net,United Arab Emirates,2025-10-19,Basic,1239.55
522,Cynthia Williams,pmorales@example.net,Angola,2025-06-05,Standard,2925.32
523,Patricia Gamble,ugutierrez@example.com,Slovakia (Slovak Republic),2025-03-28,Standard,5010.28
524,Robert Lopez,frankreeves@example.net,Turks and Caicos Islands,2024-10-23,Standard,4324.98
525,Pamela Weber,farleyangela@example.net,Armenia,2022-06-10,Basic,6921.92
526,Christine Arroyo,traci07@example.net,Germany,2023-12-20,Standard,6295.15
527,Alyssa Sanders,nicholasjohnson@example.org,New Zealand,2020-07-14,Premium,5976.07
528,Katrina Mack,youngjames@example.org,Turks and Caicos Islands,2021-03-24,Standard,6018.16
529,Debbie Quinn,garrettdavis@example.com,Vietnam,2021-04-10,Standard,254.22
530,Samantha Rodgers,edward95@example.org,Brunei Darussalam,2023-11-16,Standard,6790.70
531,Joseph Ramos,kelly97@example.net,Honduras,2024-02-11,Basic,5564.76
532,Laura Edwards DVM,hernandezjose@example.com,Equatorial Guinea,2024-04-14,Standard,9224.03
533,Tina Wilcox,wsmith@example.org,United Kingdom,2024-05-27,Standard,6601.35
534,Jeffrey Mcclain,ronald27@example.com,Heard Island and McDonald Islands,2022-12-13,Premium,1095.06
535,Katherine Kelley,scurtis@example.com,Korea,2025-04-17,Standard,2038.13
536,Deborah Edwards,brett40@example.net,Mozambique,2021-12-15,Standard,1323.90
537,Karen Mann,daniel52@example.org,Cote d'Ivoire,2024-01-06,Basic,5290.85
538,Jessica Ho DDS,dixonjason@example.com,Korea,2025-05-17,Basic,5920.38
539,Pamela Watson,fdominguez@example.com,Mexico,2023-07-14,Basic,8368.63
540,Erika Lane,cristina32@example.net,Kyrgyz Republic,2025-07-17,Standard,2112.76
541,Ryan Ruiz,larrymorgan@example.org,Botswana,2022-08-29,Basic,1897.26
542,Robert Alexander,christopher47@example.net,North Macedonia,2021-10-23,Premium,6368.20
543,Douglas Alexander,michaellopez@example.com,Pakistan,2025-03-10,Premium,3334.21
544,Stephanie Smith,sheltonsteve@example.com,Isle of Man,2021-07-21,Premium,2504.24
545,Stephen Fritz,kennedyjames@example.org,Guernsey,2021-04-04,Standard,1391.00
546,John Thomas,nancymontgomery@example.org,Algeria,2022-03-03,Standard,4180.98
547,Joshua Miller,jerry59@example.org,Nicaragua,2021-03-19,Standard,1887.98
548,Dominique Liu,juanmarquez@example.net,Switzerland,2020-12-05,Standard,3317.23
549,Joel Garcia,morrisonoscar@example.org,Guernsey,2024-11-12,Standard,7093.43
550,Theresa Green,veronica75@example.org,Moldova,2025-01-10,Basic,1460.18
551,Michael Wong,danielkirby@example.org,Saint Vincent and the Grenadines,2024-08-25,Basic,4938.63
552,Dawn Freeman,cynthia64@example.com,Turkmenistan,2025-07-06,Standard,6778.03
553,Lindsey Herrera,xhuff@example.net,Lebanon,2025-12-26,Premium,1827.91
554,Michael Henderson,wodonnell@example.org,Pitcairn Islands,2020-05-04,Standard,2237.18
555,Ashley Ford,williamsvictoria@example.com,Mauritius,2024-04-03,Standard,8858.22
556,Douglas Carter,wli@example.org,Kyrgyz Republic,2023-06-30,Basic,8779.81
557,Nicholas Cross,ifrost@example.org,Sri Lanka,2021-07-17,Standard,7023.03
558,Mr. Robert Key Jr.,vgrant@example.org,Brunei Darussalam,2020-07-29,Premium,8543.77
559,Brian Campos,donna80@example.net,Bosnia and Herzegovina,2023-07-17,Basic,8295.47
560,Rebecca Knight,catherine95@example.org,Morocco,2021-11-04,Premium,9284.92
561,John Garrett,clintonhoover@example.org,Cayman Islands,2022-02-16,Basic,8249.40
562,Nicole Smith,robert92@example.org,India,2022-12-06,Standard,8907.03
563,Catherine Potter,perezcharles@example.com,Isle of Man,2025-05-22,Standard,2182.53
564,Mrs. Gina Harris,nathan41@example.net,Zambia,2023-02-02,Standard,8943.75
565,Laurie Bell,boothbrett@example.com,Montserrat,2022-01-04,Standard,5167.13
566,Amber Fuller,nrobinson@example.com,Mozambique,2022-07-18,Premium,5461.78
567,Andrew Kelly,eking@example.com,Reunion,2023-04-18,Standard,5143.72
568,April Coleman,xhaynes@example.net,San Marino,2023-03-11,Standard,8658.80
569,Linda Chavez,nsandoval@example.net,Mexico,2025-04-21,Standard,9711.80
570,Dale Taylor,jackie78@example.net,Ghana,2022-11-24,Premium,8213.00
571,Kiara Thompson,fisheranthony@example.com,Guinea,2022-08-27,Premium,8981.35
572,Julie Miller,gbrown@example.net,United Kingdom,2021-05-30,Standard,9113.14
573,Amber Hall,angelareid@example.com,Northern Mariana Islands,2023-09-20,Basic,9207.07
574,Michelle Williams,justinallen@example.org,Portugal,2020-01-17,Premium,8127.29
575,Faith Miranda,larry06@example.net,Pakistan,2023-04-12,Standard,4843.66
576,Brian Hall,jeffjones@example.net,Turkmenistan,2023-05-25,Basic,7697.98
577,Cindy Bishop,lopeztammie@example.org,Dominican Republic,2025-11-14,Standard,3623.59
578,Cynthia Ramos,awheeler@example.org,Saint Martin,2020-11-28,Premium,331.94
579,Jessica Lane,joannaford@example.net,Greenland,2020-04-29,Premium,3696.04
580,Adrienne Johnson,alexandercameron@example.com,Northern Mariana Islands,2023-02-14,Premium,2179.85
581,David Yang,linda35@example.org,Morocco,2023-09-16,Standard,7639.50
582,Tammy Campbell,sstewart@example.org,China,2021-06-13,Premium,730.90
583,Catherine Patel,ricardoweeks@example.org,Belgium,2020-03-14,Standard,6063.29
584,Jennifer Martinez,justinmejia@example.net,Bahamas,2025-10-26,Premium,7738.41
585,Daniel Sanchez,kellyreilly@example.com,Myanmar,2023-03-08,Basic,508.54
586,John Ross,arthurgilmore@example.net,Tajikistan,2020-12-13,Standard,8475.49
587,Jessica Guerrero,fwelch@example.com,Argentina,2021-08-04,Basic,821.44
588,Julie Chang,greenjennifer@example.net,Congo,2020-12-06,Premium,7694.09
589,Charles Rose,julieramos@example.net,Somalia,2020-12-18,Standard,1997.73
590,Timothy Mcgee,jasmine85@example.com,Haiti,2023-10-27,Standard,4979.02
591,Christina Dennis,lukewatson@example.com,Belarus,2023-09-17,Premium,3991.05
592,Patrick Jackson DDS,karen54@example.net,French Southern Territories,2020-04-02,Premium,4617.41
593,John Stanley,kmcgee@example.org,India,2022-10-29,Standard,1762.53
594,Nathan Morales,tross@example.net,Belize,2023-06-15,Standard,7231.82
595,Brian King,stephen57@example.org,Saint Lucia,2021-04-19,Standard,7442.95
596,Ralph Jones,shawn95@example.org,Benin,2025-10-07,Premium,8455.10
597,Jill Hernandez,williamsleah@example.com,Bahrain,2023-07-05,Basic,788.87
598,Sarah Nguyen,tricia99@example.org,Central African Republic,2023-02-18,Standard,4328.72
599,Martin Valdez,timothy51@example.com,Faroe Islands,2021-10-25,Standard,1670.18
600,Megan Smith,joneskatie@example.net,Kyrgyz Republic,2020-12-23,Standard,4669.94
601,Jonathan Sparks,timothyharris@example.net,Bangladesh,2025-08-12,Basic,8203.66
602,Connie Garcia,hneal@example.org,Chile,2023-09-18,Premium,6989.04
603,Randy Reynolds,diazaaron@example.com,Sudan,2022-10-07,Premium,7211.55
604,Tanya Duarte,bharrison@example.com,Paraguay,2021-07-27,Basic,8949.95
605,Jeremy Sherman,banderson@example.org,Finland,2022-11-07,Basic,6049.97
606,Emily Cabrera,racosta@example.net,Slovenia,2021-06-04,Basic,104.39
607,Nathan Davidson,danielle22@example.org,Saint Helena,2024-12-14,Premium,9298.33
608,Joshua Peterson,dyoung@example.com,Belarus,2020-11-02,Premium,8287.58
609,Samantha Harris,bridgesjennifer@example.com,French Polynesia,2020-04-01,Basic,4136.79
610,Allison Lee,carol01@example.net,Bhutan,2021-06-30,Premium,7021.01
611,Karen Holmes,stevenharrell@example.com,Zambia,2021-06-17,Standard,7022.94
612,Beth Jones,bakerangela@example.org,Guernsey,2020-03-15,Standard,1556.18
613,Alan Campbell,schandler@example.org,Uruguay,2020-12-05,Standard,4245.31
614,Scott Edwards,robertshea@example.org,Mali,2020-09-05,Standard,8429.34
615,Brenda Olson,rossandrew@example.com,Holy See (Vatican City State),2020-12-28,Standard,8972.74
616,Mathew Hood,brittneydaugherty@example.org,Belarus,2024-04-25,Basic,3543.28
617,Ethan Montgomery,lawrence65@example.org,Guernsey,2024-02-12,Basic,6321.77
618,Ashley Powell,martinezwilliam@example.org,Serbia,2022-05-07,Basic,8895.34
619,Kyle Goodwin,rodriguezmary@example.org,Canada,2023-06-05,Standard,1226.41
620,Jeffrey Keller,sara56@example.org,Turkmenistan,2021-01-16,Standard,6104.17
621,Cathy Aguilar,cameronfoster@example.net,Eritrea,2024-10-01,Standard,1304.44
622,Joy David,paulbrady@example.net,Djibouti,2025-09-29,Basic,7536.85
623,Barbara Sanchez,michaelcross@example.org,Uganda,2025-06-28,Basic,7986.83
624,Marisa Glover,megan85@example.org,Congo,2021-07-22,Standard,9990.74
625,William Smith,jason62@example.net,Moldova,2021-10-05,Basic,4525.26
626,Timothy Welch,brianperez@example.org,Ukraine,2025-09-02,Basic,4338.29
627,Andrew Sanchez,charris@example.org,Kazakhstan,2023-02-18,Standard,7158.97
628,Edward Williams,gina95@example.org,Cuba,2025-12-02,Standard,6430.41
629,John Sampson,darlene01@example.org,Cocos (Keeling) Islands,2023-09-24,Basic,843.66
630,Joseph Castro,mjohnson@example.com,Gabon,2020-05-04,Standard,637.00
631,Amanda Martinez,michaelmyers@example.org,Switzerland,2021-08-11,Premium,1470.41
632,John Randolph,lindaharris@example.org,Venezuela,2022-01-02,Basic,5694.64
633,Heather Diaz,michaelpollard@example.net,Myanmar,2022-11-20,Premium,1470.75
634,Nathan Fisher,goodmanmichael@example.com,Turks and Caicos Islands,2024-04-28,Basic,4566.02
635,Christine Wallace,phillipsconnor@example.com,British Indian Ocean Territory (Chagos Archipelago),2023-05-20,Standard,4589.06
636,Jason Bailey,crawfordtara@example.org,Cayman Islands,2025-09-13,Basic,9552.12
637,Heidi Ramirez,brownsusan@example.com,Suriname,2021-05-07,Basic,4940.12
638,Allison Serrano,jensenmary@example.net,Guatemala,2023-11-10,Premium,1294.47
639,Terry Merritt,ramosjames@example.org,Ecuador,2022-05-21,Standard,8506.72
640,Kelly Jones,floresjanice@example.org,Belarus,2025-07-31,Standard,7533.49
641,Jordan Beck,jacqueline21@example.net,Macao,2023-02-21,Standard,7324.91
642,Troy Stafford,gbailey@example.net,Montenegro,2025-10-04,Premium,6547.35
643,Amanda Harper,vstokes@example.org,French Polynesia,2025-06-20,Standard,3684.14
644,Lynn Dalton,fcharles@example.net,Afghanistan,2021-12-01,Basic,9965.06
645,Alicia Coleman,glovermatthew@example.com,Finland,2025-11-14,Standard,7087.46
646,James Williams,david30@example.com,Belgium,2024-03-27,Standard,312.46
647,Gregory Horne,umartinez@example.net,Botswana,2021-10-02,Premium,4509.35
648,Andrew Clark,eatonjoseph@example.com,Brazil,2025-06-17,Standard,6648.89
649,Karen Castro,marcus08@example.com,Equatorial Guinea,2021-06-14,Standard,3061.24
650,Richard Gallagher,lindsay34@example.net,Slovakia (Slovak Republic),2022-01-18,Standard,1052.29
651,Penny Oneill,wandagross@example.net,Tajikistan,2025-07-18,Standard,559.75
652,Ronald Valenzuela,justindorsey@example.com,Heard Island and McDonald Islands,2020-12-10,Basic,7663.67
653,Kelsey Frost,frankcline@example.org,Tanzania,2020-01-27,Standard,7644.98
654,Dustin Parks,debra72@example.com,Botswana,2022-06-16,Basic,4148.19
655,William Sharp,rporter@example.com,Saint Pierre and Miquelon,2023-07-08,Standard,4576.76
656,Matthew Haas,jessica47@example.com,Algeria,2022-02-05,Basic,2374.09
657,Lauren Cohen,rodriguezshirley@example.com,China,2021-08-26,Standard,595.03
658,Mary Welch,roymarissa@example.com,Ghana,2023-10-12,Standard,9696.06
659,Brian Booth,shepherdkimberly@example.com,Rwanda,2022-06-28,Premium,2175.20
660,Tom Bridges,sgarrison@example.net,British Virgin Islands,2022-07-28,Premium,827.67
661,Katrina Washington,christopher22@example.net,Bhutan,2022-07-14,Standard,8694.94
662,Amy Fuller,oedwards@example.net,Uzbekistan,2025-11-20,Standard,1351.80
663,Sara Fernandez,owensmichele@example.com,Paraguay,2020-06-24,Basic,5678.33
664,Danielle Snow,yrocha@example.net,Rwanda,2023-11-11,Premium,4789.53
665,John Atkins,antonio75@example.net,Uzbekistan,2024-11-08,Premium,185.43
666,John Page,ymays@example.com,Bermuda,2020-06-26,Premium,7403.05
667,Carol Phillips,janet16@example.com,Singapore,2024-11-15,Basic,2270.66
668,Linda Howard,jacksonlopez@example.com,Montserrat,2022-01-28,Basic,309.66
669,Wanda Armstrong,wendy02@example.org,Sudan,2024-03-10,Standard,6583.18
670,Matthew Johnston,ashleyyoung@example.net,Qatar,2022-06-23,Premium,9089.07
671,Bradley Duncan,michele53@example.org,Norway,2020-03-01,Basic,3467.12
672,Lindsay Hanson,zschwartz@example.org,Namibia,2025-09-02,Premium,3264.03
673,Stephen Richmond,carol92@example.net,Myanmar,2022-03-25,Standard,4511.80
674,Dana Ortiz,knightkeith@example.org,Jordan,2022-05-31,Premium,925.45
675,Alicia Miller,rachel13@example.org,Wallis and Futuna,2023-10-01,Standard,561.16
676,Jessica Schmitt,ashley33@example.com,Saint Lucia,2022-08-07,Basic,8433.20
677,Melissa West,william26@example.org,Nauru,2025-08-28,Standard,4132.44
678,Bryan Austin,myersjoseph@example.org,Chile,2023-06-30,Standard,6790.41
679,Tammy Jackson,ferrellraymond@example.org,New Zealand,2020-04-21,Basic,1223.21
680,Vanessa Richmond,katrinawalters@example.com,British Indian Ocean Territory (Chagos Archipelago),2020-07-12,Basic,608.22
681,Janet Wilson,adam17@example.org,Fiji,2024-03-03,Basic,9639.57
682,Paul Martin,john98@example.net,Papua New Guinea,2022-01-31,Standard,9577.48
683,Alexa Brown,youngjared@example.org,Italy,2023-05-19,Standard,8960.20
684,Anthony Evans,rchen@example.org,Liberia,2022-02-06,Basic,6078.96
685,Tonya Martinez,luis27@example.org,Kenya,2024-01-22,Premium,2870.42
686,Patrick Ellison,yrodriguez@example.com,Burkina Faso,2022-08-23,Basic,8420.81
687,Micheal Ayala,amandamcgee@example.org,Korea,2023-01-07,Standard,1380.23
688,Benjamin David,cheryl42@example.com,United Arab Emirates,2021-09-01,Premium,5235.18
689,Alexis Cross,hsanchez@example.org,Vietnam,2023-05-19,Basic,8244.38
690,Chase Garcia,vbradford@example.com,Korea,2021-10-04,Standard,4708.92
691,Robert Mays,timhill@example.net,Pitcairn Islands,2021-11-20,Standard,1328.13
692,Madison Wu,sanfordsharon@example.com,Germany,2021-06-10,Standard,4955.98
693,Leonard Wiggins,danielhawkins@example.net,United States Minor Outlying Islands,2020-09-16,Standard,4389.58
694,Martin Hicks,xmyers@example.com,Malawi,2025-02-16,Basic,9411.61
695,Stephanie Curry,nnorman@example.com,Argentina,2025-03-04,Standard,3917.19
696,Darrell Vaughan,hudsonashley@example.org,Switzerland,2024-08-09,Basic,9777.39
697,Ethan Snyder,nicole81@example.net,Saint Pierre and Miquelon,2025-12-05,Standard,1873.69
698,Elizabeth Mccoy,matthewfrazier@example.net,Vanuatu,2022-11-29,Standard,281.01
699,James Morrow,cbrown@example.org,Togo,2021-08-05,Standard,1705.43
700,Cameron Thompson,robin26@example.net,Central African Republic,2020-08-09,Premium,3388.50
701,Eric Lee,jenna57@example.net,Cuba,2023-09-21,Standard,5928.67
702,Eric Harmon,jeffreyjones@example.com,Djibouti,2022-07-15,Basic,8814.64
703,Kim Cummings,anachristian@example.net,Malta,2020-02-11,Standard,8888.04
704,Sean Giles,dudleymartin@example.net,Mauritius,2020-10-27,Standard,3061.37
705,Rachael Miller,gibsonlori@example.net,Kiribati,2023-04-10,Standard,3604.83
706,Katherine Williams,holtseth@example.net,Syrian Arab Republic,2022-05-30,Standard,2885.58
707,Amy Miller,amandawalter@example.org,Tanzania,2020-01-19,Premium,5304.89
708,Heather Jackson,derrickthomas@example.org,Christmas Island,2024-03-27,Standard,4516.65
709,Jeremy Perez,jenniferdavis@example.com,United States of America,2022-05-13,Basic,516.54
710,James Jacobs,williskenneth@example.org,Taiwan,2020-08-30,Standard,633.20
711,Jesse Jenkins,natashacrawford@example.net,Moldova,2025-01-03,Basic,3294.48
712,Casey Newman,hicksjennifer@example.net,Cape Verde,2021-02-03,Standard,3294.47
713,Matthew Rowe,westsheryl@example.com,Mexico,2021-08-16,Standard,668.76
714,Benjamin Lewis,derek38@example.net,Turkey,2023-12-05,Basic,8464.17
715,Tim Green,xdavis@example.org,Madagascar,2025-09-09,Basic,4002.72
716,Stephen Garrett,johnsonnicholas@example.com,Brunei Darussalam,2020-12-30,Standard,4688.23
717,Sandra Aguirre,wellskelsey@example.com,Netherlands Antilles,2024-08-23,Basic,8301.05
718,Nicole Miller,thompsonmichelle@example.com,Kyrgyz Republic,2024-02-24,Premium,4391.58
719,Bonnie Melton,josephchase@example.org,United Arab Emirates,2024-05-01,Basic,972.53
720,Nichole Richardson,stephenhammond@example.org,Eritrea,2021-09-25,Standard,3433.96
721,Jean Collins,annaholmes@example.com,Guatemala,2020-07-05,Standard,9090.37
722,Alex Browning DDS,ntrevino@example.net,Seychelles,2021-09-04,Standard,2220.19
723,Christopher Garcia,goodmannicole@example.net,Nicaragua,2022-08-30,Standard,2721.84
724,Brian Orr,cookelori@example.net,Benin,2023-07-26,Standard,4336.92
725,Jeremy Dunn,raymond95@example.com,Central African Republic,2021-03-18,Basic,8971.65
726,Bryan Hicks,yhoward@example.com,Dominica,2020-06-24,Standard,1429.06
727,Paul Haynes,teresa17@example.org,Malta,2024-03-02,Basic,2084.77
728,Steven Gardner,oware@example.org,Belgium,2020-06-16,Basic,8377.51
729,Adam Blake,msawyer@example.net,Comoros,2020-05-01,Standard,8358.19
730,Tommy Lopez,pmorrison@example.net,Iceland,2024-06-01,Basic,1708.14
731,Mary Coleman,christianhale@example.com,British Virgin Islands,2021-02-17,Basic,5637.11
732,Ernest Stone,beckcraig@example.org,Pakistan,2023-11-11,Standard,3560.10
733,David Henson,cphelps@example.com,French Guiana,2024-06-20,Basic,867.99
734,Rachel Alvarez,qbaxter@example.net,Sudan,2024-05-15,Basic,1993.53
735,Jeffrey Hampton,nicolemcbride@example.com,Saint Kitts and Nevis,2021-07-29,Basic,3318.46
736,Donald Neal,fstewart@example.com,Norfolk Island,2020-12-07,Basic,778.34
737,Kathy Jones,samuellee@example.org,Tunisia,2023-02-01,Basic,4483.29
738,Erica Decker,devinmccall@example.org,Cocos (Keeling) Islands,2024-11-09,Standard,5855.10
739,Walter Schwartz,mejiajustin@example.net,Kuwait,2020-09-04,Basic,175.42
740,Katie Crawford DDS,jesserobles@example.net,Senegal,2020-12-21,Premium,3132.52
741,Christopher Morrison,yustacy@example.net,Anguilla,2023-01-08,Standard,5875.33
742,Diane Ward,ycolon@example.org,Ecuador,2023-12-07,Basic,8294.73
743,Michelle Jackson,theodorehopkins@example.net,Brunei Darussalam,2022-08-11,Basic,996.91
744,Chris Andrews,avilalauren@example.com,Somalia,2023-05-23,Basic,8539.51
745,Jared Castillo,wdavis@example.com,Kenya,2025-01-20,Basic,915.06
746,Nicholas Cooper,xscott@example.net,Seychelles,2023-09-17,Standard,1308.91
747,Lisa Martin,stevenstewart@example.net,Sudan,2020-07-14,Standard,2383.86
748,Nicole Johnson MD,ramirezbenjamin@example.org,Bahamas,2021-04-27,Basic,406.13
749,Ms. Leslie Allen MD,steven39@example.org,Samoa,2023-01-21,Standard,9022.47
750,Valerie Neal,egordon@example.com,Cameroon,2024-08-27,Basic,1621.96
751,Robert Harris,jane36@example.com,Colombia,2025-08-09,Standard,7483.52
752,Elizabeth Quinn,ariaslaura@example.net,Marshall Islands,2021-09-01,Premium,2374.45
753,Karen Martinez,patriciashields@example.com,Kyrgyz Republic,2025-02-14,Basic,7415.34
754,Ronald Ramirez,hannah91@example.org,Lithuania,2023-10-31,Premium,2063.37
755,Veronica Gallagher,claire13@example.org,Kiribati,2020-08-01,Premium,1331.75
756,Michael Rivera,shane29@example.com,Kenya,2021-06-16,Premium,313.42
757,Bryan Flores,iwilliams@example.org,Gibraltar,2020-08-20,Standard,5875.20
758,Michaela Gill,michele23@example.com,Jordan,2020-01-16,Standard,3454.23
759,Howard Austin,contreraslisa@example.com,Mauritius,2025-01-25,Standard,8236.71
760,Debra Lane,pettyheather@example.com,Ghana,2020-02-25,Standard,1739.61
761,Heather White,lawsonashley@example.org,Niger,2024-11-24,Standard,7767.43
762,Robert Simon,wjohnson@example.org,Cayman Islands,2020-01-17,Premium,1647.01
763,Timothy Anderson,npatterson@example.org,Suriname,2023-03-01,Basic,6169.95
764,Donald Carpenter,xfrost@example.net,Bulgaria,2023-08-13,Premium,7097.99
765,Jessica Williams,shieldszachary@example.net,Myanmar,2024-10-19,Standard,7676.80
766,Jessica Walker,paula12@example.com,Denmark,2024-04-08,Basic,7633.16
767,Jessica Jordan,agutierrez@example.com,Finland,2025-05-08,Basic,9099.00
768,Mr. William Peterson,,Fiji,2020-08-08,Premium,9176.39
769,Nathan Patel,austinbond@example.org,Zambia,2024-02-06,Standard,4239.10
770,Amanda Hendricks,julia58@example.org,Ethiopia,2020-11-03,Standard,5767.14
771,Kirk Hansen,christinascott@example.net,Ecuador,2025-08-07,Standard,8563.33
772,Robert Miller,autumnmoore@example.org,Palau,2025-02-14,Standard,5212.20
773,Clarence Miller,bautistalisa@example.com,Germany,2021-03-12,Standard,3407.03
774,Alan Reese,scottcollins@example.org,Moldova,2023-01-26,Standard,870.72
775,Maria Jimenez,smithmichael@example.net,Montenegro,2023-03-29,Premium,1193.00
776,Jon Freeman,kevincooper@example.com,Saint Vincent and the Grenadines,2021-02-11,Premium,9924.06
777,Austin Decker,blanchardjames@example.net,Albania,2022-08-06,Basic,4000.41
778,Bradley Lewis,youngstephanie@example.net,Uganda,2022-10-06,Basic,6226.78
779,Christian Young,longterry@example.net,Bulgaria,2021-03-15,Standard,2206.03
780,Chelsea Johnson,lisablack@example.com,Vanuatu,2021-03-02,Standard,1463.89
781,Jason Jordan,ahubbard@example.net,Cuba,2024-02-07,Basic,2599.19
782,Lauren Allen,ericsmith@example.net,Netherlands Antilles,2024-06-08,Standard,1152.59
783,Charles Cook,jennifer97@example.org,Lithuania,2020-01-28,Basic,5597.80
784,Robin Taylor,johnjones@example.net,Myanmar,2023-03-01,Premium,2661.62
785,Julie Farrell,jessica46@example.com,Holy See (Vatican City State),2025-07-10,Standard,4948.26
786,Michelle Navarro,williamsdavid@example.net,Turks and Caicos Islands,2025-12-12,Standard,6966.90
787,Benjamin Cunningham,hmartin@example.net,Tajikistan,2023-05-18,Standard,9680.89
788,Amanda Bowman,walkerjackie@example.org,Isle of Man,2022-09-27,Basic,7816.54
789,Latoya Romero DDS,catherinerhodes@example.net,Jersey,2025-05-22,Standard,1739.62
790,Edward Richmond,becky93@example.net,Nauru,2025-01-18,Standard,8572.94
791,Andrew Kirby,dmeadows@example.net,Italy,2020-01-06,Standard,4557.69
792,Colleen Flores,amberthompson@example.net,United States of America,2025-05-30,Standard,5183.54
793,Deborah Martinez,zachary77@example.com,Palau,2022-04-17,Standard,6815.48
794,Kathryn Velasquez,dmckinney@example.org,Ukraine,2024-05-31,Premium,4548.64
795,Elizabeth Cisneros,hjohnston@example.org,Sierra Leone,2021-08-20,Basic,8496.84
796,Paula Martinez,martinezadam@example.org,Benin,2022-11-06,Premium,3447.32
797,April Walker,qfigueroa@example.com,Sudan,2020-08-01,Basic,8021.00
798,Matthew Mckenzie,johnathanrodriguez@example.net,Mexico,2022-10-17,Standard,2758.79
799,Brandon Christian,jasonmarks@example.com,Svalbard & Jan Mayen Islands,2025-07-03,Basic,1571.49
800,Kristopher Poole,rturner@example.net,Comoros,2024-04-03,Basic,1507.09
801,John Rodriguez,paulcoleman@example.org,Norway,2023-11-14,Standard,7547.90
802,Andrea Barnes,hansonbryan@example.org,Algeria,2020-05-26,Standard,8192.35
803,Samantha Holt,michael47@example.com,Maldives,2021-11-22,Basic,4840.59
804,Jennifer Callahan,jamesallen@example.org,Northern Mariana Islands,2024-12-11,Standard,280.62
805,Daniel Hicks,troy96@example.com,Moldova,2020-02-13,Basic,939.73
806,Heidi Smith,qrodgers@example.net,Estonia,2022-04-26,Standard,2693.41
807,Natalie Torres,johnsonjennifer@example.net,Ecuador,2022-03-07,Basic,4528.35
808,Kimberly Grant,hwilliams@example.com,Poland,2023-08-09,Standard,1344.64
809,Michele Wagner,drandolph@example.net,Madagascar,2021-11-22,Basic,3619.11
810,Heather Watson,kathleen72@example.com,Kuwait,2022-01-13,Premium,8830.74
811,Robert Baldwin,watsonjennifer@example.net,Australia,2022-01-14,Standard,6521.73
812,Jody Cooper,vincentalvarez@example.com,Aruba,2023-01-26,Standard,4686.32
813,Mary Allen,zjohnson@example.com,Equatorial Guinea,2021-01-18,Standard,4574.26
814,Kimberly Roberts,deankathryn@example.org,Finland,2025-08-23,Basic,2678.55
815,Amy Martin,frobertson@example.org,Tuvalu,2025-01-14,Basic,9361.60
816,Russell Bates,rmyers@example.org,Northern Mariana Islands,2023-01-12,Premium,9090.46
817,Pamela Andrews,marcusalvarez@example.com,Swaziland,2023-04-27,Standard,1513.57
818,Michelle Fuller,james66@example.net,Northern Mariana Islands,2023-09-16,Basic,9662.61
819,Melissa Miller,ruizjohn@example.net,French Polynesia,2023-03-22,Standard,7511.83
820,Melinda Logan,zbuchanan@example.net,China,2024-05-01,Standard,6565.03
821,Jason Howell,joshuawallace@example.com,Pitcairn Islands,2025-11-20,Standard,3126.36
822,Danielle Harris,athompson@example.org,Togo,2024-09-30,Standard,3893.11
823,Michaela Levy,hopkinstravis@example.org,Congo,2023-05-28,Basic,2169.76
824,Christina Mckenzie,christopher22@example.com,Saint Lucia,2020-02-23,Standard,2163.63
825,Daniel Black,penajasmine@example.net,United Arab Emirates,2020-10-30,Premium,1400.49
826,Todd Winters,williammitchell@example.com,Botswana,2021-03-03,Standard,8538.91
827,Teresa Hunt,lisapatterson@example.net,Martinique,2022-08-06,Standard,3783.51
828,Christopher Reyes,howellrichard@example.net,Czech Republic,2024-10-27,Standard,5036.91
829,Erin Underwood,sandra65@example.org,Chad,2023-02-01,Standard,3395.88
830,Renee Dominguez,piercemarilyn@example.org,Kyrgyz Republic,2022-03-23,Standard,5046.43
831,Luis Molina,katherine94@example.net,Fiji,2025-05-16,Basic,9719.42
832,Deborah Barry,tyler45@example.org,Kazakhstan,2021-10-14,Basic,7801.10
833,Christopher Jones,gabriellelam@example.com,Russian Federation,2025-09-22,Standard,3540.79
834,Jeremy Haynes,kelly13@example.com,Sweden,2022-08-26,Standard,3205.82
835,Bradley Hudson,diana27@example.net,Thailand,2025-09-27,Premium,4723.10
836,Brian Perkins,xowens@example.net,Somalia,2023-10-09,Basic,6567.11
837,Regina Wall,tfitzpatrick@example.net,Gibraltar,2020-04-11,Standard,2454.25
838,Heather Brown,ashleygarrison@example.com,Seychelles,2021-11-01,Standard,4238.95
839,Julie Yoder,allison59@example.com,Syrian Arab Republic,2022-08-06,Standard,9024.99
840,Stephanie Miller,kwilson@example.org,Bangladesh,2025-09-21,Basic,2854.27
841,Edward Nelson,danielsmith@example.org,Comoros,2025-06-29,Basic,6015.98
842,John Kramer,egriffin@example.org,Portugal,2021-06-01,Premium,5030.40
843,Briana Williams,karensmith@example.org,Azerbaijan,2020-08-03,Standard,5202.14
844,Jesse Garza,webersusan@example.org,Benin,2024-03-23,Standard,103.13
845,Ms. Cynthia Ortiz,huffian@example.net,Estonia,2022-02-12,Premium,9692.85
846,Michael Skinner,velazquezamanda@example.com,Morocco,2021-07-24,Standard,3498.86
847,Christopher Brandt,bennettashley@example.com,Bhutan,2021-09-05,Basic,9861.76
848,Anthony Jackson,paul96@example.com,Micronesia,2020-08-24,Premium,631.33
849,Amanda Jordan,tammy14@example.org,Seychelles,2023-12-28,Basic,3198.54
850,Jose Wolf,james26@example.net,Estonia,2022-04-29,Standard,4149.51
851,Dr. Julie Maynard,dmendoza@example.org,Greenland,2020-04-10,Basic,6516.32
852,Austin Henderson,gonzalezjennifer@example.net,Bangladesh,2023-10-17,Standard,5813.46
853,Jennifer Hamilton,matthew19@example.com,French Southern Territories,2020-09-20,Premium,9299.17
854,Melissa Foster,wilsonsandra@example.net,Bolivia,2020-12-16,Standard,7762.99
855,Taylor Winters,jessicacurtis@example.org,Hungary,2020-07-21,Standard,4297.81
856,Tim Fitzgerald,englishjulie@example.net,Korea,2024-01-14,Standard,6385.49
857,Jamie Lowe MD,jonathan29@example.com,Ethiopia,2021-01-28,Basic,4566.24
858,Donna Roth,ywhite@example.com,Swaziland,2022-02-07,Standard,5297.53
859,Chris Mueller,dannyrichards@example.org,Azerbaijan,2021-05-24,Standard,7293.99
860,Shelby Burgess MD,eanderson@example.net,Djibouti,2022-11-14,Standard,7926.81
861,Daniel Hobbs,julie56@example.org,Norway,2020-08-17,Standard,3359.95
862,Amy Reynolds,diana88@example.com,Cameroon,2021-12-14,Premium,5345.03
863,Karen Adams,rford@example.com,Grenada,2025-10-17,Standard,8186.82
864,Derek Hall,howardchristy@example.com,Tajikistan,2024-10-06,Standard,6831.87
865,Melissa Gonzales,davidharvey@example.net,French Polynesia,2024-08-09,Standard,5632.20
866,Michelle Walker,chansen@example.net,France,2024-07-14,Premium,4369.68
867,Brandon Smith,baileyjames@example.net,Cameroon,2024-01-23,Standard,2318.97
868,Joshua Yang,kochjessica@example.net,Guernsey,2024-04-18,Standard,8276.05
869,Patrick Peterson,sarnold@example.com,Bosnia and Herzegovina,2025-11-24,Standard,251.62
870,Carolyn Scott,nancygriffin@example.com,Eritrea,2025-09-21,Standard,5653.30
871,Manuel Jacobs,andrea82@example.net,Iceland,2025-10-01,Standard,4055.90
872,Carlos Mullins,middletonlevi@example.com,Libyan Arab Jamahiriya,2021-11-26,Basic,3867.74
873,Amy Gonzales,kristin29@example.net,Maldives,2024-04-04,Standard,2899.06
874,John Tapia,allisonmichael@example.com,Burkina Faso,2024-01-02,Basic,2433.82
875,Kimberly Wilson,thomasholt@example.org,Saint Barthelemy,2021-01-17,Premium,2758.68
876,Robert Hicks Jr.,ogoodman@example.com,Kenya,2020-02-25,Standard,4940.71
877,Andres Brown,mbush@example.com,China,2025-09-26,Standard,1046.63
878,Candice Martinez,patriciadaniel@example.com,Luxembourg,2023-09-25,Basic,7202.96
879,Garrett Weaver,lwhite@example.net,Dominica,2023-06-29,Standard,5825.30
880,Anthony Steele,joneselizabeth@example.org,El Salvador,2022-04-29,Basic,3820.31
881,Parker Bass,scott35@example.com,Namibia,2024-11-21,Standard,6437.46
882,Eric Short,larellano@example.org,Bosnia and Herzegovina,2023-10-08,Standard,5042.09
883,Margaret Norman,kevin88@example.org,Jordan,2022-08-07,Standard,6321.12
884,Anita Collins,daviskathy@example.org,Belize,2023-01-20,Standard,2920.02
885,Audrey Christensen,dstark@example.com,Palau,2025-04-30,Standard,5528.38
886,Alison Taylor,destiny10@example.com,Sri Lanka,2022-01-13,Standard,7545.55
887,Claudia Silva,andreavalentine@example.net,Honduras,2025-08-21,Standard,8503.25
888,Jackie Williams,ashleyhudson@example.org,Japan,2020-12-25,Standard,3041.09
889,Andrew Bartlett,aoliver@example.com,Kiribati,2022-08-05,Basic,8383.82
890,Miss Tracy Payne,riverasandra@example.net,Dominica,2021-10-26,Standard,906.52
891,Karen Fischer,sullivanjerome@example.com,Vanuatu,2025-12-29,Standard,2340.10
892,Tanner Hayes,hobbskathleen@example.net,Nicaragua,2021-06-13,Standard,97.46
893,Michelle Cohen,yphillips@example.com,Congo,2023-10-10,Standard,2116.30
894,Dana Davidson,smithshannon@example.net,Syrian Arab Republic,2024-05-05,Standard,2833.84
895,Tracy Berg,cindysmith@example.com,Netherlands Antilles,2023-07-25,Standard,9460.96
896,Jonathan Pearson,mgreen@example.net,Guernsey,2020-05-27,Standard,1520.31
897,Robin Clark PhD,xmeyer@example.org,Solomon Islands,2024-05-26,Standard,8196.07
898,Ashley Little,jeremyanderson@example.com,Madagascar,2022-06-15,Standard,7607.23
899,Jeffrey Whitney,yreynolds@example.net,Belgium,2022-09-07,Basic,2556.71
900,Joshua Olson,dfriedman@example.org,Afghanistan,2025-11-09,Standard,3433.57
901,Danielle Robertson,adamscolin@example.org,Japan,2022-07-16,Basic,8587.13
902,Stephanie Bell,johnsonshane@example.org,Uruguay,2025-11-12,Standard,612.02
903,Kevin Martin,huntamanda@example.com,Antigua and Barbuda,2023-09-11,Premium,4519.71
904,Jessica Kidd,pagejoseph@example.com,Mexico,2025-12-11,Standard,6378.54
905,Veronica Walker,mark62@example.net,Angola,2024-12-30,Premium,948.13
906,Ronald Palmer,brian77@example.net,Christmas Island,2023-11-01,Premium,2938.48
907,Dylan Morgan Jr.,lawrencemoore@example.net,Portugal,2021-04-28,Standard,6275.01
908,Jennifer White,paula76@example.net,Bolivia,2022-04-07,Standard,7295.74
909,Madeline Rose,pchristian@example.org,Solomon Islands,2024-04-08,Premium,4655.37
910,Paul Diaz,afuentes@example.net,France,2021-10-28,Standard,2899.00
911,Evelyn Leonard,woodjohnathan@example.org,Cameroon,2024-07-29,Standard,4596.96
912,Melanie Leon,andrewclark@example.org,Macao,2021-02-27,Standard,6381.74
913,Natalie Marshall,samuel84@example.net,Egypt,2024-05-29,Basic,5049.94
914,Jane Ochoa,jennifer40@example.com,Italy,2020-09-17,Basic,3627.58
915,Nicole Dunn,efields@example.org,French Guiana,2020-07-26,Basic,2319.94
916,Carl Shaffer II,campbelljulie@example.org,Sweden,2025-08-19,Standard,1661.06
917,Laura Navarro,darlenechandler@example.org,Antigua and Barbuda,2025-03-05,Premium,3055.10
918,Denise Lowe,heidi12@example.net,Malaysia,2020-12-28,Standard,1679.59
919,Catherine Cooper,janicelewis@example.com,Micronesia,2020-03-01,Standard,738.30
920,Michael Morton,curtisanna@example.org,Saint Pierre and Miquelon,2025-06-12,Standard,9397.68
921,Alex Riggs,rasmussentabitha@example.org,Romania,2025-06-07,Standard,6203.31
922,Julie Pacheco,jason69@example.com,Finland,2022-07-08,Standard,189.33
923,Tammy Williams,bjohnson@example.org,Liberia,2025-11-04,Standard,5308.41
924,Matthew Marshall,eroberts@example.net,Germany,2024-07-27,Basic,1707.61
925,Mary Bishop,xhurst@example.org,Hong Kong,2022-12-03,Basic,3722.95
926,Angela Simmons,jane80@example.com,Liechtenstein,2023-06-15,Standard,3053.77
927,David King,tmoody@example.com,Egypt,2022-02-19,Basic,3142.81
928,Mark Phelps,ballsara@example.org,Ireland,2025-02-05,Premium,2688.15
929,Chelsey Gordon,ajones@example.com,Rwanda,2021-04-24,Standard,9253.12
930,Donna Hines,joseph00@example.net,French Guiana,2023-05-19,Standard,8272.28
931,Kristen Bass,zodonnell@example.org,Saint Barthelemy,2024-01-01,Basic,2556.53
932,Kara Stuart,christinapatel@example.org,Singapore,2025-05-17,Basic,1786.63
933,Carl Robinson,parrishjoshua@example.net,Austria,2020-09-05,Standard,1539.78
934,Michael Park,gbrown@example.net,Niger,2025-04-11,Standard,7909.82
935,Mr. Miguel Douglas,pamela29@example.com,Israel,2025-04-04,Standard,5695.49
936,Kathleen Wilson,james94@example.org,Holy See (Vatican City State),2021-07-13,Standard,7402.80
937,Kevin Smith,rebeccabrown@example.com,Mayotte,2024-03-08,Basic,2045.94
938,Hannah Patterson,misty70@example.org,Syrian Arab Republic,2024-11-21,Standard,4175.37
939,Caleb Quinn,barbaracase@example.net,Trinidad and Tobago,2020-05-16,Basic,4811.49
940,Lonnie Davenport,barkerjoshua@example.net,Vanuatu,2021-05-25,Standard,5784.67
941,Melissa Jones,laura48@example.net,Slovakia (Slovak Republic),2024-12-19,Standard,5821.04
942,Casey Casey,timweaver@example.net,Austria,2025-05-12,Premium,9982.75
943,Tara Anderson,johnsonjacob@example.com,Canada,2025-01-07,Standard,3515.58
944,Whitney Noble,ybarry@example.net,Brunei Darussalam,2020-10-09,Basic,8098.57
945,Alicia Anderson,brendacisneros@example.org,Uzbekistan,2022-06-22,Basic,3239.67
946,David Malone,wsandoval@example.com,Guinea-Bissau,2021-02-11,Basic,9430.98
947,Joshua Miller,nicole54@example.org,France,2022-05-30,Premium,7101.91
948,Mary Welch,crawfordrobert@example.org,Norfolk Island,2021-05-27,Standard,1817.95
949,Nicholas Williams,mgarcia@example.org,Serbia,2021-06-09,Standard,280.90
950,Eric Stevens,nicholas03@example.org,Paraguay,2025-02-06,Standard,5362.00
951,Christine Harper,qreyes@example.com,Uzbekistan,2025-09-07,Standard,5910.81
952,David Guerrero,jameswillis@example.org,Lebanon,2025-05-25,Standard,3594.78
953,David Flowers,davidmurray@example.net,Niue,2023-09-15,Standard,5450.28
954,Elizabeth Jordan,mcgeejonathan@example.com,Lebanon,2022-06-29,Basic,254.49
955,Brittany Mccoy,stricklandkristina@example.net,Slovakia (Slovak Republic),2024-12-04,Basic,6761.06
956,Christopher Bean,thompsondonald@example.com,Rwanda,2024-04-29,Standard,4913.43
957,Kathryn Gibson,michelle33@example.org,Saint Pierre and Miquelon,2025-07-10,Standard,8859.54
958,Karen Murphy,maria23@example.com,Libyan Arab Jamahiriya,2022-09-19,Basic,3623.08
959,Danielle Hamilton,zachary59@example.com,Bangladesh,2023-10-11,Standard,7970.07
960,Denise Guzman,kgutierrez@example.org,Sri Lanka,2024-01-14,Standard,916.91
961,Tyler Diaz,alicia84@example.org,Lesotho,2025-11-01,Standard,1410.10
962,Jessica Poole,jaimejordan@example.org,Venezuela,2023-09-13,Standard,6561.78
963,Jeffrey Briggs,alexander38@example.com,Kyrgyz Republic,2024-01-06,Premium,3522.38
964,Paula Soto,bennettamanda@example.com,Kiribati,2024-11-18,Basic,1263.34
965,Joshua Hinton,anthony76@example.net,British Indian Ocean Territory (Chagos Archipelago),2023-06-25,Standard,5032.96
966,Gary Cook,esullivan@example.net,Lesotho,2020-02-22,Premium,1050.78
967,Thomas Chapman,theresasolis@example.org,Ethiopia,2021-02-15,Basic,5409.72
968,Brian Simon,carolwalters@example.org,Uruguay,2022-01-14,Standard,7371.66
969,Joseph Moore,joygates@example.com,Swaziland,2023-09-01,Standard,7289.47
970,Marcus Smith,petersphillip@example.com,Benin,2023-12-07,Premium,4039.46
971,Tara Douglas,jacqueline98@example.net,Finland,2020-02-22,Basic,7158.60
972,Mrs. Abigail Turner,ljackson@example.net,Ireland,2024-07-09,Standard,8249.09
973,Tracy Ward,jeff21@example.net,Nauru,2021-04-04,Basic,6569.31
974,Amy Lopez,calebjones@example.com,British Virgin Islands,2022-11-07,Standard,505.30
975,Samantha Wright,jennifer12@example.org,Montserrat,2025-07-14,Standard,7245.30
976,Jason Rose,mccormickbrandy@example.org,Chile,2025-01-18,Standard,6629.82
977,Robert Olsen,james04@example.org,Nepal,2024-03-29,Premium,1879.19
978,Michael Rhodes,philipholt@example.com,Isle of Man,2021-10-16,Basic,5846.42
979,Cheryl Brooks,gomezashley@example.org,Singapore,2024-10-26,Basic,5302.82
980,Nicole Jenkins,mmiller@example.com,Jamaica,2025-07-11,Basic,822.25
981,Ryan Stevens,michael38@example.org,Slovenia,2025-10-11,Premium,6201.74
982,Molly Perry,eric05@example.org,Hong Kong,2025-04-29,Basic,5275.16
983,Jessica Schwartz,littleapril@example.com,Uruguay,2020-02-05,Standard,1330.45
984,Mary Smith,jennifer05@example.com,Antarctica (the territory South of 60 deg S),2023-09-17,Basic,7153.77
985,Cynthia White,amycollins@example.net,Guam,2022-02-22,Premium,674.27
986,Robert Anderson,jwilson@example.org,Qatar,2021-07-15,Basic,9387.46
987,Omar Oneill,pchapman@example.org,Montenegro,2023-03-04,Standard,2126.07
988,Herbert Robinson,smoreno@example.org,Korea,2025-11-21,Basic,6028.32
989,Terri Walls,sara90@example.net,Slovakia (Slovak Republic),2022-01-25,Standard,8609.10
990,Kelly Marshall,lblackburn@example.com,Finland,2024-05-07,Premium,5861.27
991,John Flores,qwong@example.org,Cayman Islands,2024-10-29,Basic,5747.63
992,John Edwards,fhensley@example.org,Sudan,2023-09-17,Basic,5083.08
993,Jasmine Johnson,michaeldyer@example.org,Senegal,2025-10-20,Standard,9927.57
994,Kathryn Kelly MD,christina71@example.net,Thailand,2020-03-22,Standard,5797.06
995,Gabriella Ferguson,joseph13@example.com,Pakistan,2025-07-04,Basic,7118.38
996,Chelsea Baker,barry37@example.net,Lao People's Democratic Republic,2025-12-25,Standard,907.70
997,Nathaniel Hall,nathan95@example.com,United States Virgin Islands,2020-08-17,Basic,6380.92
998,Mr. David Barrett,,Germany,2022-02-07,Standard,4076.22
999,Ian Mcdaniel,matthewryan@example.org,Lao People's Democratic Republic,2022-07-29,Standard,4060.54
1000,Crystal Hood,hsanchez@example.com,Suriname,2021-03-30,Basic,8992.47
1001,Brandi Santiago,wbryant@example.org,Palau,2023-07-30,Premium,3190.00
1002,Joy Lee,staceycarroll@example.com,Saint Kitts and Nevis,2022-06-09,Standard,3357.48
1003,Rachel Williams,lewismaurice@example.com,Western Sahara,2025-05-26,Premium,2173.71
1004,Stacy Johnson,linda58@example.net,Nigeria,2021-04-11,Basic,9124.73
1005,Jack Weber,coreywall@example.org,Holy See (Vatican City State),2025-07-10,Premium,2788.41
1006,Jeffery Bowen,tmorales@example.net,Mauritius,2024-10-30,Standard,4888.04
1007,Donna Spence,daniel45@example.com,Vietnam,2021-02-24,Standard,3269.15
1008,Thomas Reed,laurenhamilton@example.net,San Marino,2025-10-16,Basic,3882.56
1009,Derek Christian,skeller@example.com,French Polynesia,2021-04-04,Standard,6558.91
1010,Tanya Flores,derek48@example.org,Jersey,2024-01-04,Standard,2733.65
1011,Jason Thomas,jennifer65@example.org,Benin,2020-03-09,Basic,2459.36
1012,Curtis Roberts,nbyrd@example.net,Barbados,2024-08-11,Basic,9188.33
1013,Gary Petersen,melissaterry@example.org,San Marino,2025-10-11,Standard,4255.38
1014,Kayla Thomas,wdominguez@example.net,Estonia,2023-05-05,Standard,1542.15
1015,Krystal Ward,aliciashaffer@example.com,Saint Lucia,2023-05-19,Standard,9561.59
1016,Heather Jones,waltersshannon@example.org,Turkmenistan,2023-01-18,Standard,3421.64
1017,Anthony Tanner,lamchristopher@example.net,United Kingdom,2021-12-18,Standard,8277.60
1018,Kurt Robertson,hannah09@example.org,Costa Rica,2023-03-13,Basic,8874.38
1019,Mr. John Chapman Jr.,ldavis@example.net,Niue,2022-03-26,Standard,380.33
1020,Amy Gould,willisjacqueline@example.com,French Southern Territories,2024-12-05,Standard,2754.13
1021,Ricardo Harvey,dsmith@example.org,Panama,2025-09-13,Premium,4854.31
1022,Patricia Huynh,mossmatthew@example.org,Mozambique,2021-10-15,Standard,2269.37
1023,Amy Cisneros,cooperpatrick@example.com,Korea,2022-12-29,Standard,5436.77
1024,Benjamin Byrd MD,wbrooks@example.net,Taiwan,2024-01-20,Basic,7535.93
1025,David Johnson,coxjackson@example.net,Albania,2025-02-18,Standard,2509.89
1026,Leslie Mills,ashley22@example.org,Thailand,2025-04-02,Standard,9902.92
1027,Pam Salazar,oanderson@example.org,Bosnia and Herzegovina,2024-09-04,Basic,2365.10
1028,Cathy Guzman,uwiggins@example.org,Rwanda,2024-01-28,Standard,1728.30
1029,John Meyer,knoxjasmine@example.org,Germany,2024-05-28,Standard,9775.39
1030,Justin Carson,emilyhines@example.net,Saint Vincent and the Grenadines,2023-04-17,Standard,767.71
1031,Ashley Day,maurice27@example.org,New Zealand,2020-04-20,Basic,3960.70
1032,Richard Bright,mccartymark@example.com,Tokelau,2021-08-03,Standard,4745.41
1033,Rebecca Coffey,lesliebrown@example.net,Bangladesh,2023-04-15,Standard,7740.90
1034,Felicia Graham,allencallahan@example.com,Netherlands Antilles,2021-08-22,Standard,5203.90
1035,Zachary Fernandez,jessicalowe@example.net,El Salvador,2020-09-20,Premium,3692.23
1036,Anthony Russell,jennifer08@example.org,Italy,2022-11-06,Basic,6731.15
1037,Tina Serrano,paula83@example.net,Lithuania,2021-02-15,Standard,6888.50
1038,Sean Jones,mitchell07@example.net,Latvia,2020-01-12,Premium,1487.78
1039,Megan Stanton,colinjohnson@example.com,Argentina,2025-02-14,Basic,9627.00
1040,Zachary Morgan,nancy27@example.net,Nauru,2025-12-16,Standard,5160.92
1041,Julie Neal,gcruz@example.com,Brunei Darussalam,2020-02-25,Standard,7314.90
1042,Edward Miller,william63@example.com,Mexico,2020-12-09,Standard,9613.49
1043,Teresa Chan,iherring@example.com,Montenegro,2024-12-01,Standard,812.89
1044,Monica Koch,mcdonaldpatrick@example.net,Morocco,2023-04-07,Premium,8732.44
1045,Kathryn Reyes,ihale@example.org,Holy See (Vatican City State),2021-08-25,Standard,575.61
1046,Courtney Hall,jimenezkimberly@example.org,Albania,2020-11-27,Premium,7582.94
1047,Spencer Barber,johnleach@example.org,Bahrain,2023-01-11,Standard,8575.12
1048,Jon Martinez,andersonholly@example.org,French Polynesia,2022-10-19,Premium,2517.79
1049,Connor Cole,lori56@example.net,Niger,2024-07-28,Basic,1594.25
1050,Alexis Davis,simpsonmarvin@example.net,Seychelles,2022-01-19,Standard,5533.03
1051,Shane Pacheco,eflowers@example.org,Gabon,2023-03-12,Standard,6483.27
1052,Raymond Brown,lisa14@example.org,Palestinian Territory,2021-08-17,Standard,3826.65
1053,Marissa Church,aschmidt@example.com,Cameroon,2023-07-22,Premium,5959.62
1054,Anthony Davis,mlee@example.net,Zimbabwe,2025-07-23,Standard,4074.81
1055,Dylan Ray,staceypowell@example.com,Barbados,2024-01-13,Basic,8989.24
1056,James Brown,lross@example.net,Libyan Arab Jamahiriya,2024-06-15,Basic,1371.23
1057,Heather Rodriguez,lwood@example.org,Bangladesh,2020-10-17,Standard,5266.50
1058,Rebekah Kaufman,robertharding@example.org,Antigua and Barbuda,2021-12-05,Standard,7697.91
1059,Justin Gutierrez,whiteaaron@example.com,Israel,2022-03-30,Basic,5374.19
1060,Jennifer Nolan,wyattalex@example.com,Paraguay,2022-12-09,Standard,695.52
1061,Kimberly Murillo,justincarr@example.com,Afghanistan,2023-02-09,Basic,3393.75
1062,Donald Anderson,vmercado@example.net,Zimbabwe,2022-07-31,Standard,9923.84
1063,Joseph Wade,michelle54@example.net,Singapore,2020-10-17,Standard,9661.58
1064,Joshua Oliver,heidi96@example.net,Norfolk Island,2020-02-29,Standard,6795.12
1065,Sara Patton,alyssa77@example.net,Qatar,2025-03-27,Standard,8285.66
1066,Connie Thomas,owelch@example.net,South Africa,2023-01-31,Standard,1183.76
1067,Breanna Howard,michaelhenson@example.org,Iraq,2024-11-05,Premium,3109.76
1068,Christopher Stone,jason96@example.net,Zambia,2022-09-02,Premium,0.77
1069,Angel Mendoza,snyderkatherine@example.com,Mexico,2021-01-10,Standard,9480.35
1070,Jonathan Anthony,stephanie16@example.org,Bermuda,2024-11-08,Basic,4801.46
1071,Jeremy Burton,natalie27@example.com,Latvia,2020-09-29,Standard,4637.72
1072,Kevin Santana,mmoore@example.com,French Southern Territories,2023-11-15,Premium,398.55
1073,Ashley Miller,anthonyobrien@example.org,Syrian Arab Republic,2023-01-10,Basic,934.34
1074,Emily Fields,alexanderwalker@example.com,Iran,2022-05-31,Premium,3520.63
1075,Jane Watkins,tom78@example.net,Grenada,2020-10-10,Basic,9378.76
1076,Donna Everett,kelleyjohn@example.com,Slovenia,2025-06-04,Standard,7176.61
1077,Karla Davis,charlesrogers@example.com,Isle of Man,2022-09-15,Premium,271.78
1078,Ronald Nichols,etucker@example.org,Namibia,2020-06-15,Standard,3968.23
1079,Rebecca Lyons,joshuamurphy@example.org,Argentina,2022-07-01,Standard,4793.68
1080,Laurie Maynard,frank51@example.com,Grenada,2021-02-19,Standard,9045.44
1081,Tammy Larson,michelleking@example.org,Korea,2022-02-05,Premium,2728.19
1082,Mary Diaz,charleswest@example.net,Cameroon,2022-02-12,Standard,200.10
1083,Carl Garrett,zsantana@example.net,Greece,2020-05-16,Standard,1655.34
1084,Kimberly Morgan,llopez@example.com,Nigeria,2023-06-29,Basic,9437.86
1085,Steven James,kimdiane@example.org,Korea,2025-08-06,Standard,8690.96
1086,Barbara Bates,brownmindy@example.org,Kazakhstan,2025-10-29,Standard,4416.73
1087,John Marquez,nharris@example.org,Slovenia,2023-03-29,Standard,9299.94
1088,Elizabeth Clay,ballkenneth@example.net,Suriname,2022-11-15,Standard,3125.57
1089,Sharon Vasquez,cheyenne36@example.org,Swaziland,2025-07-24,Standard,8300.41
1090,Judy Johnson,gloriahart@example.com,Mozambique,2022-02-17,Standard,9410.15
1091,Mr. Jeremy Gibbs DDS,kristenmartinez@example.net,Finland,2020-08-02,Standard,6380.22
1092,Robert Evans,mariadougherty@example.net,Brunei Darussalam,2025-02-12,Standard,2427.79
1093,Whitney Schultz,rlewis@example.org,Australia,2022-12-06,Premium,4064.94
1094,Teresa Sims,lindsey04@example.com,Chile,2022-04-13,Basic,6597.27
1095,Dustin Roberson,thomasbrewer@example.org,Puerto Rico,2025-04-05,Basic,2471.92
1096,Donna Lawrence,sarahford@example.com,Palau,2020-02-04,Basic,7303.35
1097,John Brown,georgeevans@example.com,Martinique,2024-10-08,Basic,1669.35
1098,Nicole Gross,chase18@example.org,Colombia,2021-08-14,Standard,1533.85
1099,Matthew Turner,amartin@example.net,Sweden,2021-06-12,Standard,8201.22
1100,Mrs. Jamie Walker,garnerelizabeth@example.com,Mauritania,2020-11-01,Standard,3242.42
1101,Brian Johnson,taylordaniel@example.com,Heard Island and McDonald Islands,2022-10-20,Standard,8476.58
1102,John Morris,joel61@example.net,Brazil,2021-09-14,Premium,8392.00
1103,Ryan Washington,hendersonheather@example.com,Bosnia and Herzegovina,2022-05-29,Basic,6645.28
1104,Connie Mcdonald,tadams@example.com,Bhutan,2024-12-22,Basic,5393.63
1105,Michael Griffin,amber83@example.com,Montenegro,2024-01-20,Standard,2979.54
1106,Roy Moody,,American Samoa,2023-08-26,Standard,6610.75
1107,Rodney Bell,carla90@example.net,Saint Lucia,2023-01-09,Standard,9416.35
1108,Mark Mcgee,eallen@example.com,Maldives,2021-11-26,Premium,4342.78
1109,Colton Ramsey,nancy75@example.org,Korea,2021-11-22,Standard,9203.61
1110,William Bailey,steven44@example.org,Lesotho,2020-08-18,Standard,4068.80
1111,Jeffrey Ramirez,glane@example.org,Philippines,2024-08-25,Basic,6637.96
1112,Emily Harris,ifields@example.com,Papua New Guinea,2025-03-17,Premium,6904.28
1113,Destiny Klein,ymorrison@example.net,Cape Verde,2021-11-10,Standard,2246.42
1114,Lori Haynes,alejandrothomas@example.com,Haiti,2024-07-26,Premium,2132.54
1115,Anna Jackson,henryanthony@example.com,Kuwait,2021-07-29,Standard,5294.62
1116,Richard Evans,nrodriguez@example.net,Seychelles,2023-02-26,Standard,1926.07
1117,Crystal Smith,richardsashley@example.com,Seychelles,2021-01-22,Premium,5048.72
1118,Tiffany Phillips,garcianicole@example.net,Tokelau,2024-11-11,Standard,9058.34
1119,Rachel Williams,vballard@example.org,Montserrat,2020-10-20,Basic,4130.97
1120,Stephanie Rice DDS,millerwilliam@example.org,Togo,2021-08-19,Standard,726.79
1121,Theresa Payne,matthewmccarty@example.com,Vietnam,2023-10-02,Standard,9345.29
1122,Ashley Thomas,david51@example.org,Slovenia,2020-04-05,Standard,1577.22
1123,Jose Smith,lcampbell@example.net,Chile,2023-07-11,Basic,1665.09
1124,Matthew Brooks,ahernandez@example.com,Taiwan,2021-03-24,Premium,788.64
1125,Grace Elliott,erika92@example.net,French Polynesia,2021-07-02,Standard,4541.73
1126,Sandra Winters,johnwalker@example.com,Azerbaijan,2020-01-04,Basic,5674.84
1127,Jennifer Young,kingbrandon@example.org,Seychelles,2023-01-10,Standard,5777.97
1128,John Stevens,bconley@example.com,Chad,2024-11-07,Basic,4915.38
1129,Kevin Gonzales,reynoldsdiane@example.com,Taiwan,2023-09-14,Standard,4115.64
1130,Dominique Michael,seanbanks@example.com,Samoa,2022-02-05,Standard,1049.46
1131,Morgan Nguyen,wfox@example.org,Haiti,2023-08-19,Standard,7046.43
1132,Shawna Barrera,,Antigua and Barbuda,2022-02-27,Premium,6129.95
1133,Michael Massey,william22@example.org,Netherlands Antilles,2021-10-15,Premium,2615.03
1134,Ariel Preston,baileymadison@example.net,Nicaragua,2022-07-29,Standard,5275.24
1135,Alicia Johnson,hpratt@example.org,Montenegro,2020-07-12,Basic,7174.44
1136,Christina Turner,phillipsemily@example.org,Malta,2024-08-09,Basic,4117.89
1137,Brendan Thompson,timothykelly@example.net,Equatorial Guinea,2025-11-05,Premium,8604.13
1138,Michael Downs,evansdaisy@example.com,French Polynesia,2023-05-31,Standard,5284.22
1139,Richard Cortez,kimberly49@example.net,Hungary,2022-10-14,Standard,8827.21
1140,Donna Martinez,savannah73@example.net,Somalia,2024-10-08,Standard,9319.18
1141,John Smith,kevin40@example.org,Cyprus,2021-05-11,Standard,9170.19
1142,Kimberly Johnson,nbush@example.com,Korea,2021-09-26,Standard,1242.91
1143,James Long,uhoffman@example.net,Sao Tome and Principe,2021-02-07,Premium,410.01
1144,Mary Nelson,hannahwoods@example.org,Maldives,2021-04-26,Standard,522.83
1145,Kathleen Simpson,jparker@example.org,Russian Federation,2020-10-16,Standard,5960.94
1146,Mrs. Rachel Dominguez,jporter@example.net,Paraguay,2021-12-17,Standard,7596.35
1147,Christina Rojas,peter09@example.org,Saint Barthelemy,2023-08-11,Standard,1950.30
1148,Brian Simpson,jessicawolfe@example.net,Mayotte,2020-02-15,Standard,7450.66
1149,Lindsay Webster,melanie75@example.com,Tanzania,2022-09-02,Standard,9564.54
1150,Sandra Hernandez,travisgreen@example.com,Guam,2023-07-25,Basic,9909.23
1151,Brittany Mercado,kellyabigail@example.com,Somalia,2024-01-29,Standard,4235.41
1152,Kenneth Ramirez,vbrown@example.com,Philippines,2024-03-15,Standard,3563.43
1153,Brandon Jones,agray@example.net,Ghana,2020-04-10,Standard,4522.46
1154,Judy Perez,,Swaziland,2025-11-24,Basic,2916.15
1155,Amy Mccoy,bradley32@example.net,Angola,2025-10-27,Standard,4913.52
1156,Lucas Mendoza,erichendricks@example.com,United States Virgin Islands,2021-08-14,Premium,5120.25
1157,Amy Scott,lhuang@example.org,Iceland,2022-10-11,Standard,4231.64
1158,Samantha Ramsey,olivia38@example.org,Ukraine,2025-11-08,Premium,8702.72
1159,Troy Houston,joseph34@example.net,Cape Verde,2023-02-22,Premium,6918.17
1160,Nicolas Stanton,tonya72@example.org,France,2022-01-26,Standard,5601.81
1161,Christina Barnes,lsteele@example.org,Guinea,2024-07-26,Standard,2628.73
1162,Jeremy Orr,mtaylor@example.net,Brunei Darussalam,2025-01-10,Premium,4175.32
1163,Jessica Hamilton,rothdaniel@example.net,Benin,2024-04-11,Basic,2064.42
1164,Rose Sanchez,franklinamy@example.org,South Africa,2024-11-15,Standard,3836.74
1165,Carl Powers,johnlara@example.org,Heard Island and McDonald Islands,2024-07-15,Standard,5669.64
1166,Jake Hall,sullivanjessica@example.org,Italy,2025-11-14,Basic,2861.52
1167,David Jones,stevenbrown@example.net,Grenada,2020-10-07,Standard,4371.46
1168,Kevin Bell,williamsjudith@example.org,Egypt,2023-01-17,Standard,6411.23
1169,Heather Cantu,ashleylopez@example.net,Finland,2024-04-07,Standard,4889.07
1170,Russell Gonzalez,jcaldwell@example.net,Oman,2021-12-27,Standard,2870.15
1171,Mariah Hernandez,erikagarcia@example.com,Sao Tome and Principe,2020-05-17,Basic,2303.04
1172,Stacy Ware,david04@example.net,Heard Island and McDonald Islands,2021-08-28,Standard,1766.72
1173,Hector Browning,romerokaren@example.net,Saint Lucia,2025-12-16,Basic,4446.46
1174,Melissa Wilson,laurensmith@example.com,Bhutan,2025-04-18,Premium,8496.41
1175,Eric Kane,fwilliams@example.net,Gambia,2025-06-28,Premium,221.26
1176,Sarah Leon,hshah@example.org,Martinique,2024-01-05,Standard,7879.97
1177,Andrew Ramsey,benjamin69@example.net,Algeria,2025-09-28,Premium,5884.25
1178,Mariah Jensen,connie30@example.org,Netherlands Antilles,2025-06-09,Standard,4107.15
1179,Jacqueline Boyd,mary53@example.net,Svalbard & Jan Mayen Islands,2022-01-11,Basic,5432.98
1180,Darius Fowler,deborah85@example.com,Cuba,2021-05-08,Standard,8241.28
1181,Jill Chandler,amanda88@example.com,Chad,2021-07-01,Standard,6979.50
1182,Joseph Soto,wilsonphilip@example.com,Saint Lucia,2023-06-11,Basic,7567.58
1183,Donald Kelly,michaellambert@example.net,Dominican Republic,2022-05-12,Basic,6517.55
1184,Michael Summers,jessica08@example.org,Iran,2023-06-12,Standard,4251.19
1185,Kevin Moore,stacy91@example.com,Saint Martin,2020-04-04,Standard,5006.71
1186,Bonnie Rich,cdavis@example.net,Zimbabwe,2025-08-30,Standard,6932.07
1187,Russell Miller,vross@example.org,Vietnam,2022-07-15,Standard,3909.73
1188,Ross Medina MD,michelewilliams@example.net,Portugal,2020-07-14,Standard,1417.47
1189,Scott Murphy,amy66@example.org,Wallis and Futuna,2025-12-04,Standard,8620.32
1190,Austin Vega,jennifer05@example.org,Congo,2025-10-06,Standard,409.48
1191,Heather Williams,vwhite@example.com,Christmas Island,2022-07-10,Basic,2490.36
1192,Preston Nguyen,boydjeanette@example.org,Cocos (Keeling) Islands,2024-07-19,Basic,3902.26
1193,Brooke Carter,victorrice@example.net,Nigeria,2021-10-03,Standard,6498.04
1194,Allen Little,josephlewis@example.org,Qatar,2024-12-24,Premium,5127.64
1195,Shelby Scott,fnash@example.org,Christmas Island,2020-02-02,Standard,3776.95
1196,Ms. Jennifer Schmidt,ywalker@example.org,Mayotte,2021-03-10,Premium,5941.64
1197,Nicholas Love,patelchristina@example.net,Kyrgyz Republic,2022-01-07,Basic,5624.06
1198,Laura Leon,william10@example.com,Holy See (Vatican City State),2025-10-13,Basic,6472.59
1199,Theresa Whitney,davidsonbrittany@example.org,Nauru,2023-09-30,Standard,4727.83
1200,Wendy Chung,laurierollins@example.com,Iceland,2023-10-01,Standard,7838.81
1201,Timothy Smith,jonesjillian@example.org,Nigeria,2024-10-11,Premium,43.43
1202,Diane Curry,mary37@example.net,Andorra,2023-06-10,Standard,2705.17
1203,Laura Williams,crawfordcynthia@example.net,Rwanda,2024-03-15,Standard,5852.55
1204,Molly Villegas,linda78@example.com,Colombia,2024-05-03,Premium,2537.98
1205,Brandon Thomas,fhernandez@example.net,Morocco,2024-09-13,Basic,58.15
1206,Tom Melton,pmoore@example.net,Russian Federation,2024-07-13,Basic,7552.82
1207,Ronald Reynolds,thunter@example.org,Latvia,2024-09-25,Premium,4262.25
1208,Richard Ramirez,fdiaz@example.net,Heard Island and McDonald Islands,2020-03-28,Basic,5159.03
1209,Daniel Gomez,goodsteven@example.org,Argentina,2022-02-06,Basic,2235.48
1210,Dr. Kristin Blair,kylemckee@example.org,Cameroon,2025-02-22,Premium,8384.07
1211,Lindsay Taylor,stevencollins@example.org,Faroe Islands,2024-05-18,Basic,5714.72
1212,John Walker,rachel62@example.com,Ethiopia,2025-11-24,Premium,7726.76
1213,Stephanie Moore,garciamatthew@example.org,Swaziland,2024-01-25,Premium,7355.27
1214,Ernest Ward,troy62@example.com,Isle of Man,2021-05-11,Basic,3565.83
1215,James Brown,brightdanielle@example.com,Palau,2020-06-20,Standard,361.85
1216,Denise Sandoval,brianahensley@example.net,Gabon,2025-09-13,Premium,7328.89
1217,Phillip Campbell,rcolon@example.org,Netherlands,2023-06-16,Basic,6497.33
1218,Richard Ryan,scott52@example.org,French Southern Territories,2021-09-11,Standard,5152.01
1219,Paul Cooke PhD,buchanansusan@example.com,Cote d'Ivoire,2025-10-11,Premium,2641.41
1220,Ethan Martin,fdalton@example.com,Guatemala,2020-06-03,Standard,9236.58
1221,Dawn Patton,patrick88@example.org,Guinea,2025-08-27,Standard,9187.97
1222,Thomas Brown,herrerajeffery@example.net,Zambia,2024-04-23,Standard,7388.62
1223,Rebecca Anderson,gonzalezvalerie@example.org,Papua New Guinea,2020-10-23,Standard,500.82
1224,Daniel Ramirez,barbara01@example.com,Fiji,2020-11-01,Standard,4220.85
1225,Sandra Cain,michael19@example.net,Jersey,2021-08-19,Standard,7220.57
1226,Daniel Maldonado,sarahbrown@example.org,Niue,2021-11-16,Basic,879.76
1227,Christina Salinas,arodriguez@example.com,Sri Lanka,2020-09-05,Premium,8939.83
1228,Kenneth Bell,gbrown@example.net,Bosnia and Herzegovina,2022-01-08,Standard,7935.54
1229,Nathan Case,ronaldbranch@example.net,Botswana,2022-05-19,Basic,11.06
1230,Lisa Parks,feliciacruz@example.org,Iceland,2022-06-03,Basic,9943.39
1231,Michael Fitzgerald,uharris@example.com,Pakistan,2024-05-06,Standard,3492.33
1232,Dylan Baird,larrymiller@example.com,South Africa,2024-05-19,Standard,3723.73
1233,Victoria Walker,stephanie05@example.net,Congo,2021-05-07,Basic,6588.81
1234,Derek Taylor,ithomas@example.org,Greece,2024-09-24,Premium,5391.63
1235,Kelly Gould,martinrobert@example.net,Timor-Leste,2022-07-22,Premium,8080.66
1236,Kimberly Hale,whiterobert@example.com,Bouvet Island (Bouvetoya),2021-10-04,Basic,6154.53
1237,Patrick Cook,allenmendoza@example.net,Monaco,2021-08-08,Standard,6714.21
1238,Victoria Williams,sandralewis@example.net,Cocos (Keeling) Islands,2020-11-29,Standard,8960.59
1239,Rachael Simmons,emily17@example.org,Turkmenistan,2023-09-04,Basic,9155.78
1240,Krystal Hebert,watersterry@example.org,Bosnia and Herzegovina,2025-07-30,Basic,6751.09
1241,Maria Mathis,kimberlywu@example.org,Tanzania,2023-01-25,Basic,6719.11
1242,Rachel Thomas,sextonjeffrey@example.com,Saint Pierre and Miquelon,2023-05-25,Premium,9701.22
1243,Daniel Hamilton,rrodriguez@example.com,Monaco,2025-03-09,Standard,5415.74
1244,Chelsea Rivers,michelleshelton@example.com,French Southern Territories,2024-07-12,Basic,3755.41
1245,Tonya Copeland,victoria42@example.org,Malaysia,2024-08-31,Standard,8191.59
1246,Tiffany Chambers,dominguezsummer@example.org,Gabon,2020-05-30,Premium,3359.54
1247,Emily Castro,gonzalezjonathan@example.org,Qatar,2025-11-25,Premium,318.23
1248,Jeremy Fuentes,davidpennington@example.net,China,2025-12-27,Basic,1540.18
1249,Jacqueline Moore,brett16@example.org,Anguilla,2021-07-10,Premium,3184.05
1250,Leslie White,lynchmary@example.net,Kenya,2023-09-02,Basic,1758.66
1251,Karen Mcintosh,fschmidt@example.org,Liechtenstein,2025-01-10,Premium,8677.59
1252,Benjamin Griffin,jessica87@example.org,Cote d'Ivoire,2023-01-10,Standard,2109.45
1253,Olivia Olson,martinezwhitney@example.com,Kuwait,2020-11-23,Premium,5115.26
1254,Whitney Lewis,patriciasmith@example.org,Niue,2021-02-21,Premium,7446.14
1255,Martha Taylor,nphillips@example.net,Slovakia (Slovak Republic),2021-11-29,Standard,8919.58
1256,John Simon,shanehayes@example.net,Argentina,2021-04-30,Standard,3002.32
1257,Barbara Mcintyre,michael46@example.org,Kuwait,2021-08-16,Standard,6788.88
1258,Amanda Mcbride,xsmith@example.com,Saint Barthelemy,2021-08-25,Standard,1579.98
1259,Samantha Weaver,blakejohn@example.com,Tanzania,2021-04-28,Standard,886.63
1260,Heather Bailey,johnsonmichael@example.com,Antigua and Barbuda,2021-06-25,Basic,1025.91
1261,Kristy Pope,ofuller@example.com,Papua New Guinea,2023-11-04,Basic,525.51
1262,Aaron Robinson,barrysheppard@example.net,Lao People's Democratic Republic,2025-10-14,Standard,2315.89
1263,Mr. Evan Lee,costajack@example.org,United Kingdom,2023-06-11,Basic,6292.79
1264,Erika Sparks,xwalls@example.org,Lao People's Democratic Republic,2021-02-22,Premium,4733.19
1265,Michael Hernandez,patricia18@example.org,Bhutan,2023-12-26,Standard,8320.17
1266,Erin Miller,georgewoodward@example.net,Monaco,2024-08-29,Basic,5434.82
1267,David Thornton,morrowcindy@example.com,Bahamas,2025-01-27,Standard,4176.82
1268,Connor Newman,willisjesse@example.net,Dominica,2025-12-29,Premium,7628.27
1269,Jennifer Dunn,fsalas@example.net,Antarctica (the territory South of 60 deg S),2020-12-05,Premium,4436.40
1270,Christina Salazar,john55@example.org,China,2023-12-06,Standard,2854.59
1271,Gabriel Dunn,ericdavis@example.com,New Caledonia,2023-06-06,Basic,8512.79
1272,Angelica Schneider,tlane@example.net,Kenya,2020-04-24,Basic,9745.26
1273,Jessica Freeman,kristen07@example.org,Burundi,2021-06-30,Basic,5706.34
1274,Anthony Little,marylopez@example.net,Saint Pierre and Miquelon,2021-09-27,Standard,161.25
1275,Jennifer Novak,darlenegraham@example.org,Puerto Rico,2024-11-16,Standard,5553.02
1276,John Erickson,jennifer81@example.net,Brunei Darussalam,2024-03-16,Basic,5167.91
1277,Aimee Dickson,sharpjessica@example.com,Russian Federation,2022-06-27,Standard,4496.92
1278,Kimberly Robles,melissa72@example.com,Central African Republic,2024-06-08,Standard,10.69
1279,Mr. Kenneth Morris,michael82@example.com,Iraq,2025-12-24,Standard,5108.02
1280,Cynthia Perez,yrodgers@example.com,Russian Federation,2021-03-29,Basic,3610.81
1281,Debra Bailey,bankskaren@example.net,Honduras,2023-08-16,Standard,7796.24
1282,Michael Lyons,nwright@example.com,Argentina,2023-12-03,Standard,1468.87
1283,Randall Walsh,tyoung@example.net,Cape Verde,2022-11-13,Standard,2779.95
1284,Carrie Patton,pruittjulie@example.org,Turks and Caicos Islands,2022-09-14,Premium,2064.75
1285,Jason Johnson,nashfred@example.net,Mauritania,2021-03-02,Standard,8403.43
1286,Joseph Perry,amypatterson@example.net,India,2023-01-18,Standard,6315.41
1287,Cindy Collins,smiththomas@example.com,Yemen,2023-03-10,Standard,7751.69
1288,Patricia Brown,jeffrey73@example.com,Libyan Arab Jamahiriya,2021-08-31,Premium,108.37
1289,Sarah Lopez,wagnerarthur@example.com,Cook Islands,2020-11-04,Standard,4246.67
1290,Kathryn Park,kariwarner@example.net,Bhutan,2022-09-05,Premium,2384.08
1291,Ruben Smith,nicholsonlinda@example.net,Nauru,2021-04-19,Standard,7988.28
1292,Kevin Martin,paullucas@example.net,French Polynesia,2020-07-13,Standard,7564.53
1293,Amanda Mason,moorevictoria@example.org,Saint Helena,2024-07-15,Standard,4768.39
1294,Ricky Murphy,colinphillips@example.com,Antigua and Barbuda,2021-04-27,Standard,4671.49
1295,Mary Howe,omoore@example.com,Guinea,2021-08-18,Standard,9223.85
1296,Carrie Ramos,leblanckatherine@example.org,Denmark,2023-11-09,Standard,5959.92
1297,Justin Bennett,cstewart@example.org,Spain,2025-07-02,Premium,4096.75
1298,William Johnson,ashley54@example.net,Mongolia,2022-08-31,Standard,7358.70
1299,Courtney Morgan,michaelharris@example.net,Philippines,2025-11-22,Premium,6099.20
1300,Debra Kelly,shawn98@example.com,Panama,2022-01-31,Standard,2295.50
1301,Diane Nielsen,hendersondavid@example.org,Myanmar,2022-08-19,Premium,1351.51
1302,Scott Gonzales,sandra85@example.com,Bhutan,2020-04-15,Standard,3472.46
1303,Dr. Kyle Hall,ypratt@example.org,Malta,2021-07-03,Basic,1474.50
1304,Jeremy Craig,qsmith@example.org,Antarctica (the territory South of 60 deg S),2021-08-08,Standard,9728.79
1305,Alexandra Valdez,gmartin@example.org,Mayotte,2024-09-16,Standard,4847.42
1306,Kathryn Torres,grahamstephanie@example.org,Netherlands,2024-12-30,Premium,9472.20
1307,Rebecca Roberts,taylorpamela@example.com,Bahamas,2022-05-31,Basic,5002.25
1308,Kyle Hernandez,andersonaustin@example.net,Turkey,2025-10-22,Premium,7613.26
1309,Timothy Phelps,codysullivan@example.net,Timor-Leste,2023-07-17,Standard,9485.14
1310,Eric Calhoun,kennethmorales@example.org,Western Sahara,2025-12-19,Basic,6613.07
1311,Roger Simpson,gmarshall@example.com,Georgia,2024-05-29,Basic,3222.79
1312,Thomas Johnson,rodriguezveronica@example.com,Venezuela,2023-08-11,Basic,7401.31
1313,Chelsea Rogers,christopher41@example.com,Cape Verde,2022-06-26,Basic,7096.31
1314,Leonard Smith,patriciabeard@example.net,Trinidad and Tobago,2024-03-27,Standard,3381.26
1315,April Logan,janetcolon@example.org,Sweden,2025-12-19,Standard,6077.12
1316,Kimberly White,rlawson@example.com,Congo,2025-08-19,Premium,2978.38
1317,Chad Miller,elizabeth90@example.org,Montenegro,2023-09-09,Standard,2251.28
1318,Kelly Stone,glowe@example.com,Brazil,2025-12-17,Premium,534.06
1319,Rebecca Schwartz,ghenderson@example.com,Nicaragua,2023-06-27,Standard,9874.13
1320,Dale Stewart,paula82@example.org,Sri Lanka,2024-10-23,Basic,2408.97
1321,Jennifer Raymond,zlowe@example.org,Qatar,2020-02-07,Standard,37.65
1322,Carrie Lewis,howardscott@example.org,Saint Kitts and Nevis,2023-06-06,Standard,9533.73
1323,Michael Cooper,brenda38@example.org,Sri Lanka,2022-09-13,Basic,4138.43
1324,Bryan Owen,murillolisa@example.com,Hong Kong,2024-04-10,Premium,8629.12
1325,Nicholas Perry,zsanders@example.com,Philippines,2020-02-27,Premium,7932.76
1326,Denise Campbell,michaelguerra@example.org,Reunion,2021-02-01,Standard,7682.11
1327,Melanie Williams,moorejulia@example.net,Switzerland,2024-01-06,Standard,8607.33
1328,Jennifer Brewer,nwall@example.net,Peru,2025-11-27,Basic,7686.22
1329,Heather Mcbride,beckysimpson@example.net,Ireland,2022-02-19,Standard,8963.42
1330,Sydney Jarvis MD,rwoods@example.org,Norway,2022-05-24,Standard,1461.01
1331,Sandra Diaz,edgar70@example.org,Saint Helena,2020-06-27,Standard,6442.98
1332,Jamie Mcguire,ncollins@example.org,Northern Mariana Islands,2025-07-26,Premium,9497.10
1333,Victoria Olson MD,theresa36@example.org,Syrian Arab Republic,2020-06-19,Standard,4353.87
1334,Mrs. Stephanie James,wendy15@example.net,Honduras,2021-01-08,Standard,6435.81
1335,Dustin Lopez,ksmith@example.org,Saint Martin,2024-12-08,Basic,6440.08
1336,Thomas Lewis,jschneider@example.net,Chile,2021-01-02,Premium,8583.48
1337,Matthew Ross,qmiller@example.org,Guadeloupe,2022-02-11,Standard,7959.79
1338,Angela Rodgers,mmcdonald@example.org,Mauritania,2025-02-08,Standard,5789.34
1339,Robert Boyle,mklein@example.com,Ghana,2021-02-19,Standard,4986.82
1340,Wayne Ho,raymondlove@example.org,Thailand,2024-04-22,Premium,8253.42
1341,Matthew Best,rnolan@example.com,Uruguay,2021-11-18,Standard,5655.09
1342,Andrea Luna,alexandragarcia@example.com,Greece,2020-06-11,Basic,6673.43
1343,Robert Hawkins,atkinschad@example.net,Mauritania,2020-03-26,Standard,5802.13
1344,Daniel Rogers,wcameron@example.net,Brazil,2025-01-23,Standard,1160.39
1345,Karen Roman,terry59@example.org,Cameroon,2025-02-24,Basic,3911.00
1346,Kelli Walsh,jali@example.com,Morocco,2021-08-21,Standard,8209.27
1347,James Hamilton,jessica38@example.com,Cook Islands,2020-10-02,Basic,2067.95
1348,Jody Carter,robintaylor@example.com,Philippines,2022-03-14,Basic,2713.71
1349,Lisa Hall,youngolivia@example.com,Liechtenstein,2023-02-26,Standard,7825.85
1350,Gerald Graham,toddrussell@example.net,Denmark,2020-07-09,Premium,8079.58
1351,William Gamble MD,tracylogan@example.net,Bahamas,2025-05-15,Premium,943.18
1352,Peter Jordan,csmith@example.com,Colombia,2022-07-04,Standard,8854.34
1353,Bethany Owens,joshua35@example.com,Burundi,2020-05-10,Basic,6779.56
1354,Jay Hammond,mcdonaldchristy@example.net,Taiwan,2022-04-02,Premium,130.99
1355,Ryan Grant,christopher14@example.net,Japan,2025-08-17,Standard,6764.84
1356,Derek Moore,robertsonmark@example.net,Venezuela,2021-09-22,Standard,4015.51
1357,Regina Bennett,kylie66@example.com,Nicaragua,2020-05-25,Premium,3349.53
1358,Antonio Peterson,paul87@example.net,Kenya,2025-11-03,Basic,9388.59
1359,Brian Harris,jamieward@example.com,Spain,2022-08-23,Basic,2855.67
1360,Angela Martinez,tammy83@example.net,France,2025-04-01,Basic,9966.51
1361,Jessica Thompson,brittany40@example.org,Maldives,2022-10-08,Standard,6815.43
1362,Kendra Walker,kevin90@example.net,Papua New Guinea,2022-08-07,Premium,5709.28
1363,Philip Combs,riverastephanie@example.net,Chad,2020-05-14,Basic,769.88
1364,Marie Sanders,qromero@example.org,United Arab Emirates,2020-05-22,Standard,4294.81
1365,Jason Mitchell,kristigregory@example.org,Guatemala,2021-08-14,Standard,2308.50
1366,Michael Rodriguez,mariaoliver@example.net,Turkmenistan,2021-11-22,Basic,5510.00
1367,Marissa Gillespie,qholmes@example.net,Ethiopia,2020-03-11,Basic,2174.51
1368,Faith Bennett,matthew81@example.net,Sudan,2023-12-10,Premium,3779.09
1369,Heidi Jenkins,david82@example.net,Libyan Arab Jamahiriya,2025-01-31,Standard,1759.35
1370,Valerie Mann,rivaserin@example.com,Saudi Arabia,2025-06-30,Standard,8196.15
1371,Jessica Webb,amylopez@example.com,Hong Kong,2025-02-24,Standard,4252.50
1372,Erin Ibarra,ashley18@example.org,Italy,2020-11-11,Premium,8848.55
1373,Cynthia Foster PhD,melissa40@example.org,Andorra,2023-03-15,Standard,8274.26
1374,Hannah Holloway,wattsandrew@example.org,Cape Verde,2022-05-09,Standard,5971.42
1375,Madeline Harvey,byrddeborah@example.org,Estonia,2020-06-20,Standard,3989.32
1376,Kristen Burnett,erik72@example.com,Micronesia,2023-02-16,Premium,5553.87
1377,Paul Edwards,contreraskimberly@example.org,Ethiopia,2022-06-29,Standard,4418.50
1378,Ian Crawford,smithrobert@example.org,Uganda,2023-11-11,Basic,5557.52
1379,Jeffery Miller,jason99@example.org,Bangladesh,2023-07-19,Basic,9116.60
1380,Katherine Harding,beckersteve@example.net,Swaziland,2022-04-24,Standard,1969.82
1381,Jesse Collins,cheryl33@example.net,Macao,2025-10-26,Standard,8487.28
1382,Cassandra Morse,vstevenson@example.net,Singapore,2022-06-20,Standard,642.23
1383,Joseph Olson,kellysmith@example.org,Bulgaria,2020-08-03,Standard,6968.19
1384,Matthew Harrison,harold43@example.net,Suriname,2022-07-27,Standard,7583.61
1385,Mark Mccoy,jenniferkane@example.com,Somalia,2023-12-25,Standard,7772.73
1386,Kelly Whitehead,vflores@example.org,Saint Pierre and Miquelon,2024-03-16,Standard,6636.46
1387,Natalie Stewart,thompsonjonathan@example.org,Benin,2024-06-28,Basic,7671.03
1388,April Reeves,dhale@example.com,Burundi,2021-08-30,Premium,1830.43
1389,Michael Johnston,deanna14@example.com,Honduras,2024-08-28,Standard,8066.50
1390,Mary Pham,ulong@example.org,Tuvalu,2021-08-03,Basic,3967.40
1391,Crystal Velasquez,william31@example.com,Solomon Islands,2024-02-10,Standard,5297.97
1392,Whitney Morris,nortonmatthew@example.org,Tunisia,2022-11-05,Standard,1157.92
1393,Daniel Martinez,marissa41@example.org,Guinea,2022-08-15,Standard,297.74
1394,Regina Ayers,csandoval@example.net,Falkland Islands (Malvinas),2021-09-19,Standard,9666.78
1395,Randall Ramsey,jadecontreras@example.com,India,2025-01-27,Standard,5822.30
1396,Karen Fox,velasquezangela@example.org,Micronesia,2022-12-14,Basic,9186.78
1397,Amanda Crawford,cindy64@example.com,Fiji,2021-02-24,Premium,8758.59
1398,Courtney Rice,aaguirre@example.org,Cape Verde,2021-04-05,Standard,2968.91
1399,Jeffrey Kelly,wardbrittany@example.net,Pakistan,2024-02-14,Basic,3362.99
1400,Angel Clark,danielroberts@example.net,Saint Vincent and the Grenadines,2022-09-30,Basic,1189.56
1401,Jamie Ellis,olsenbarbara@example.org,Mongolia,2025-04-20,Standard,8452.29
1402,Hannah Munoz,curtisgraham@example.net,Tanzania,2023-11-05,Premium,8223.70
1403,Mr. Christopher Kelley,lopezfernando@example.com,Wallis and Futuna,2023-05-12,Standard,8756.52
1404,Tami Young,aprilrussell@example.net,China,2022-12-14,Basic,8290.28
1405,Theresa Perez MD,thomasvalenzuela@example.com,Jamaica,2020-11-18,Standard,1821.09
1406,Joseph Montgomery,lbarber@example.com,Norway,2020-11-05,Standard,5661.00
1407,Teresa Decker,bhensley@example.org,Lebanon,2022-12-15,Standard,9543.35
1408,Matthew Francis,martin89@example.com,Jersey,2023-12-08,Basic,9428.47
1409,Shawn Fischer,elizabeth69@example.org,Ecuador,2025-05-17,Basic,2420.92
1410,Julie Waters,hgray@example.org,Papua New Guinea,2022-09-21,Basic,2583.08
1411,Jennifer Gordon,devon00@example.org,Falkland Islands (Malvinas),2020-08-30,Standard,9477.21
1412,Evelyn Anderson,edonovan@example.com,Norway,2020-08-13,Standard,8053.18
1413,Terry Davis,cclark@example.com,Albania,2020-12-27,Basic,2006.96
1414,Brandy Waters,herreratimothy@example.com,Puerto Rico,2025-08-09,Standard,3487.98
1415,Jerry Smith,nicholas37@example.net,Nicaragua,2021-06-18,Standard,9492.83
1416,Linda Mendoza,manuelmullen@example.com,Christmas Island,2023-04-08,Premium,9937.64
1417,Shirley Carter,ccarpenter@example.org,Yemen,2023-10-28,Basic,5457.36
1418,Javier Atkins,david08@example.org,Chile,2020-04-23,Basic,4140.64
1419,Tom Spence,dmullins@example.net,Tuvalu,2023-07-31,Standard,9883.50
1420,Tiffany Turner,kristopherfarmer@example.org,Bahrain,2024-08-26,Standard,6358.18
1421,Michelle Baker,peter46@example.org,Sudan,2021-07-29,Basic,9164.81
1422,James Torres,prestonlorraine@example.net,Nigeria,2025-04-22,Premium,2410.58
1423,Lisa Lyons,pwilliams@example.com,Cote d'Ivoire,2022-09-09,Standard,3023.96
1424,Melissa Wade,qforbes@example.org,British Indian Ocean Territory (Chagos Archipelago),2022-05-10,Premium,2845.47
1425,Maria Garner,jenniferacevedo@example.net,Palau,2024-08-07,Standard,8976.73
1426,Mrs. Ashley Jackson MD,vnichols@example.com,French Polynesia,2020-09-23,Standard,3369.42
1427,Darren Charles,wardbradley@example.org,Jamaica,2021-01-01,Standard,2472.19
1428,Paul Gomez,imartin@example.com,Iraq,2020-09-10,Standard,8954.32
1429,Crystal Weber,xmarks@example.net,Switzerland,2021-07-03,Premium,3074.69
1430,Carolyn Walker,tylerjames@example.com,Guam,2023-03-06,Standard,2363.37
1431,Jeffrey Martin,jstrickland@example.org,Poland,2024-09-05,Standard,3894.44
1432,Melanie White,gguerrero@example.net,Chile,2021-04-28,Premium,1644.19
1433,Holly Owens,ericshaw@example.org,Antigua and Barbuda,2025-11-24,Basic,7942.40
1434,Cole Ponce,chapmanlaura@example.org,Turks and Caicos Islands,2025-03-23,Standard,7318.55
1435,Reginald Stone,angela45@example.com,Jamaica,2023-07-03,Standard,7349.04
1436,Jessica Dixon,ryan20@example.org,Greenland,2023-12-22,Standard,6597.01
1437,Brittany Velazquez,meganhorton@example.com,Yemen,2024-12-30,Premium,9532.92
1438,Reginald Reed,davishaley@example.org,Fiji,2022-11-11,Standard,6002.11
1439,Marc Neal,ywest@example.org,Grenada,2021-02-16,Standard,659.30
1440,Carrie Bryant,qwood@example.net,Iceland,2021-10-02,Standard,7297.52
1441,Courtney Moore,carsonsharon@example.com,Singapore,2020-06-10,Standard,2682.69
1442,Richard Campbell,kristyprice@example.com,Malaysia,2021-03-01,Basic,4492.50
1443,John Smith,christian87@example.net,French Guiana,2022-11-30,Premium,7618.87
1444,Samantha Saunders,michaelsmith@example.com,South Georgia and the South Sandwich Islands,2025-09-02,Standard,7148.40
1445,Christopher Gillespie,mark94@example.com,India,2022-10-18,Standard,2048.11
1446,Jared Lambert,jasminesmith@example.net,United Arab Emirates,2021-05-29,Standard,8284.53
1447,Tiffany Vasquez,jamestyler@example.org,Norway,2022-09-08,Basic,73.33
1448,Jerry Beard,colin53@example.net,Saint Martin,2024-03-19,Standard,3580.27
1449,Dr. Michael Ashley,zevans@example.org,Peru,2024-02-13,Premium,8533.89
1450,Timothy Sullivan,garzapatrick@example.com,Sudan,2020-04-08,Basic,8501.68
1451,Michael Palmer,jonescheryl@example.net,Korea,2023-03-19,Basic,3904.57
1452,Thomas Walters,nmarshall@example.org,Syrian Arab Republic,2021-07-09,Basic,462.74
1453,Elizabeth Reid,juliandaugherty@example.com,Reunion,2025-09-29,Basic,6501.19
1454,Patricia Gill,amandacortez@example.com,Bosnia and Herzegovina,2023-01-04,Standard,9640.76
1455,Brianna Watts,lopezstephanie@example.net,Spain,2020-04-29,Standard,6421.69
1456,Justin Ellis,valenciahayley@example.org,Lebanon,2024-08-11,Premium,2138.25
1457,Heather Horn,mathew87@example.com,Paraguay,2021-10-14,Basic,3592.48
1458,Anna Harris,brittany52@example.com,Yemen,2021-11-12,Standard,876.97
1459,Sherry Lee,duarteandrew@example.org,Cape Verde,2021-02-18,Premium,6380.25
1460,Alison Rivers,edward92@example.com,Barbados,2025-04-29,Premium,9435.16
1461,Phillip Palmer,sarahcampbell@example.net,New Zealand,2025-03-14,Standard,169.93
1462,Jennifer Sellers,davidmiles@example.org,Cote d'Ivoire,2024-09-05,Basic,9414.80
1463,Maria Farmer,jill57@example.net,French Southern Territories,2025-10-21,Basic,7003.49
1464,Alan Bender,joneskimberly@example.org,Cuba,2024-03-08,Standard,5351.62
1465,Dana Russell,acruz@example.net,Luxembourg,2021-04-30,Standard,8688.02
1466,Mary Butler,diaznicholas@example.org,Australia,2021-09-27,Premium,8063.77
1467,Michael Weaver,jason54@example.com,Malaysia,2022-02-04,Standard,1948.43
1468,David Russo,john66@example.com,Canada,2022-05-29,Standard,8585.39
1469,Derek Bradley,iwilson@example.com,Portugal,2021-03-18,Standard,9316.78
1470,Shawna Murphy,samuelortega@example.com,Niue,2023-09-28,Standard,9265.20
1471,Natalie Boyle,mcculloughdaniel@example.net,Rwanda,2021-06-21,Standard,5317.93
1472,Victoria Johnson,bgonzalez@example.net,Singapore,2021-06-30,Standard,8631.95
1473,Tina Ingram,bonniewarner@example.net,Cuba,2022-05-10,Basic,2330.76
1474,Marisa Jacobs,oconnellcheryl@example.org,Argentina,2023-06-19,Basic,6598.69
1475,Amy Estrada,brian82@example.org,Tonga,2021-08-06,Basic,7916.36
1476,Julie Jackson,craigwilkins@example.net,Liechtenstein,2025-05-08,Standard,1394.66
1477,Renee Stark,cindy47@example.net,Uzbekistan,2024-08-20,Standard,1833.70
1478,Robert Aguilar,bcervantes@example.com,Sweden,2021-09-14,Standard,2275.41
1479,Cory Smith,lrose@example.com,Romania,2023-08-24,Standard,3494.57
1480,Melissa Cox,kristensparks@example.net,Slovakia (Slovak Republic),2023-02-11,Standard,9397.04
1481,Alex Kelly,robert79@example.com,Saint Martin,2020-08-05,Premium,9078.50
1482,Erik Williams,youngjose@example.org,India,2024-08-14,Basic,5874.65
1483,Roger Wright,petersonjeffery@example.com,Nauru,2025-07-02,Standard,7153.20
1484,Jasmine Williams,jorge54@example.org,Greece,2023-08-28,Premium,6217.16
1485,Jessica Goodman,walter53@example.net,Heard Island and McDonald Islands,2020-10-08,Basic,1044.73
1486,Terry Nguyen,iwilliams@example.net,Albania,2021-11-06,Basic,9004.27
1487,Jessica White,gibsonjoshua@example.org,Moldova,2022-02-19,Premium,2270.63
1488,Nicole Scott,betty49@example.org,Sierra Leone,2024-09-25,Basic,624.58
1489,Timothy Davis,oconnormonique@example.com,Netherlands Antilles,2024-02-12,Basic,4369.22
1490,Mark Brown,john96@example.com,Kyrgyz Republic,2024-06-18,Premium,1027.26
1491,Kevin Macdonald,michael70@example.net,Liechtenstein,2021-11-23,Standard,1728.34
1492,Jessica Higgins,dayrebecca@example.net,El Salvador,2023-04-06,Premium,6433.56
1493,Billy Murphy,keith47@example.net,Central African Republic,2021-02-21,Basic,1162.18
1494,Kevin Martin,iperez@example.com,Jamaica,2024-03-22,Standard,7624.44
1495,Eric Davis,johnsonthomas@example.org,Djibouti,2024-05-20,Basic,6187.30
1496,Brian Fisher,ramirezdeborah@example.com,Guadeloupe,2020-12-11,Standard,8000.31
1497,John Bruce,jennifersteele@example.org,United States Minor Outlying Islands,2023-12-08,Standard,7279.39
1498,Brittany Sosa,claytyler@example.net,Mozambique,2021-07-23,Standard,4951.74
1499,Gregory Livingston,afuller@example.org,Russian Federation,2024-06-16,Standard,561.01
1500,Jessica Bryant,tammy18@example.com,Saint Kitts and Nevis,2022-09-09,Standard,8628.86
1501,Matthew Pearson,avilaricardo@example.com,Falkland Islands (Malvinas),2021-05-05,Basic,8659.76
1502,Kathy Brown,kellycarter@example.com,Saint Kitts and Nevis,2020-02-19,Standard,7197.74
1503,Lacey Nichols,colemananna@example.net,Georgia,2025-11-13,Basic,4028.23
1504,Jennifer Johnson,brian17@example.com,Dominica,2021-11-17,Premium,774.34
1505,Joseph Johnson,crowe@example.org,Korea,2024-08-05,Basic,3588.84
1506,Anna Arnold,amoore@example.org,Guadeloupe,2020-05-10,Premium,9901.83
1507,Jean Ibarra,kevinsantana@example.org,Saint Helena,2022-12-27,Basic,6706.05
1508,Henry Decker,brittanymoreno@example.org,Djibouti,2021-10-15,Standard,8901.34
1509,Thomas Arnold,mike48@example.net,Norway,2023-02-05,Standard,6032.10
1510,Megan Hensley,zvargas@example.net,Saint Vincent and the Grenadines,2024-10-04,Basic,9330.33
1511,Caleb Stewart,scottperez@example.net,Tunisia,2024-11-15,Standard,3699.25
1512,Tyler Meza,vday@example.org,Macao,2025-09-05,Standard,1699.28
1513,Melinda Allen,jenkinsdaniel@example.com,Faroe Islands,2022-02-06,Standard,5081.30
1514,Carrie Alvarez,rgardner@example.com,Niger,2022-06-26,Standard,9367.17
1515,Dalton Manning,wgallagher@example.net,Afghanistan,2025-08-12,Basic,7507.85
1516,Karen Pratt,adrian30@example.org,Sweden,2024-07-20,Premium,3643.94
1517,Erin Serrano,alvinreynolds@example.com,Guam,2022-01-25,Standard,3760.47
1518,Juan Taylor,taracharles@example.net,Iran,2020-04-16,Standard,436.97
1519,Scott Yu,lbutler@example.com,Croatia,2023-03-22,Basic,4597.96
1520,Mark Park,denise95@example.org,Sao Tome and Principe,2021-01-06,Basic,7728.91
1521,Sarah Blair,greendouglas@example.com,Tonga,2020-12-20,Standard,9493.35
1522,Carl Spencer,laura45@example.com,Belarus,2021-01-25,Basic,7257.47
1523,Caitlin Smith,cunninghamheather@example.net,Guernsey,2022-04-05,Standard,9673.53
1524,Carrie Rodriguez,hansonlindsey@example.com,Uzbekistan,2024-03-24,Standard,2451.40
1525,Makayla Gibson,eric30@example.net,Mayotte,2021-11-26,Premium,9219.37
1526,Diana Bradford,wellschristopher@example.com,Palau,2020-11-18,Basic,3339.74
1527,Devon Brown,vryan@example.com,Slovakia (Slovak Republic),2020-12-14,Basic,751.16
1528,Jeremiah Jones,ramirezjessica@example.net,Korea,2025-09-11,Standard,3451.83
1529,William Patterson,phall@example.com,Moldova,2021-11-16,Premium,8469.35
1530,Ms. Sarah Murphy,brownjane@example.net,Congo,2021-09-09,Standard,9475.46
1531,Stephen Richards,youngjames@example.com,Cameroon,2022-04-16,Standard,7110.25
1532,Emily Aguilar,amiller@example.org,Guatemala,2021-03-16,Basic,8481.79
1533,Mary Ortiz,igraham@example.com,Central African Republic,2023-04-29,Premium,1856.91
1534,Jennifer Shea,ulynch@example.net,Solomon Islands,2023-06-01,Basic,7434.68
1535,Rhonda Hughes,xjones@example.net,Barbados,2022-06-30,Standard,8370.03
1536,James Williams,debra05@example.org,Luxembourg,2022-10-19,Standard,6864.87
1537,Richard Gill,smoyer@example.net,Denmark,2025-02-25,Basic,653.24
1538,Sara Cox,mclaughlinmelissa@example.com,Isle of Man,2023-08-13,Standard,103.81
1539,Susan Lara,robertssteven@example.net,Iceland,2023-05-15,Standard,3840.95
1540,Philip Smith,nmiller@example.org,Vanuatu,2020-08-15,Standard,1443.90
1541,Patty Parks,zmorales@example.com,Liberia,2024-01-09,Premium,9323.69
1542,Joseph Walton,cfoster@example.org,Holy See (Vatican City State),2020-12-23,Standard,9840.94
1543,Pamela Price,randerson@example.org,Germany,2021-04-17,Basic,6935.24
1544,Michelle Stephens,sherri18@example.org,Uzbekistan,2023-05-16,Basic,4473.11
1545,Erik Johnson,michelle09@example.net,Taiwan,2024-09-08,Premium,4622.32
1546,Lindsey Jimenez,samuel60@example.com,Slovenia,2024-04-17,Standard,6246.12
1547,Lauren Ramirez,thomas55@example.com,Liechtenstein,2024-02-12,Premium,5015.57
1548,Robert Ray,jhernandez@example.net,Nigeria,2024-05-31,Basic,827.23
1549,Sean Walker,conleydawn@example.com,Korea,2022-09-18,Basic,343.58
1550,Shirley Bass,rebeccafarley@example.com,Anguilla,2024-07-20,Basic,2070.25
1551,Rebecca Warren,scottlauren@example.org,Greenland,2025-12-21,Premium,2169.81
1552,Raymond Donovan,brownkevin@example.org,Korea,2020-04-20,Standard,3717.51
1553,Jasmine Rodriguez,amber49@example.org,Kiribati,2020-02-22,Basic,734.64
1554,Alyssa Mitchell,christina18@example.com,Monaco,2020-04-18,Premium,3730.26
1555,Timothy Moore,nathanielgarrison@example.org,Iceland,2021-12-13,Basic,9484.16
1556,Sandra Welch,robertwilliams@example.com,Cambodia,2020-09-16,Basic,4992.85
1557,Chad Jones,courtneytaylor@example.com,Cocos (Keeling) Islands,2020-01-15,Standard,2535.82
1558,Steven Sullivan,knappstephanie@example.net,Mayotte,2025-03-03,Standard,177.18
1559,Richard Ward,laura75@example.net,Mali,2021-11-22,Premium,2519.78
1560,Kevin Smith,nelsonandrew@example.org,Belarus,2021-05-21,Premium,9133.18
1561,Susan Miller,aprilvazquez@example.net,Syrian Arab Republic,2020-01-05,Standard,5060.46
1562,Diana Gutierrez,charlesbrown@example.net,Antigua and Barbuda,2021-08-30,Standard,6509.84
1563,Teresa Farrell,danielking@example.com,Portugal,2023-02-02,Basic,7104.66
1564,Joseph Savage,yvonnehowell@example.com,Zambia,2021-12-08,Premium,9686.43
1565,Paul Dixon,stewartkaren@example.com,Belarus,2020-10-20,Basic,9164.37
1566,William Williams,cunninghamjessica@example.net,Turks and Caicos Islands,2023-06-05,Standard,2864.49
1567,Claire Hernandez,weberlinda@example.net,Belize,2023-12-05,Standard,6134.35
1568,Caitlin Smith,gonzalezmegan@example.net,Saint Lucia,2024-08-22,Premium,8763.53
1569,David Elliott,evansjesse@example.com,Cameroon,2022-09-23,Standard,5610.39
1570,Kyle Hall,dyereric@example.net,Christmas Island,2024-10-17,Standard,6635.65
1571,Dana Thompson,erinblackwell@example.org,Netherlands Antilles,2021-04-24,Premium,955.60
1572,David Butler,anthony20@example.com,Sudan,2025-02-12,Basic,2915.01
1573,Kayla Ramirez,ljohnson@example.com,Honduras,2024-06-15,Standard,8546.33
1574,Melissa Jones,gonzalessean@example.com,Uganda,2022-10-19,Premium,7068.53
1575,Larry Hunt,briana10@example.net,Taiwan,2020-11-03,Premium,6808.41
1576,Tina Fitzgerald,burnscarol@example.com,Kiribati,2022-07-20,Basic,2186.58
1577,Anthony Howard,nicholasfranklin@example.com,Trinidad and Tobago,2024-10-14,Standard,5322.26
1578,Raymond Morgan,ryanbrian@example.net,Tonga,2020-03-22,Premium,5866.80
1579,Joshua Ramos,wpetty@example.com,Puerto Rico,2021-10-04,Premium,5401.18
1580,Jessica Knight,jeremy68@example.com,Serbia,2021-01-28,Premium,5252.71
1581,Krista Baker,williamlowe@example.org,Cote d'Ivoire,2023-10-29,Standard,7513.50
1582,Richard Pierce,eddiecoffey@example.org,Papua New Guinea,2025-01-22,Standard,4174.67
1583,Patrick Noble,zdecker@example.org,Lebanon,2025-10-22,Premium,2130.20
1584,Kimberly Jacobs,vkeller@example.org,Turkey,2021-08-02,Standard,3430.37
1585,James Benson,nwebb@example.net,Cape Verde,2024-03-10,Basic,3101.50
1586,Jason Nelson,sean90@example.net,Burkina Faso,2022-11-06,Basic,4794.73
1587,Jonathan Grant,rebecca68@example.net,Norfolk Island,2025-01-16,Standard,5275.19
1588,Jonathan Moreno,lisa61@example.org,Iceland,2024-11-08,Premium,7694.70
1589,James Ferguson,ryan61@example.com,Colombia,2024-10-21,Standard,5177.14
1590,Danielle Fritz,robert54@example.net,Spain,2023-08-02,Basic,2347.18
1591,Debra Graves,bmaynard@example.com,Sudan,2021-04-03,Basic,5051.75
1592,Allison James,crystalhodges@example.com,Vietnam,2023-09-17,Basic,6223.29
1593,Christine Davis,hreynolds@example.org,Bangladesh,2024-09-01,Basic,6682.82
1594,Kathryn Gordon,brittany95@example.com,Heard Island and McDonald Islands,2025-02-27,Standard,4852.27
1595,Jennifer Kane,gibbsjudy@example.org,Kiribati,2025-09-06,Basic,4712.63
1596,Mary Romero,kim68@example.org,Holy See (Vatican City State),2025-03-26,Premium,8985.36
1597,Timothy Jones,parsonsthomas@example.com,Bangladesh,2023-08-18,Basic,3898.05
1598,Tyler Caldwell,beth07@example.com,Bhutan,2024-04-11,Basic,7420.81
1599,Derek Cook,james04@example.com,Guinea,2024-03-02,Standard,1336.47
1600,Troy Robinson,meghan71@example.com,Andorra,2024-09-05,Standard,4623.38
1601,John Young,taylorvictor@example.org,Qatar,2023-11-06,Basic,6125.95
1602,Cory Riddle,fmartinez@example.net,Macao,2022-01-05,Standard,5368.54
1603,Danny Martinez,stacyreeves@example.net,Ireland,2023-08-05,Standard,1204.19
1604,Nancy Kirk,stephanie34@example.com,Iceland,2021-05-29,Premium,5672.01
1605,Laura Butler,brad52@example.net,Malaysia,2021-08-05,Standard,3476.06
1606,Nicholas Conrad,keithhess@example.net,Russian Federation,2025-08-11,Standard,2630.14
1607,Veronica Lucas,christinamartin@example.net,Bangladesh,2024-11-08,Standard,3124.35
1608,Derek Thompson,ann11@example.com,Israel,2024-01-27,Basic,4231.60
1609,Brian Roberts,huangbrenda@example.com,Barbados,2021-08-22,Standard,2378.47
1610,Michael Smith,smithalexander@example.net,San Marino,2021-12-04,Basic,4910.47
1611,Laura Farmer,dlee@example.org,Botswana,2021-08-17,Standard,3597.40
1612,Mrs. Erin Phillips PhD,jacobsjessica@example.com,Mongolia,2022-12-21,Standard,9158.15
1613,Mary Daniels,thiggins@example.com,Tajikistan,2020-04-15,Premium,2580.97
1614,Joshua Lin,thompsonkenneth@example.com,Netherlands Antilles,2022-02-01,Premium,9925.73
1615,Michael Obrien,aclark@example.com,Zambia,2024-12-02,Basic,1174.18
1616,Mrs. Bethany Cohen,johncarter@example.org,Bahamas,2022-10-05,Basic,3305.78
1617,Jamie Watson,michaelfleming@example.net,South Georgia and the South Sandwich Islands,2024-01-24,Basic,9636.34
1618,Margaret Donovan,petersonsandra@example.org,Congo,2023-07-17,Standard,6441.48
1619,Kevin Stein,ahuerta@example.org,China,2023-08-17,Standard,5000.98
1620,Jessica Miller,christinahoward@example.org,Swaziland,2021-02-12,Standard,4529.63
1621,Madison Green,amills@example.org,Niger,2020-02-04,Standard,4892.72
1622,Robert Smith,smithcarly@example.net,Bermuda,2021-09-13,Basic,2149.86
1623,Molly Delgado,ksmith@example.com,Mexico,2024-04-18,Standard,7721.50
1624,Matthew Maxwell,,Estonia,2023-06-20,Standard,8869.58
1625,Amber Morales,jonathan76@example.net,Solomon Islands,2024-05-03,Standard,7017.28
1626,Paul Webb,donna06@example.com,Korea,2024-05-08,Standard,7217.95
1627,Nicole Wiggins,kperkins@example.net,Saint Pierre and Miquelon,2022-09-30,Basic,5379.69
1628,Melissa Yang,xcarter@example.net,Guatemala,2021-05-11,Standard,7852.05
1629,Eric Morris,lross@example.org,Morocco,2023-04-27,Basic,4980.18
1630,Anthony Robinson,rileyjackson@example.net,Singapore,2020-01-02,Standard,7549.08
1631,Erica Wallace,samuel77@example.com,American Samoa,2020-12-02,Standard,1731.07
1632,Lori Harris,jhampton@example.com,Guernsey,2020-01-24,Standard,9145.09
1633,Jennifer Velasquez,alexandermorgan@example.org,Bahamas,2023-07-26,Standard,5623.94
1634,Thomas Smith,hdaniels@example.net,Iran,2025-06-23,Standard,5023.49
1635,Wendy Sanders,ycook@example.net,Bermuda,2022-04-04,Standard,5294.89
1636,Kristen Greene,amy78@example.com,Macao,2022-10-05,Standard,7076.11
1637,Michael Whitaker,jthomas@example.com,Mauritania,2025-09-29,Standard,8126.00
1638,Heather Allen,donnahawkins@example.net,Wallis and Futuna,2021-05-20,Standard,2096.97
1639,Kelly Warren,kimberlywilliamson@example.net,Argentina,2025-01-27,Basic,8441.84
1640,Mrs. Tiffany Webb,epadilla@example.com,Syrian Arab Republic,2023-08-22,Standard,8579.32
1641,Benjamin Ramirez,angie58@example.com,Gabon,2022-08-14,Standard,8595.87
1642,Joseph Thompson,gilbertmartin@example.com,Bolivia,2025-05-09,Standard,8470.33
1643,Adam Castro,leslie25@example.org,Paraguay,2021-04-21,Basic,7228.01
1644,Glenn Pacheco,douglas67@example.org,Liechtenstein,2023-08-22,Standard,995.41
1645,Stephen Clark,robinwhite@example.net,Algeria,2025-06-17,Basic,8740.50
1646,Jennifer Robertson,karinamorales@example.org,Brunei Darussalam,2021-10-06,Standard,5083.41
1647,Dr. Alex Harrison DDS,michael82@example.net,Martinique,2020-07-04,Standard,1913.63
1648,Kimberly George,edwardsamy@example.net,Eritrea,2022-01-14,Basic,991.29
1649,Margaret Anthony,usosa@example.net,Falkland Islands (Malvinas),2022-11-17,Basic,1573.35
1650,Gregory Smith,xwong@example.net,Norway,2025-07-30,Standard,185.72
1651,Kristin Allen MD,daniel91@example.net,Gabon,2021-05-04,Basic,8990.41
1652,Thomas Mccormick,richardsolis@example.com,French Polynesia,2022-05-11,Standard,7126.10
1653,Catherine Rogers,susanwatson@example.com,Grenada,2020-10-15,Premium,8391.36
1654,Ann Brooks MD,johnsonkaitlyn@example.org,Guinea-Bissau,2022-05-03,Basic,4700.28
1655,Lauren Davis,williammiddleton@example.com,Antarctica (the territory South of 60 deg S),2025-10-03,Basic,737.34
1656,Christopher Edwards,theresa66@example.com,Jordan,2022-09-21,Premium,3534.35
1657,Christopher Morrison,pclark@example.net,Costa Rica,2025-03-06,Basic,7303.65
1658,Brandon James,linpatricia@example.org,Saint Lucia,2022-10-09,Standard,1353.66
1659,Patrick Chang,arthur77@example.net,Solomon Islands,2022-10-14,Standard,8943.52
1660,Shannon Love,cookricky@example.org,Saint Barthelemy,2024-06-08,Standard,1627.58
1661,Laura Allen,dawnclark@example.net,Honduras,2025-10-25,Basic,3677.01
1662,Jerry Adams,kellysimpson@example.com,Burkina Faso,2022-05-01,Standard,729.62
1663,Barbara Kennedy,jason08@example.net,Papua New Guinea,2022-07-13,Premium,5984.10
1664,Briana Rivera,evanselizabeth@example.com,Jordan,2021-05-14,Standard,5151.53
1665,Ariel Campbell,linda88@example.net,Liechtenstein,2022-05-08,Standard,8606.83
1666,Anna Fisher,bradley20@example.net,Hungary,2025-05-22,Standard,4973.46
1667,Joseph Adams,david76@example.com,Qatar,2025-03-02,Standard,7012.17
1668,William Guerrero,stephenfox@example.net,Saint Kitts and Nevis,2020-01-12,Standard,5015.58
1669,Charles Johnson,robinsonjessica@example.org,Georgia,2025-03-21,Standard,3451.31
1670,Randy Garner,lortega@example.com,Brazil,2021-07-13,Premium,5969.65
1671,Terri Hopkins,shermansusan@example.com,French Southern Territories,2022-07-26,Basic,2904.25
1672,Michael Ryan,szuniga@example.net,Maldives,2021-01-28,Standard,5168.96
1673,Barbara Webster,gomezmaria@example.org,Bahamas,2020-07-14,Basic,792.88
1674,Kelly Blake,randallcruz@example.org,Cameroon,2022-11-26,Standard,6267.91
1675,Sandra Coffey,allisonjacobs@example.net,Cameroon,2021-10-29,Premium,8299.33
1676,Crystal Roberts,fisherkaren@example.org,Northern Mariana Islands,2021-05-11,Standard,353.36
1677,Karen Johnston,wardamy@example.net,Dominican Republic,2022-07-30,Standard,4070.49
1678,Daniel Kelly,tannerclark@example.org,Slovenia,2024-03-15,Standard,5714.53
1679,Michael Warren,qgray@example.com,Argentina,2025-11-02,Standard,4459.23
1680,Mark Smith,alvaradopaul@example.net,Nauru,2021-09-23,Premium,2072.51
1681,Andrea Lopez,dunnalexander@example.net,Iran,2025-03-22,Premium,3737.70
1682,Tina Wise,osbornekatherine@example.net,Antigua and Barbuda,2022-05-28,Standard,756.34
1683,Martin Moran,braychristopher@example.net,Tunisia,2023-10-13,Standard,8944.61
1684,Julie Campbell,unelson@example.org,Wallis and Futuna,2020-09-12,Premium,7061.99
1685,Anthony Anderson,tfarrell@example.net,Sweden,2025-07-20,Standard,6529.13
1686,Travis Stephens,iryan@example.org,Saudi Arabia,2022-04-05,Basic,673.70
1687,Connie Gomez,theresa35@example.org,Central African Republic,2022-06-24,Basic,346.10
1688,Karen Howard,mia68@example.org,Pakistan,2025-12-14,Standard,8582.84
1689,Breanna Stevens,russelldouglas@example.com,Canada,2023-08-10,Standard,5099.00
1690,Brian Jenkins,sarahponce@example.net,Paraguay,2024-03-27,Basic,2568.88
1691,Nancy Lopez,tayloremily@example.net,United States of America,2021-03-20,Premium,5195.11
1692,Cody Kane,bryan@example.com,Afghanistan,2021-01-01,Premium,5111.35
1693,Laura Bishop,saunderslaura@example.net,Cuba,2021-11-17,Basic,45.46
1694,Nathan Davis DDS,gregory76@example.com,Slovakia (Slovak Republic),2023-01-15,Standard,6438.33
1695,Amanda Hughes,dianacraig@example.net,Oman,2025-04-27,Premium,2536.31
1696,Tammy Jackson,ebyrd@example.net,Holy See (Vatican City State),2022-11-02,Basic,9711.39
1697,Jennifer Osborne,ryanaustin@example.org,Kiribati,2022-07-06,Basic,1227.04
1698,Joanne Rollins,dbishop@example.com,Tonga,2025-04-09,Basic,8591.27
1699,Kim Smith,ucooper@example.com,Belarus,2023-11-15,Premium,6315.58
1700,Colleen Grant,panderson@example.com,Korea,2020-03-31,Standard,1371.39
1701,Jessica Harris,wesleywells@example.org,Papua New Guinea,2023-01-19,Basic,167.61
1702,Valerie Hamilton,john62@example.org,French Guiana,2020-01-04,Premium,8681.75
1703,Marvin Hale,amythompson@example.com,Mauritius,2025-11-13,Standard,2519.74
1704,Heather Delacruz,deborahwilliams@example.org,Burkina Faso,2020-11-18,Premium,2504.80
1705,Natasha Nichols,,Cayman Islands,2025-10-20,Premium,1873.73
1706,James Rodriguez,burkekelsey@example.org,Belarus,2022-01-01,Standard,7637.62
1707,Christian Perez,paulwood@example.com,Saint Vincent and the Grenadines,2021-11-13,Standard,3468.94
1708,Nathaniel Anderson,bradleyamanda@example.org,Netherlands Antilles,2020-02-27,Premium,597.89
1709,Samantha Hernandez,madisonbutler@example.org,Turkmenistan,2021-02-23,Standard,6284.64
1710,Michael Miller,oromero@example.net,Tokelau,2023-01-26,Premium,7753.94
1711,Thomas Gilmore,arthurkelly@example.org,Turkey,2022-11-24,Standard,4455.45
1712,Katherine Simmons,johnrowe@example.com,Spain,2023-09-29,Basic,2821.10
1713,Stephen Smith,hortonlisa@example.com,Sri Lanka,2023-04-07,Standard,4327.71
1714,Megan Calderon,ambernash@example.com,Macao,2023-12-07,Standard,5385.34
1715,Melissa Webb,williamstiffany@example.org,Jamaica,2025-07-03,Standard,5985.94
1716,Jessica Gomez,kathleen13@example.net,Cocos (Keeling) Islands,2025-04-19,Premium,5.53
1717,Darren Smith,wbutler@example.org,Palestinian Territory,2020-11-24,Standard,4384.38
1718,Nicholas Abbott,rmoss@example.net,Jamaica,2024-05-07,Standard,2994.63
1719,Ashley Brown,stephaniemcgee@example.org,Madagascar,2025-10-13,Premium,1276.65
1720,Troy Jones,kyle77@example.com,United Arab Emirates,2023-02-21,Premium,1838.11
1721,Christine Sutton,jamesmayer@example.org,Thailand,2023-10-13,Basic,8965.86
1722,Jessica Hawkins,cynthia25@example.org,Guadeloupe,2023-02-28,Premium,9980.83
1723,Catherine Alexander,stuartmarcus@example.com,French Guiana,2024-10-23,Basic,6426.97
1724,Robert Kane,grahamjonathan@example.org,Dominican Republic,2022-09-06,Premium,137.35
1725,Carl Nichols,walexander@example.org,Wallis and Futuna,2023-03-14,Premium,20.89
1726,Kimberly Cox,zacharyortiz@example.net,Palau,2025-11-02,Basic,2133.59
1727,Cheryl Guzman,cynthiamoon@example.com,Botswana,2024-05-09,Standard,7906.86
1728,Ashley Lopez,qmcdonald@example.org,Saint Kitts and Nevis,2020-12-20,Standard,9097.94
1729,Derek Garcia,bakermichelle@example.net,Afghanistan,2022-02-04,Standard,2104.38
1730,Jason Herrera,floresdonald@example.net,Togo,2024-09-21,Basic,5958.03
1731,Julie Thomas,allensophia@example.net,Moldova,2021-05-15,Standard,2628.31
1732,Gerald May,butleranthony@example.net,Uzbekistan,2024-11-11,Basic,849.97
1733,Jodi Simmons,yreilly@example.com,Romania,2025-04-28,Basic,630.82
1734,Steve Herrera,micheal56@example.net,Pitcairn Islands,2022-07-27,Standard,3223.16
1735,Brent Martin,bperry@example.net,Saudi Arabia,2020-01-27,Premium,1356.69
1736,Rachel Saunders,yparker@example.net,Cocos (Keeling) Islands,2024-05-31,Standard,5810.05
1737,Andrea Gonzalez,sholden@example.net,Austria,2025-05-12,Basic,6351.66
1738,Cameron Vaughn,frances39@example.org,Denmark,2025-08-09,Standard,5764.81
1739,Brian George,charleneporter@example.org,Mexico,2024-10-02,Premium,1233.64
1740,Kyle Freeman,xmelendez@example.net,Japan,2022-08-01,Standard,7473.06
1741,Meredith Chang,kellygardner@example.org,Montenegro,2020-01-01,Standard,2648.12
1742,Andrew Wiley,scott35@example.net,Vanuatu,2023-05-01,Basic,2151.15
1743,Allen Day,jimmy66@example.com,Czech Republic,2022-01-06,Standard,5049.82
1744,Luke Roberson,nicolegreen@example.org,Vietnam,2021-10-10,Standard,1742.70
1745,Jillian Taylor PhD,jessehunter@example.org,Mexico,2024-03-25,Basic,2490.90
1746,Joan Bond,brianwolf@example.org,Albania,2021-12-22,Premium,3118.46
1747,Bradley Lee,umarks@example.net,Malaysia,2025-07-06,Standard,2984.18
1748,Jill Summers,ugonzalez@example.org,Lithuania,2022-03-02,Basic,759.02
1749,Carrie Wang,corey14@example.org,Marshall Islands,2022-01-08,Standard,8656.43
1750,Jennifer Ward,gabriellara@example.com,Svalbard & Jan Mayen Islands,2022-03-22,Basic,4927.81
1751,Joe Clayton,broman@example.com,Senegal,2020-02-16,Premium,2395.92
1752,Paul Gonzalez,williammack@example.net,China,2024-08-26,Standard,8220.30
1753,Brian Thomas,webbrachel@example.org,Faroe Islands,2024-01-08,Standard,7527.39
1754,Alyssa Moore,fthomas@example.com,Hong Kong,2020-02-27,Standard,4180.19
1755,Jason Jenkins,samuelroach@example.org,Vanuatu,2021-06-26,Basic,6450.55
1756,Justin Johns,oward@example.net,Nepal,2023-06-18,Standard,8594.30
1757,Tiffany Beck,judy80@example.com,Norway,2021-05-09,Standard,5424.50
1758,Zachary Smith,farmerjames@example.com,Tunisia,2024-12-15,Basic,4861.25
1759,Michael Stewart,hsimmons@example.org,Czech Republic,2024-07-04,Premium,8255.94
1760,Stephanie Hughes,stephanie88@example.com,Yemen,2025-08-31,Standard,4321.47
1761,Chelsea Lara,hernandeznatasha@example.org,Solomon Islands,2023-11-03,Basic,5079.38
1762,Summer Johnson,crystalhurley@example.com,Saint Helena,2020-04-13,Standard,6580.88
1763,Sheila Stewart,joyce69@example.com,Saint Pierre and Miquelon,2024-12-23,Basic,4822.15
1764,Janice Chavez,qandrews@example.com,Congo,2025-01-25,Standard,1046.29
1765,Nathaniel Delacruz,kyle77@example.com,Belarus,2023-05-16,Basic,1195.99
1766,Teresa Jones,bennetttheresa@example.net,Moldova,2023-05-12,Standard,9903.29
1767,Mr. Matthew Rios,carol04@example.com,Montenegro,2020-09-19,Basic,5772.75
1768,William Jenkins,vprince@example.net,Turks and Caicos Islands,2022-12-02,Basic,4790.48
1769,Kim Hansen,amyhill@example.com,Ireland,2022-09-05,Standard,6816.27
1770,Angel Moore,holtaaron@example.com,Palau,2020-06-16,Premium,9365.16
1771,Christine Bond,christianwilson@example.org,Tunisia,2024-02-14,Premium,8405.31
1772,Jennifer Smith,john95@example.net,Palau,2025-01-23,Standard,7989.21
1773,Michael Lewis,pauldaniel@example.org,Mozambique,2020-03-04,Premium,9580.76
1774,Ian Allen,jeffrey05@example.com,Pakistan,2020-09-13,Standard,2683.56
1775,Caroline Crawford,jenna38@example.org,Burundi,2020-03-15,Standard,1738.56
1776,Amy Bentley,lopezdorothy@example.com,Germany,2024-06-23,Premium,2888.66
1777,Jeffery Mason,brandon14@example.org,United States Minor Outlying Islands,2025-02-02,Standard,4351.05
1778,Timothy Pope,perezangela@example.com,Western Sahara,2020-01-31,Standard,1579.20
1779,Arthur Gutierrez,robert20@example.org,Anguilla,2021-03-11,Standard,46.97
1780,Thomas Rivas,banksjessica@example.com,Cyprus,2021-07-11,Basic,8724.41
1781,Melissa Fowler,bradleymaldonado@example.com,Moldova,2022-11-04,Basic,8341.81
1782,Elizabeth Kline,williamsjason@example.com,Guatemala,2021-06-21,Basic,5434.94
1783,Michelle Williams,jonathanhuber@example.com,Korea,2023-01-21,Basic,8884.61
1784,Robert Porter,scottfowler@example.com,Martinique,2022-04-08,Standard,6037.16
1785,Joseph Anderson,wmoreno@example.org,Honduras,2022-07-03,Premium,4758.91
1786,Kimberly Wilson,douglas74@example.com,Nauru,2022-02-28,Basic,9152.18
1787,Brent Smith,proctorrenee@example.org,Afghanistan,2021-05-29,Standard,2439.61
1788,Robert Mills,justinberg@example.com,Martinique,2025-09-26,Standard,4335.30
1789,Frederick Stevens,karlagarrett@example.com,Slovakia (Slovak Republic),2025-05-10,Premium,6280.04
1790,Megan Carroll,robertferguson@example.com,Belarus,2020-12-12,Premium,5826.06
1791,Eric Gomez,christinaalvarez@example.com,Hungary,2025-06-28,Standard,9097.09
1792,Louis Howard,vincentmason@example.net,Saint Pierre and Miquelon,2021-08-29,Premium,2007.96
1793,Christine Brown,kjones@example.org,Bahrain,2024-02-10,Premium,1874.20
1794,Douglas Carter,dthomas@example.net,Samoa,2020-03-03,Standard,3844.16
1795,Rita Walton,simmonsanna@example.com,New Zealand,2020-04-15,Premium,386.83
1796,Brooke Nelson,kathryncarney@example.org,Slovenia,2020-02-18,Standard,1156.35
1797,Kelly Stephens,danielparker@example.net,Palestinian Territory,2023-05-28,Premium,6093.17
1798,Angela Maddox,abigailfreeman@example.net,Western Sahara,2021-01-10,Standard,8739.24
1799,Glenn Daniel,kristenbailey@example.org,Czech Republic,2024-04-08,Premium,6891.45
1800,Tracy Fields,jeffreybrown@example.net,Vietnam,2024-04-06,Standard,6160.70
1801,Mrs. Stephanie Nash,jasonsmith@example.com,Swaziland,2020-06-12,Basic,2280.76
1802,Jaime Newman,christinebradley@example.org,Lithuania,2020-07-06,Standard,865.21
1803,Stephanie Glover,michaeldavis@example.org,Norway,2025-07-12,Basic,5542.93
1804,Roy Long,elizabethmitchell@example.org,Aruba,2023-11-04,Standard,4623.10
1805,Dwayne Holloway,rachelwilson@example.net,Vietnam,2023-04-20,Basic,287.93
1806,Michelle Faulkner,hwilliams@example.org,Guinea-Bissau,2020-02-07,Standard,596.52
1807,Nicole Massey,danielle60@example.org,South Georgia and the South Sandwich Islands,2022-06-18,Standard,542.44
1808,Alex Smith,gmitchell@example.net,American Samoa,2024-01-13,Standard,4975.70
1809,Ricardo Oliver,,Holy See (Vatican City State),2020-02-10,Standard,369.30
1810,William Pugh,dukegwendolyn@example.net,Saint Vincent and the Grenadines,2021-06-03,Premium,9608.96
1811,James Glover,ricelaura@example.org,Cayman Islands,2022-03-16,Standard,4881.62
1812,Holly Cohen,pacebrandon@example.net,North Macedonia,2023-11-20,Basic,9913.05
1813,George Carpenter,amanda32@example.net,Argentina,2023-10-30,Basic,8063.02
1814,Vanessa Bates,william80@example.net,Ecuador,2025-10-14,Basic,6202.67
1815,Preston Melendez,jodiwright@example.org,Taiwan,2021-04-21,Standard,304.07
1816,Jessica Alexander,mathewpayne@example.net,Philippines,2020-03-09,Standard,4834.83
1817,Wayne Morgan,heidi52@example.net,Bouvet Island (Bouvetoya),2023-05-13,Standard,9395.90
1818,Michael Zavala,patricia71@example.org,Israel,2021-08-22,Premium,1819.50
1819,Lisa Doyle,amanda09@example.org,United States Minor Outlying Islands,2023-05-21,Standard,2095.80
1820,Brandy Eaton,fmaldonado@example.net,Netherlands Antilles,2024-12-03,Premium,2225.52
1821,Rhonda Greer,stevenmoreno@example.org,Chile,2020-02-21,Standard,2113.86
1822,Michael Perry,andrea53@example.com,Cocos (Keeling) Islands,2022-09-01,Standard,2630.17
1823,Shane Osborn,brobinson@example.com,Gabon,2024-11-16,Basic,829.09
1824,Carl Murray,meghangarcia@example.net,Guatemala,2022-04-27,Premium,8413.41
1825,Chris Hayes,pdouglas@example.com,Guadeloupe,2025-11-18,Standard,6989.44
1826,Jason Lopez,yeaton@example.net,American Samoa,2020-07-29,Standard,1611.36
1827,Angel Dickson,obarrett@example.com,Philippines,2024-10-30,Basic,2177.00
1828,Ashley Kline,bradley13@example.com,Lesotho,2020-07-23,Standard,7920.65
1829,Jeremy Huynh,heather80@example.com,Pitcairn Islands,2022-04-15,Basic,5742.44
1830,Anthony Bush,vkey@example.org,Saint Barthelemy,2023-07-31,Standard,165.29
1831,Monique Nguyen,latoyadavenport@example.org,Greece,2021-01-15,Basic,8139.10
1832,Elizabeth Patton,uschneider@example.net,Cambodia,2025-11-15,Basic,1587.53
1833,Wendy Perez,lewisdaniel@example.com,Turkmenistan,2020-02-15,Standard,8252.17
1834,Russell Patel,mooresally@example.org,Israel,2025-06-04,Basic,3831.87
1835,Carolyn Goodman,steven12@example.net,Tuvalu,2022-05-24,Basic,595.73
1836,Terri Hunter,kimberlygreen@example.org,Montserrat,2023-06-14,Premium,4696.81
1837,James Palmer,christopher22@example.net,Libyan Arab Jamahiriya,2025-07-20,Basic,4957.38
1838,David Collins,vchambers@example.com,Switzerland,2021-08-19,Standard,6843.65
1839,Thomas Johnson,qnash@example.com,Equatorial Guinea,2025-10-04,Standard,1072.25
1840,Jacob Rodriguez,adam76@example.org,Uruguay,2022-06-20,Standard,9449.58
1841,Pamela Johnson,johnsonzachary@example.org,Barbados,2021-04-23,Basic,779.75
1842,Vanessa Morrison,richardsonmary@example.net,Cameroon,2025-01-27,Standard,5108.93
1843,Kathryn Pacheco,kochpaula@example.com,Australia,2021-01-02,Basic,7345.13
1844,Kayla Cannon,ronald27@example.net,Kazakhstan,2020-08-23,Basic,2269.87
1845,Erica Lyons,johnsonalicia@example.org,Cocos (Keeling) Islands,2025-01-27,Standard,7083.25
1846,Jenna Ross,james19@example.net,Serbia,2020-08-15,Premium,4607.46
1847,Lisa Yoder,jenniferthomas@example.net,Mongolia,2022-01-30,Standard,2475.05
1848,Jennifer Solis,bridgetlee@example.org,Iraq,2024-11-21,Basic,8557.06
1849,Natasha Randall,websterrobert@example.net,Trinidad and Tobago,2025-03-02,Standard,3106.46
1850,Karen Thompson,lbarker@example.org,Papua New Guinea,2024-05-13,Basic,7528.72
1851,Holly Mccarthy,tonysmith@example.com,Nauru,2023-04-29,Standard,8796.00
1852,Michael Morgan,pattonann@example.com,Bermuda,2023-12-18,Standard,3469.84
1853,Jane Hart,gregorykevin@example.com,Uganda,2020-12-09,Standard,144.42
1854,Dillon Holmes,burchzachary@example.com,Holy See (Vatican City State),2024-04-10,Standard,5134.63
1855,Anthony Gallegos,benjaminmoore@example.org,Tuvalu,2022-07-27,Standard,6664.71
1856,Alicia Robertson,sarahzimmerman@example.com,Barbados,2022-01-26,Standard,5953.61
1857,Krystal Hurley,bcarter@example.com,Cape Verde,2025-01-05,Premium,5246.50
1858,Christina Townsend,malloryconner@example.com,Georgia,2025-07-14,Basic,9234.94
1859,Karen Torres,mark60@example.org,Isle of Man,2024-07-21,Basic,2703.31
1860,Richard Mack,pattersonbrittany@example.net,Bolivia,2021-02-12,Basic,7078.94
1861,Joseph Sullivan,freemansophia@example.net,Cook Islands,2022-02-17,Standard,1444.98
1862,Adam Wiggins,ccruz@example.com,Jordan,2025-10-01,Premium,5926.13
1863,Chad Dean,conwaybrandon@example.com,Tuvalu,2024-11-13,Basic,5750.64
1864,Amanda Brown,robertsonkylie@example.net,Switzerland,2020-10-19,Standard,284.17
1865,Carol Sharp,zwhite@example.com,French Southern Territories,2025-04-24,Standard,4821.49
1866,Carrie Reyes,ojackson@example.org,Netherlands,2021-04-09,Premium,9573.70
1867,Joseph Clements,melanie62@example.net,Austria,2023-01-25,Basic,299.02
1868,Dillon Yang,mendozaholly@example.net,Russian Federation,2024-09-25,Standard,5882.47
1869,Joseph Lewis,riosmaureen@example.org,Tonga,2021-02-22,Premium,7624.53
1870,Michelle Bryant,stevenkeller@example.com,Barbados,2020-06-13,Standard,5387.67
1871,Kathryn Jensen,holly80@example.com,Gabon,2022-12-29,Basic,4410.57
1872,Benjamin Bryant,patrick96@example.com,United Arab Emirates,2021-10-04,Standard,1889.01
1873,Ernest Lawson,dennis88@example.org,Saint Kitts and Nevis,2025-09-30,Premium,4753.75
1874,Ann Garrison,urobinson@example.com,Qatar,2021-12-24,Standard,2633.01
1875,Christopher Fritz,lauradavis@example.com,Turkey,2024-05-26,Basic,2165.42
1876,Jaime Henderson,bryan33@example.com,Nicaragua,2023-06-25,Basic,2826.03
1877,Dr. Brooke Tanner,berryerica@example.com,Central African Republic,2024-05-13,Standard,625.43
1878,Thomas Davis,patricia66@example.org,Cocos (Keeling) Islands,2023-04-03,Standard,5184.98
1879,Stephanie Hatfield,derrick44@example.com,French Polynesia,2024-11-28,Standard,6144.69
1880,Roy Zhang,crystal85@example.org,Cocos (Keeling) Islands,2022-07-03,Basic,8996.96
1881,Kristen Glenn,kennethperkins@example.com,New Zealand,2025-01-06,Basic,7293.40
1882,Dustin Brown,valeriejackson@example.net,Cape Verde,2023-10-01,Standard,3964.80
1883,April Barry,rthomas@example.com,Northern Mariana Islands,2024-01-25,Premium,9326.62
1884,Peter Fuller,jonescarol@example.net,Czech Republic,2023-03-27,Standard,3406.45
1885,Paul Pearson,,Bangladesh,2020-04-19,Basic,6532.80
1886,Krystal Velasquez,smithtammy@example.com,Canada,2022-01-26,Standard,8998.59
1887,Tammy Davis,sandovalbriana@example.org,Mexico,2022-01-25,Basic,9427.92
1888,Dominique Peters,smithmelanie@example.net,Zambia,2025-04-06,Premium,61.03
1889,Lisa Cruz,wochoa@example.org,Haiti,2025-03-13,Premium,8663.02
1890,Michael Mejia,callahanmary@example.com,Bulgaria,2025-04-12,Basic,3129.30
1891,Gary Lang,jason47@example.org,British Indian Ocean Territory (Chagos Archipelago),2021-02-12,Basic,9132.98
1892,Andrew Mcfarland,aliciafrank@example.net,Bahamas,2020-06-16,Basic,4462.76
1893,Eric Alvarez,erica50@example.com,Indonesia,2020-12-02,Premium,4842.70
1894,Maria Johnson,ricejennifer@example.com,American Samoa,2023-03-29,Basic,6641.08
1895,Jessica Calderon,benjamin84@example.net,Spain,2023-11-04,Basic,8579.47
1896,Sandra Peters,murphyjimmy@example.com,Japan,2022-03-27,Standard,4805.72
1897,Daniel Duran,polson@example.net,Guam,2023-08-19,Basic,131.17
1898,Bryan Ortiz,ariasroberta@example.com,Kyrgyz Republic,2021-03-18,Standard,8454.56
1899,Stacey Cruz,yross@example.com,Eritrea,2020-07-11,Basic,355.54
1900,Tyrone Coleman,vcox@example.com,Bolivia,2023-08-17,Standard,1545.51
1901,Sharon Cox,blackburnstanley@example.org,Poland,2025-10-03,Standard,4520.06
1902,Mitchell Evans,elizabethpowell@example.net,Saint Lucia,2021-04-23,Standard,6846.85
1903,Elizabeth Mathews,georgejohnson@example.org,China,2021-05-26,Basic,3161.26
1904,Dominique Jones,kathleen41@example.net,Thailand,2022-02-23,Basic,1763.53
1905,Barbara Cook,ashley19@example.com,Barbados,2021-12-23,Basic,9392.54
1906,Jeffrey Hunt,timothy38@example.org,Andorra,2023-08-13,Standard,3831.79
1907,Rebecca Mays DDS,kimberlygardner@example.net,Lao People's Democratic Republic,2023-05-05,Premium,75.41
1908,John Keller,wolsen@example.net,Jamaica,2023-09-10,Basic,6931.41
1909,Megan Chase,fosterrobert@example.net,Ecuador,2024-06-23,Standard,2626.44
1910,Jonathan Brown,millercrystal@example.org,Slovenia,2025-11-23,Standard,3966.58
1911,Charles Martinez,petersontamara@example.com,Puerto Rico,2024-06-27,Premium,8974.95
1912,Rodney Morris,eeverett@example.com,Guernsey,2020-04-03,Basic,6187.07
1913,John Lyons,ericataylor@example.org,Jordan,2023-09-11,Basic,318.41
1914,Natasha Gonzales,tiffanyrhodes@example.net,Eritrea,2021-08-20,Standard,7001.63
1915,Joy Johnson,shaun02@example.com,Dominica,2022-10-09,Basic,5362.29
1916,Kevin Morrison,zachary04@example.org,Central African Republic,2025-03-18,Standard,1569.55
1917,Joshua Holland,mitchell18@example.org,Holy See (Vatican City State),2022-10-14,Basic,1821.20
1918,Jason Evans,cummingschelsea@example.org,Bulgaria,2020-07-12,Basic,9641.04
1919,Jeffrey Davis,erik17@example.org,North Macedonia,2020-01-06,Standard,7088.90
1920,Russell Haynes,zmcguire@example.net,Burundi,2021-07-15,Standard,8416.78
1921,Michael Powell,qgonzales@example.net,Barbados,2022-05-16,Standard,781.77
1922,Ann Riley,anthonymartinez@example.org,Zambia,2022-10-20,Premium,5965.48
1923,Anthony Oconnor,lauren92@example.net,Hungary,2023-01-17,Premium,7800.27
1924,Stephanie Hartman,tina91@example.org,Morocco,2025-04-14,Standard,7606.92
1925,James Avila,adeleon@example.org,Kuwait,2024-06-23,Premium,9747.83
1926,Michael Costa,rallen@example.net,South Georgia and the South Sandwich Islands,2024-09-04,Standard,7540.73
1927,Veronica Williams,carsonlarry@example.org,Guam,2024-03-06,Basic,4226.16
1928,Linda Blankenship,pamunderwood@example.com,British Indian Ocean Territory (Chagos Archipelago),2024-07-11,Standard,7619.69
1929,Shawn Miller,kristina56@example.net,Palestinian Territory,2021-12-25,Standard,8461.31
1930,Mckenzie Murphy,edwardmorgan@example.org,Pakistan,2025-10-16,Premium,8434.18
1931,William Hayes,javierpoole@example.org,Egypt,2021-05-07,Basic,2311.94
1932,Ronald Andersen,deckeranthony@example.org,Turks and Caicos Islands,2021-04-19,Standard,8240.27
1933,Daniel Taylor,lmiller@example.org,Azerbaijan,2023-10-02,Standard,3587.85
1934,Amber Parks,william04@example.com,Bhutan,2020-04-17,Basic,2587.79
1935,Steven Rowe,ashley56@example.org,Iraq,2025-06-07,Basic,6985.47
1936,Stephanie Moore,ffuentes@example.org,Saint Lucia,2024-07-23,Basic,9966.36
1937,Jeremy Morgan,sgriffin@example.net,Dominican Republic,2024-12-31,Standard,1187.24
1938,Mr. John Hurst Jr.,jennifer18@example.org,Nigeria,2021-03-29,Basic,398.79
1939,Jay Hale,amandabaker@example.org,Moldova,2023-11-21,Premium,1516.49
1940,Tracy Robbins,smithsharon@example.com,Ukraine,2023-08-04,Basic,956.16
1941,Katherine Wilson,wrightrobert@example.net,Saint Vincent and the Grenadines,2023-01-08,Standard,5456.93
1942,Kelly Perez,lisa02@example.org,Northern Mariana Islands,2021-09-23,Premium,1160.34
1943,Joshua Smith,adamsnicole@example.org,Japan,2022-11-24,Standard,1020.28
1944,William Allen,carolbeck@example.org,Lithuania,2021-10-20,Premium,2493.25
1945,Alexis Wood,aaron87@example.net,Western Sahara,2024-02-12,Basic,5083.58
1946,Derek Rhodes,heidirussell@example.org,United States Minor Outlying Islands,2023-02-07,Standard,4576.59
1947,Justin Kelley,crystalramsey@example.org,Kazakhstan,2020-06-14,Basic,7371.15
1948,Cassandra Sanders,holly50@example.net,Austria,2024-01-01,Premium,2000.32
1949,Michael Green,hamiltonreginald@example.com,Mexico,2020-12-08,Standard,8789.45
1950,Clarence Valdez,lesliehudson@example.org,Solomon Islands,2025-01-10,Basic,5192.40
1951,Jason Hall,williamglover@example.com,Jamaica,2021-02-20,Basic,9074.95
1952,Melanie Hayes,stonekenneth@example.net,Canada,2025-06-14,Basic,1192.96
1953,Phillip Carlson,,Jersey,2020-05-19,Basic,6679.86
1954,Randall Nguyen,amanda33@example.org,Cambodia,2025-11-30,Standard,6797.24
1955,Paul King,jessicarogers@example.org,Lesotho,2025-09-18,Basic,4823.77
1956,Kristin Moore,donna27@example.org,Montserrat,2025-03-19,Premium,2304.88
1957,Daniel Robbins,reevescarol@example.net,Bahrain,2025-07-12,Standard,9419.27
1958,Bruce Moore,isabeltran@example.net,Russian Federation,2024-07-06,Standard,6330.15
1959,Cody White,katherine19@example.org,Martinique,2024-10-21,Basic,6247.54
1960,Brandi Barber,laurakelly@example.com,Guyana,2024-05-29,Basic,1453.22
1961,Nicole Klein,darrylpeterson@example.com,Chad,2022-09-02,Standard,7468.53
1962,Michael Thomas,ibarrera@example.net,Aruba,2022-06-02,Premium,1124.31
1963,Michele Colon,sandra83@example.org,Marshall Islands,2022-11-15,Standard,6130.86
1964,Michael Mcpherson,pnoble@example.net,Malaysia,2024-04-03,Standard,8553.08
1965,Randy Gonzalez,smithamber@example.net,Turkey,2021-12-26,Standard,3732.86
1966,Timothy Henderson,reneejackson@example.com,Equatorial Guinea,2021-01-06,Premium,4955.22
1967,Mitchell Wilson,evelyn44@example.com,Central African Republic,2025-03-22,Standard,6885.53
1968,Micheal Brown,jaredreed@example.org,Malta,2020-06-21,Basic,6020.82
1969,Jessica Green,ppreston@example.net,Bulgaria,2025-09-22,Basic,785.38
1970,Sierra Williams,mary49@example.net,Cape Verde,2024-06-28,Basic,8088.05
1971,Joshua Johnson,michaelvelez@example.com,Afghanistan,2023-05-01,Basic,1341.06
1972,Amanda Novak,mark35@example.net,Gabon,2025-09-08,Standard,6953.11
1973,Angela Bowen,joshua36@example.com,Taiwan,2025-08-01,Premium,2289.62
1974,Aaron Johnson,wvargas@example.com,Nepal,2025-09-30,Standard,713.96
1975,Glenn Moore,wrighthannah@example.org,Guam,2025-08-23,Basic,9327.79
1976,Terry Peterson,gordonjacob@example.com,Papua New Guinea,2025-04-29,Standard,5668.47
1977,Luke Matthews,ffrank@example.com,Saint Martin,2022-01-02,Premium,1907.16
1978,Amber Smith,jessicahorton@example.com,South Georgia and the South Sandwich Islands,2025-11-10,Premium,7017.67
1979,David Adams,thomas92@example.net,Benin,2020-02-17,Standard,2990.06
1980,Jorge Watson,kpham@example.com,Mauritania,2025-01-27,Premium,6710.85
1981,Randy Hunter,sandra03@example.com,Italy,2025-12-17,Basic,1351.66
1982,Austin Harper,sotoclaire@example.com,Netherlands,2020-08-28,Basic,7122.30
1983,Kyle Moore,zsnow@example.net,Antarctica (the territory South of 60 deg S),2020-12-02,Standard,4043.67
1984,Stephanie Gardner,lanceballard@example.net,Martinique,2025-01-20,Standard,2061.20
1985,Richard Shepherd,tjimenez@example.net,Malta,2022-08-17,Standard,2030.64
1986,Katie Harris,mariagoodman@example.com,Bahrain,2021-07-04,Standard,9904.05
1987,Susan Walker,michaelpacheco@example.net,Guinea,2023-03-24,Premium,5581.10
1988,Adrian Pena,garciamichele@example.com,Syrian Arab Republic,2023-06-13,Basic,7299.04
1989,Michael Sherman,barbaraterry@example.net,Aruba,2024-09-16,Premium,195.06
1990,Julie Porter,hicksdarrell@example.org,Croatia,2021-03-10,Premium,8606.33
1991,Jennifer Moore,paulbryant@example.net,Macao,2025-01-28,Standard,2669.88
1992,Julie Gonzalez,lisamedina@example.com,Gabon,2021-12-27,Basic,6831.33
1993,Brian Brewer,donna22@example.net,Hong Kong,2020-02-28,Standard,6627.37
1994,Jamie Martinez,foxtheresa@example.com,Kenya,2020-05-01,Standard,1700.94
1995,Nicholas Anthony,ashleyflores@example.org,French Polynesia,2023-08-16,Premium,785.98
1996,Angela Norris,mosstyler@example.net,Croatia,2024-05-12,Basic,4286.38
1997,Barbara Boyd,davidmiller@example.com,Guam,2023-05-14,Standard,7187.75
1998,Michelle Holmes,heidi12@example.net,Heard Island and McDonald Islands,2022-03-03,Standard,2516.13
1999,Christine Porter DVM,ricetammy@example.net,Sweden,2020-10-11,Standard,365.93
2000,Jason Roberts,kellyapril@example.net,Mauritius,2020-05-31,Standard,5926.10
2001,Andrea White,george37@example.net,Poland,2020-01-19,Standard,4512.80
2002,Thomas Young,dlove@example.net,Israel,2022-05-24,Premium,198.20
2003,Linda Lamb,bryantamanda@example.org,Lesotho,2020-04-02,Standard,6453.82
2004,Jill Jenkins,kenneth05@example.com,Tokelau,2021-09-07,Standard,385.54
2005,Jerry Roman,deanna17@example.com,United States of America,2025-01-31,Premium,7566.29
2006,Jared Cisneros,amorgan@example.net,Botswana,2020-04-07,Standard,3057.07
2007,Cheryl Carroll,meyerstina@example.com,Mozambique,2023-07-31,Standard,5636.08
2008,Melissa Ritter,justin11@example.org,Ghana,2020-12-29,Basic,8048.87
2009,Ann Cooper MD,tmartinez@example.net,Romania,2021-09-02,Standard,8084.16
2010,Jesus Rollins,javier24@example.com,Sudan,2023-10-31,Standard,9079.41
2011,James Smith,sean72@example.com,Antarctica (the territory South of 60 deg S),2021-12-29,Standard,3212.21
2012,Rodney Gardner,tbrock@example.com,Andorra,2023-01-09,Standard,4771.27
2013,Dr. Jonathan Thomas,xjohnson@example.net,Algeria,2020-04-11,Standard,5840.52
2014,Hannah Fox,williamsjoy@example.com,Cook Islands,2025-05-03,Standard,4988.97
2015,Sydney Taylor,cruzkathryn@example.com,Azerbaijan,2024-07-01,Basic,6409.73
2016,Dr. Keith Kennedy,rmanning@example.com,Cape Verde,2024-07-21,Basic,9730.02
2017,Deanna Noble,lmcdonald@example.net,Georgia,2024-11-03,Premium,3996.17
2018,Yolanda Davis,ericross@example.com,Gibraltar,2021-04-10,Basic,7015.39
2019,Tammy Allen,jose77@example.org,Madagascar,2024-01-18,Basic,557.24
2020,Julie Guzman,lowewilliam@example.org,Sao Tome and Principe,2020-05-10,Basic,7621.94
2021,Danielle Lewis,lisariley@example.com,San Marino,2024-11-17,Standard,887.92
2022,Andrew Ayala,jessica09@example.com,Saudi Arabia,2023-07-31,Basic,1082.02
2023,Sarah Perez,jburke@example.net,India,2020-02-13,Basic,1142.62
2024,Tyrone David,bryansanchez@example.org,Myanmar,2023-10-08,Premium,5715.69
2025,Steven Donovan,katherine55@example.net,Tunisia,2022-02-17,Standard,382.29
2026,Tina Clark,caldwellchelsea@example.com,Sudan,2025-01-09,Standard,3049.75
2027,Samantha Mitchell,harrellrebekah@example.org,Northern Mariana Islands,2021-03-12,Standard,1043.57
2028,Marcus Hays,baileyjonathan@example.com,Malaysia,2020-09-06,Basic,490.74
2029,John Hines,thomasmary@example.org,Iraq,2025-06-17,Basic,8106.77
2030,Brandi Green,crusso@example.org,South Africa,2021-02-11,Standard,1462.57
2031,Andrew Moran,brian92@example.org,Guernsey,2023-07-20,Premium,6340.68
2032,Elizabeth Joseph,sararamirez@example.org,Philippines,2022-04-26,Basic,8972.80
2033,Joseph Pugh,xross@example.net,Hong Kong,2022-03-17,Standard,1395.63
2034,Jennifer Graham,wpena@example.net,Liberia,2025-04-05,Standard,6489.34
2035,Meredith Mcbride,dannyflores@example.net,Comoros,2022-03-15,Standard,7028.49
2036,John Francis,anna85@example.org,Egypt,2025-02-15,Standard,5659.02
2037,Michael Medina,pamela84@example.com,Madagascar,2020-06-24,Premium,902.09
2038,Bruce Velasquez,matthewsawyer@example.net,Tonga,2023-06-27,Basic,7466.78
2039,Matthew Burns,garycardenas@example.com,Bhutan,2022-11-21,Standard,6285.88
2040,Matthew Bennett,ramirezjohn@example.org,Norway,2022-11-04,Basic,2533.95
2041,Joseph Newton,tammy09@example.org,Jordan,2024-01-14,Standard,3870.14
2042,Natalie Barnes,travisjames@example.net,Jamaica,2025-12-06,Basic,8003.14
2043,Cheryl Phillips,melissa77@example.com,Holy See (Vatican City State),2024-01-06,Standard,6472.97
2044,Roger Newman,melissagibson@example.net,Switzerland,2023-10-27,Premium,8598.95
2045,Gina Ramsey,mark47@example.com,Portugal,2020-04-12,Basic,704.90
2046,Alexis Vargas,froach@example.net,Belize,2021-11-26,Basic,2924.95
2047,Jared Brady,michael00@example.org,Guernsey,2024-12-08,Premium,5759.02
2048,Ronald Cervantes,carterbrian@example.net,Kuwait,2021-02-06,Basic,3489.35
2049,Lisa Taylor,pittmanashley@example.com,Angola,2022-11-27,Premium,308.41
2050,Jennifer Taylor,sandraschwartz@example.org,Hungary,2020-06-02,Standard,7627.26
2051,Sarah Massey,floresjohn@example.net,Swaziland,2023-10-10,Basic,6924.23
2052,Kayla Dunn,hayeschristopher@example.net,Kuwait,2024-10-21,Basic,8381.32
2053,Melody Marshall,whall@example.org,Lao People's Democratic Republic,2024-12-07,Standard,564.38
2054,Roy Garcia,john28@example.org,Isle of Man,2023-10-07,Standard,2873.85
2055,Jacqueline Mendoza,mollyoliver@example.net,Luxembourg,2021-02-16,Standard,1684.24
2056,Shannon Williams,karenbeltran@example.net,Trinidad and Tobago,2024-08-21,Basic,1752.86
2057,James Erickson,vargasmichael@example.com,Benin,2022-04-29,Premium,3675.31
2058,Julie Morales,gilbertbrian@example.com,Gibraltar,2025-06-24,Premium,2452.70
2059,Nathan Singh,kevin30@example.com,India,2023-11-25,Standard,5939.01
2060,Angela Sullivan,morganandrew@example.com,New Caledonia,2022-08-27,Standard,4345.98
2061,Brittany Carroll,palmerjames@example.net,Mongolia,2023-10-08,Basic,3993.51
2062,Jason Sanchez,wrightryan@example.org,French Polynesia,2022-10-21,Basic,5376.39
2063,John Hicks,jamesferrell@example.org,Bouvet Island (Bouvetoya),2020-12-03,Premium,8733.11
2064,Shaun David,ybell@example.com,Tunisia,2022-12-02,Standard,6543.64
2065,Aaron Gordon,jacobhensley@example.com,Iran,2023-10-16,Premium,9664.92
2066,David Williams,lindatorres@example.net,Germany,2020-06-09,Basic,3153.51
2067,Jose Martin,williamsrichard@example.org,Seychelles,2025-06-16,Basic,6729.91
2068,Brianna Cunningham,katherine30@example.com,Costa Rica,2022-08-29,Standard,311.92
2069,Joseph Franco,cruzjames@example.com,American Samoa,2023-12-19,Standard,9570.81
2070,Douglas Simmons DDS,lford@example.net,Pitcairn Islands,2022-06-16,Standard,5577.74
2071,Marisa Burns,jonathansmith@example.org,Saudi Arabia,2024-03-31,Standard,1980.07
2072,Mrs. Lori Brown,katherine23@example.com,Libyan Arab Jamahiriya,2025-01-26,Basic,8370.51
2073,Michael Hudson,vincenthall@example.net,Tokelau,2023-10-17,Basic,2859.01
2074,Kelly Spears,tjohnson@example.org,Syrian Arab Republic,2021-06-29,Standard,2148.28
2075,Christine Brooks,ellenmartinez@example.net,Andorra,2025-07-23,Basic,5746.06
2076,Melissa Rubio,judithwright@example.com,Iraq,2020-10-17,Standard,2365.15
2077,Tracy Ruiz,zacharycollins@example.org,Cyprus,2024-01-22,Standard,8230.23
2078,Michelle Diaz,jasoncook@example.org,Greenland,2025-04-05,Basic,4794.83
2079,Lisa Wright,jonesmitchell@example.net,United States of America,2023-08-15,Standard,323.15
2080,Samantha Wilson,phernandez@example.net,Azerbaijan,2022-12-01,Standard,3262.21
2081,James Dawson,vickie27@example.org,Gambia,2021-03-08,Standard,5005.40
2082,David Walker,joshualiu@example.net,French Polynesia,2021-03-31,Basic,5108.13
2083,Karen Duncan,william34@example.org,Korea,2020-07-04,Basic,9100.52
2084,Jessica Newton,michael91@example.com,Tanzania,2020-06-14,Standard,690.51
2085,Cynthia Walker,jasminealexander@example.org,Peru,2025-12-20,Basic,4678.27
2086,Pedro Hansen,brian07@example.org,Brunei Darussalam,2023-11-06,Standard,2889.56
2087,Sarah Snyder,curtis38@example.org,France,2020-12-19,Basic,7657.28
2088,Kelly Ho,reyesvictoria@example.com,Gibraltar,2022-01-22,Basic,704.00
2089,Justin Lara,joshua03@example.org,Egypt,2021-10-15,Basic,1550.13
2090,Charles Miller,portiz@example.org,Grenada,2022-03-13,Basic,2733.10
2091,Thomas Richards,melissa98@example.org,Niger,2024-09-26,Premium,108.87
2092,Benjamin Salazar,lbrooks@example.org,Croatia,2024-10-07,Standard,7530.34
2093,Lynn Johnson,richard72@example.net,Kiribati,2025-01-31,Basic,7600.94
2094,Gerald Jensen,rodgerscraig@example.net,Poland,2020-12-20,Standard,5172.68
2095,Nicole Davis,ofloyd@example.com,El Salvador,2023-01-27,Basic,7022.28
2096,Heather Morrison,devindiaz@example.org,Bouvet Island (Bouvetoya),2025-01-04,Basic,8187.53
2097,Frank Smith,williamsanthony@example.com,Puerto Rico,2024-12-13,Premium,3047.24
2098,Jennifer Murphy,mford@example.org,Sierra Leone,2021-08-15,Standard,7400.05
2099,Christina West,tonya19@example.org,Saint Pierre and Miquelon,2021-04-01,Basic,3971.35
2100,Craig Brown,hallchristina@example.com,French Guiana,2020-11-01,Premium,593.41
2101,Edward Brewer,adamsdavid@example.org,Svalbard & Jan Mayen Islands,2022-10-11,Basic,549.22
2102,Richard Klein,fwhite@example.com,Hungary,2024-04-17,Standard,863.54
2103,Joe Cline,julianmartin@example.com,Moldova,2025-04-05,Standard,8560.50
2104,Dana Shaw,oedwards@example.com,Indonesia,2025-04-08,Basic,2954.88
2105,Ashley Thomas,marissa74@example.com,Somalia,2023-08-11,Basic,647.99
2106,Adam Brewer,omcmahon@example.com,Monaco,2022-08-26,Standard,3887.35
2107,Emily Gutierrez,franklin17@example.org,Iceland,2025-01-13,Basic,9400.06
2108,Timothy Wright,dakota07@example.com,Rwanda,2025-05-30,Standard,8988.28
2109,Michelle Edwards,harrisjoshua@example.net,Italy,2023-10-09,Basic,8905.97
2110,Amy Munoz,drewbailey@example.com,Venezuela,2024-01-12,Standard,6624.91
2111,Brenda Stewart,olsenkathleen@example.org,Samoa,2021-11-24,Basic,3978.68
2112,Nicholas Murray,paul59@example.org,Liberia,2024-11-05,Standard,5208.68
2113,Sarah Fox,robertkerr@example.net,Malaysia,2025-09-26,Standard,4995.98
2114,Jonathan Tran,iwallace@example.net,Guatemala,2024-10-05,Premium,739.80
2115,Amy Caldwell DDS,,Tokelau,2020-03-13,Premium,8341.28
2116,Shawn Rodriguez,michael03@example.net,Andorra,2020-12-26,Standard,1439.97
2117,Johnathan Martinez,williamsanchez@example.org,Nauru,2021-10-13,Standard,4305.80
2118,Daniel Robbins,collinsgary@example.com,Guinea-Bissau,2023-06-06,Basic,1447.70
2119,Michael Hall,barry28@example.com,France,2021-12-24,Standard,9274.54
2120,Alyssa Young,washingtonjacqueline@example.org,Bolivia,2024-05-03,Standard,5818.69
2121,Casey Collins,twest@example.com,Lithuania,2022-06-27,Basic,7109.36
2122,Richard Rodriguez,millersarah@example.com,Saint Pierre and Miquelon,2024-09-11,Standard,5391.38
2123,Elizabeth Melton,samanthaburton@example.com,El Salvador,2021-06-13,Basic,7514.28
2124,Amanda Rangel,robertlin@example.com,Japan,2023-04-30,Premium,9546.08
2125,Patricia Cortez,revans@example.net,Malaysia,2024-02-22,Basic,9896.43
2126,Kelly Adams,catherine97@example.com,Eritrea,2024-02-15,Premium,3831.35
2127,Lawrence Gibson,thayes@example.org,Greenland,2020-08-23,Standard,6141.88
2128,Jeremy Patterson,diane15@example.com,Tokelau,2022-08-23,Standard,3724.82
2129,Scott Brady,hbenson@example.com,Jamaica,2021-09-20,Standard,3148.73
2130,Kevin Lewis,nicholasfrost@example.net,Myanmar,2023-06-06,Basic,4861.27
2131,Cameron Benjamin,alicia47@example.net,Malaysia,2021-06-26,Standard,1772.13
2132,Robert Ruiz,scott82@example.com,Australia,2022-09-19,Premium,3505.61
2133,Marie Carter,alicialeon@example.com,Equatorial Guinea,2022-05-07,Standard,1975.28
2134,Robert Munoz,melissa51@example.com,South Georgia and the South Sandwich Islands,2020-11-15,Basic,9977.95
2135,Jerry Martin,davidthomas@example.com,Hungary,2020-11-06,Basic,8223.96
2136,Elizabeth Huynh,vduncan@example.com,Jamaica,2022-03-01,Basic,1132.74
2137,Matthew Davis,stevensjonathan@example.net,Sweden,2023-01-08,Standard,559.05
2138,Christian Smith,benjamin30@example.net,Burkina Faso,2025-12-04,Basic,2528.95
2139,Christopher Flores,summerskelly@example.net,Montenegro,2024-04-08,Premium,7643.68
2140,Kimberly Montgomery,joseph66@example.org,Puerto Rico,2021-05-12,Standard,1521.36
2141,Holly Henderson,rkoch@example.org,Italy,2022-06-08,Basic,4966.22
2142,Jamie Conway,riversraven@example.org,Saint Martin,2022-10-28,Basic,4728.78
2143,Ashley Rose,cameronjohnson@example.org,Montenegro,2020-02-08,Basic,665.12
2144,Matthew Hooper,williamskim@example.net,Saint Vincent and the Grenadines,2024-11-30,Standard,25.16
2145,Robin Cruz,christophermartin@example.net,Mayotte,2022-10-25,Basic,1923.02
2146,Patricia Fernandez,ufrye@example.com,Congo,2022-05-26,Premium,2005.35
2147,Julie York,marshallsamantha@example.org,Norfolk Island,2022-12-07,Basic,5621.83
2148,Mary Garcia,wnunez@example.com,Cote d'Ivoire,2024-08-10,Premium,6757.72
2149,Connie Castro,ashley78@example.com,Armenia,2024-11-04,Basic,4024.83
2150,Sheryl Simmons,john15@example.net,Uzbekistan,2022-10-26,Basic,1809.02
2151,Cameron Moreno,leslieburke@example.net,Northern Mariana Islands,2025-03-25,Basic,1196.01
2152,Elijah Mitchell,jameskenneth@example.org,Korea,2023-06-04,Basic,3560.37
2153,Laurie Harris,smartinez@example.net,Iraq,2025-12-09,Standard,160.83
2154,Ashley Thomas MD,gabrielpalmer@example.net,Monaco,2023-03-01,Basic,8822.09
2155,Christopher Waller,sharongill@example.net,Heard Island and McDonald Islands,2020-04-28,Premium,940.22
2156,Rebecca Davis,ofields@example.com,Dominican Republic,2025-09-15,Standard,1090.81
2157,Brian Fisher,mprice@example.net,Uruguay,2025-07-30,Basic,2478.55
2158,Sarah Bell,smithlorraine@example.org,United Arab Emirates,2020-11-26,Basic,6401.09
2159,Jacqueline Anderson,amberwang@example.org,Bangladesh,2022-12-15,Premium,2822.41
2160,Alexander Hale,myersbrian@example.com,France,2025-08-10,Premium,5357.80
2161,Ronald Rivera,fporter@example.com,New Caledonia,2020-04-06,Standard,8907.79
2162,Loretta Alexander,omcbride@example.org,Timor-Leste,2025-08-22,Premium,1198.46
2163,Theresa Drake DDS,maryharris@example.net,Latvia,2020-02-21,Premium,8426.59
2164,Catherine Colon,zacharyking@example.net,Central African Republic,2025-05-30,Standard,9689.77
2165,John Myers,angelagonzalez@example.net,Croatia,2022-02-19,Standard,8137.55
2166,Anne Hill,garrettdaniel@example.org,Sao Tome and Principe,2024-07-01,Standard,5583.40
2167,Robert Archer,andersonmichael@example.org,Yemen,2025-07-30,Standard,5546.24
2168,Rachel Santiago,levycassandra@example.net,Benin,2020-03-20,Standard,2156.53
2169,Leslie Parker,debraaguilar@example.org,Antigua and Barbuda,2022-10-01,Standard,5908.28
2170,Thomas Tucker,qpalmer@example.net,Anguilla,2021-06-13,Standard,1144.89
2171,Caitlyn Perez,christopher15@example.com,Hungary,2025-01-12,Standard,6599.30
2172,Joshua Williams,phillipnoble@example.org,Nauru,2025-08-07,Standard,3270.78
2173,Monica Chavez,smolina@example.org,Lesotho,2023-04-05,Standard,9858.09
2174,Christy Weber MD,shannon60@example.com,Canada,2025-08-04,Basic,1391.71
2175,Sean Adams,rreed@example.com,Mauritania,2020-03-17,Premium,2557.53
2176,Angelica Houston,imcbride@example.com,Cambodia,2024-09-21,Basic,4215.43
2177,Jenny Price,lisa54@example.net,Luxembourg,2021-10-31,Basic,1501.20
2178,Robert Carter,qrowe@example.net,United States Minor Outlying Islands,2024-01-13,Premium,9512.42
2179,Joseph Mcclure,ugregory@example.net,Netherlands Antilles,2023-09-02,Basic,303.22
2180,Erin Fernandez,cphillips@example.net,South Georgia and the South Sandwich Islands,2022-02-14,Premium,939.25
2181,Miss Tracy Schmidt,jerrygarcia@example.org,Estonia,2022-12-31,Standard,9098.05
2182,Destiny Harris,kfigueroa@example.net,Sri Lanka,2025-04-19,Premium,8977.26
2183,Billy Hamilton,sydney12@example.net,Ireland,2021-02-21,Standard,4798.11
2184,Ashley Clark,,Korea,2020-11-29,Basic,4041.96
2185,Jordan Short DVM,tanyapearson@example.com,Sudan,2021-10-14,Standard,3247.76
2186,William Williams,hcarpenter@example.net,Bhutan,2021-05-12,Standard,6679.25
2187,Megan Patel,adam62@example.net,Vanuatu,2023-04-05,Basic,756.89
2188,Reginald Gregory,craighernandez@example.com,Afghanistan,2021-06-14,Basic,5700.08
2189,John Walker,ortizmary@example.com,Argentina,2020-05-26,Standard,4884.22
2190,Samantha Flores,courtneyconner@example.org,Reunion,2021-07-23,Basic,6597.93
2191,James Kelley,foxemily@example.com,Iraq,2021-08-16,Basic,9808.72
2192,Frank Williams,carolynhanson@example.com,Ethiopia,2025-11-23,Standard,7758.74
2193,Jeffrey Martin,laura20@example.net,Reunion,2022-12-06,Standard,3084.70
2194,Amber Gates,elliottvanessa@example.net,Benin,2020-03-13,Standard,3952.81
2195,Robert Moss,kingmichelle@example.net,Guinea-Bissau,2021-03-18,Basic,4531.16
2196,Nicholas Terry,matthew69@example.com,Reunion,2021-12-11,Premium,3806.50
2197,David Johnson,andersonroy@example.com,Nicaragua,2023-04-13,Premium,5597.57
2198,Steven Williams,lozanojanice@example.org,Grenada,2023-02-19,Standard,5090.35
2199,Loretta Smith,mosleysherry@example.com,New Caledonia,2021-03-04,Standard,6508.75
2200,Anna Bird,daviswilliam@example.com,Turkey,2022-11-08,Basic,5414.18
2201,Paul Cordova,uho@example.org,Rwanda,2025-10-10,Premium,5279.81
2202,Kristin Wiley,samuel41@example.net,Egypt,2020-08-24,Basic,1164.96
2203,Christopher Williams,millergary@example.org,Congo,2022-09-07,Basic,6926.06
2204,Alexander Rojas,kbrown@example.org,Estonia,2025-07-04,Standard,1826.19
2205,Rachel Gonzalez,david83@example.net,Equatorial Guinea,2024-01-24,Standard,9478.60
2206,Dennis Barrera,alexander95@example.net,Saint Kitts and Nevis,2021-01-11,Premium,3984.39
2207,Dana Hogan,pparks@example.com,Aruba,2022-12-06,Basic,9531.80
2208,Lisa Burke,wmccoy@example.net,Palestinian Territory,2023-01-28,Basic,3033.07
2209,Brenda Evans,tsimpson@example.org,Mauritius,2021-11-30,Standard,6117.75
2210,Belinda Warner,gharris@example.com,Italy,2023-08-26,Standard,8059.87
2211,Jackson Thomas,thomasphelps@example.net,Philippines,2021-03-17,Standard,5672.64
2212,William Wood,agomez@example.net,Botswana,2023-06-17,Premium,7039.14
2213,Jodi Miller,pattersoncarol@example.com,Namibia,2024-01-08,Standard,9410.24
2214,Laura Long,oblevins@example.net,Cote d'Ivoire,2020-09-13,Standard,5340.24
2215,Dana Carter,vlee@example.com,Swaziland,2025-02-23,Basic,8572.91
2216,Patricia Ramirez,wharris@example.org,Mexico,2025-08-24,Premium,8436.34
2217,Susan Wheeler,leonardbowman@example.org,Sweden,2023-09-10,Standard,1764.10
2218,Mr. Christopher Ramos MD,wilsonrobert@example.net,Uzbekistan,2022-01-04,Standard,9821.63
2219,Holly Ross,bobbymiller@example.com,Australia,2020-11-03,Standard,5466.63
2220,William Dixon,padillaamber@example.net,Cote d'Ivoire,2022-07-31,Standard,1178.42
2221,Richard Russell,marissa07@example.com,Benin,2023-03-23,Basic,64.05
2222,Brandi Flores,bhudson@example.net,United Kingdom,2024-06-23,Standard,6483.54
2223,Melinda Wolfe,bennettmatthew@example.org,Morocco,2024-08-07,Standard,3483.50
2224,Ashley Mayo,ymontoya@example.com,Argentina,2020-08-16,Standard,5446.52
2225,James Hood,hgray@example.net,Marshall Islands,2024-05-28,Basic,4293.06
2226,Joseph Young,bpeters@example.org,Yemen,2022-11-09,Standard,7166.05
2227,Joshua Baker,heatherelliott@example.com,Anguilla,2024-03-17,Premium,9579.77
2228,Corey Mitchell,wriley@example.com,French Southern Territories,2022-04-23,Basic,1442.14
2229,Timothy Mcguire,nbrown@example.org,Benin,2023-02-24,Standard,8882.47
2230,Joseph Hicks,virginia25@example.net,Egypt,2022-01-29,Standard,3988.12
2231,Mark Miller,bruce92@example.com,Peru,2022-09-28,Standard,3791.84
2232,Joshua Glass,rachel54@example.com,Iraq,2023-06-04,Standard,9175.94
2233,Scott Quinn,juliecook@example.com,Hungary,2021-09-28,Standard,9006.01
2234,Jonathan Adams,xrogers@example.com,Swaziland,2025-10-26,Basic,314.00
2235,Jeffrey Chaney,laurenparker@example.org,Bouvet Island (Bouvetoya),2020-11-22,Standard,8916.30
2236,Laurie Benson,panderson@example.org,Bangladesh,2023-07-30,Standard,8283.95
2237,Christopher Cook,craneerik@example.org,Seychelles,2021-03-06,Standard,68.78
2238,Rose Deleon,brandi04@example.org,British Indian Ocean Territory (Chagos Archipelago),2023-10-26,Premium,8920.54
2239,Michael Fleming,hawkinsmichael@example.org,Dominica,2020-10-11,Standard,9146.84
2240,Kiara Davis,bautistakelly@example.org,Bahrain,2021-04-25,Standard,9590.06
2241,Karina White,petersadam@example.com,Greece,2022-08-03,Standard,3067.19
2242,Charles Richardson,jamie94@example.com,Sudan,2023-09-10,Basic,8907.78
2243,Jennifer Durham,qwatson@example.net,Chile,2024-01-04,Premium,5767.37
2244,Ashley Gross,hrobertson@example.org,Ghana,2020-07-01,Standard,3796.80
2245,Michael Cordova,stoutjoshua@example.org,Namibia,2024-03-25,Basic,7026.99
2246,Jimmy Walker,lopezjessica@example.com,Dominica,2023-10-26,Basic,236.65
2247,Lisa Yang,harrisontodd@example.com,Moldova,2021-09-27,Basic,4120.79
2248,Willie Vaughn,bguzman@example.net,Czech Republic,2021-09-27,Standard,7734.27
2249,Gary Graham,janice22@example.com,Seychelles,2020-08-22,Standard,7787.46
2250,Cynthia Rivera,michaelwilliams@example.net,Aruba,2021-11-10,Standard,7218.89
2251,Allison Hall,nicholas40@example.net,Ethiopia,2023-04-28,Basic,686.07
2252,Edgar Gray,simslinda@example.org,Venezuela,2022-06-12,Standard,2913.94
2253,Mackenzie Graham,jeremylopez@example.net,Belize,2022-09-14,Standard,5882.55
2254,Stephanie Atkinson,stewartamber@example.org,Serbia,2025-10-14,Premium,7773.28
2255,Anthony Davidson,bellchristian@example.net,Latvia,2021-12-24,Standard,7111.63
2256,Paul Evans,kellis@example.org,El Salvador,2024-05-14,Standard,9081.79
2257,Rhonda Cobb,jorgelee@example.com,Afghanistan,2020-04-30,Premium,2445.55
2258,Katie Armstrong,qhines@example.org,Sri Lanka,2024-02-16,Basic,4622.47
2259,Casey Gordon,robertsmatthew@example.org,Jamaica,2024-06-21,Standard,2426.08
2260,Ashley Young,djames@example.org,Guyana,2020-04-20,Standard,8366.59
2261,James Martinez,courtney87@example.com,South Georgia and the South Sandwich Islands,2020-02-15,Standard,276.01
2262,Michael Velasquez,ashleysmith@example.org,Korea,2020-07-28,Basic,4362.87
2263,Brittany Roberts,tammy91@example.org,Zambia,2025-12-02,Basic,8940.83
2264,Christina Garcia,,Kiribati,2023-03-14,Standard,3228.55
2265,Norman Herring,pwilliams@example.org,Aruba,2023-10-04,Premium,8562.50
2266,Thomas Boyd,vellis@example.net,Myanmar,2020-12-20,Basic,209.97
2267,Vincent Bean,neilking@example.net,Saint Lucia,2021-04-13,Standard,1891.04
2268,Destiny King,careybrittany@example.com,British Indian Ocean Territory (Chagos Archipelago),2020-01-30,Premium,4719.37
2269,Angela Villegas,tamarataylor@example.com,Wallis and Futuna,2024-02-19,Basic,6036.07
2270,Melissa Fitzpatrick,meyersjennifer@example.net,Finland,2022-11-20,Standard,8717.76
2271,Angela Olson,ramireztroy@example.org,Marshall Islands,2025-06-23,Standard,1551.00
2272,David Mckenzie,joseph00@example.org,Bermuda,2023-08-16,Premium,1683.55
2273,Nathan Hernandez Jr.,shafferjohn@example.org,Maldives,2024-11-03,Premium,4012.15
2274,Patricia Ford,garciabarbara@example.net,Denmark,2022-07-12,Standard,9875.17
2275,Christie Carlson,christophersmith@example.com,North Macedonia,2020-10-22,Basic,9090.79
2276,Kyle Johnson,deckeralbert@example.com,Reunion,2020-05-18,Standard,4531.29
2277,Gabriel Ramos,danazhang@example.org,Ecuador,2024-04-14,Standard,894.36
2278,James Newton,rachelbarron@example.net,Benin,2024-01-11,Standard,4632.57
2279,Sandra Haynes,meghan47@example.com,Belgium,2025-06-16,Basic,486.02
2280,Katherine Berger,hughesthomas@example.org,Cameroon,2021-03-07,Basic,8591.02
2281,Michelle Fritz,christopher34@example.net,Tonga,2021-05-07,Standard,1138.53
2282,Jeffrey Fernandez,hannahacevedo@example.com,Ireland,2024-03-07,Standard,2483.24
2283,Ashley Perez,asmith@example.com,Latvia,2021-09-03,Standard,177.94
2284,Sara Hill,estone@example.net,Saint Martin,2022-11-30,Standard,8408.50
2285,Randy Reilly,davidcampbell@example.net,Venezuela,2020-11-08,Standard,5483.97
2286,Isabel Cole,meaganjones@example.org,Namibia,2025-09-14,Basic,7426.39
2287,Wendy Lee,mercermary@example.net,Saint Helena,2025-12-12,Standard,9050.02
2288,Jeffrey Perez,tjones@example.org,Northern Mariana Islands,2020-02-03,Basic,7247.82
2289,Hannah Garza,jo76@example.com,Aruba,2024-08-07,Standard,376.02
2290,Thomas Hall,mcconnellalexandra@example.org,Zimbabwe,2023-08-28,Standard,1989.26
2291,Jean Fowler,slewis@example.org,Ecuador,2020-03-19,Basic,2279.56
2292,Louis Long,michaeljenkins@example.com,Andorra,2021-06-01,Standard,2738.83
2293,Lori Morgan,anthony74@example.com,Puerto Rico,2022-05-31,Basic,3969.93
2294,Tony Stewart,john08@example.net,Estonia,2020-08-14,Standard,8860.54
2295,Molly Villegas,jessica07@example.net,Saint Barthelemy,2022-10-31,Standard,523.03
2296,Amber Ramos,malloryreynolds@example.com,Isle of Man,2025-07-03,Standard,7152.74
2297,Tyler Norris,dmorris@example.org,China,2023-09-19,Standard,8761.74
2298,Kim Rogers,wilsonnathaniel@example.org,Botswana,2020-05-20,Basic,7957.97
2299,Eric Alvarez,parrishkimberly@example.net,American Samoa,2021-04-20,Basic,5704.23
2300,Sarah Howard,jacqueline95@example.net,Montserrat,2023-12-09,Standard,4124.08
2301,Barbara Hopkins,fhamilton@example.org,Pakistan,2025-05-29,Standard,9597.83
2302,Andrea Delgado,umurphy@example.org,Cape Verde,2021-05-29,Basic,6939.13
2303,Bobby Mccormick,molly83@example.net,Togo,2024-03-15,Premium,8189.71
2304,Jeremy Ray,james37@example.org,Mauritania,2024-03-13,Premium,9594.18
2305,Brett Williams,weissjessica@example.com,Lebanon,2024-06-24,Standard,6752.12
2306,Amanda Smith,dickersonjoseph@example.net,North Macedonia,2025-01-07,Standard,9298.59
2307,Angela Woods,barbara91@example.org,Russian Federation,2025-03-07,Premium,6344.71
2308,Joshua Oliver,cdyer@example.com,Anguilla,2024-08-02,Basic,5835.59
2309,Mr. Edward Oliver DDS,bterry@example.org,Congo,2025-09-10,Standard,8015.51
2310,Jesse Cantu,kenneth72@example.org,Austria,2023-05-16,Standard,7394.04
2311,Brian Edwards,gmendez@example.net,Marshall Islands,2024-01-20,Standard,2746.97
2312,Margaret Wolfe,pmorgan@example.org,Paraguay,2023-04-10,Standard,3860.00
2313,James Holt,zhoward@example.net,Guatemala,2020-07-09,Standard,6845.38
2314,Lisa Fisher,thomasbrenda@example.com,Romania,2023-01-21,Standard,4781.84
2315,Rebecca Anderson,stonestephanie@example.org,Germany,2023-02-05,Standard,665.23
2316,Sharon Roy,rickywatkins@example.org,Azerbaijan,2023-12-21,Standard,8893.14
2317,Cynthia Stone,sgamble@example.net,Peru,2020-08-16,Standard,8911.14
2318,Lindsay Anderson,hoganchristine@example.org,Croatia,2022-11-04,Basic,6825.00
2319,Joshua Williams,renee21@example.net,Bhutan,2021-12-21,Basic,7148.62
2320,Lisa Ruiz,seanjimenez@example.net,Madagascar,2022-03-23,Basic,8565.94
2321,Edward Whitehead,allenkeith@example.net,Saint Barthelemy,2025-05-14,Basic,684.67
2322,Bryan Wood,lauren28@example.net,Lesotho,2025-09-06,Standard,1220.97
2323,Daniel Carson,kimberlybutler@example.org,Spain,2020-09-12,Standard,6589.27
2324,Taylor Shelton,bgriffin@example.org,United States Minor Outlying Islands,2024-09-04,Standard,8118.59
2325,Bryan Carey,gregory04@example.org,Nepal,2021-02-09,Standard,5101.67
2326,Benjamin Buchanan,haynesmichael@example.org,Trinidad and Tobago,2024-10-27,Premium,2798.81
2327,Tara Bender,zshaw@example.com,Micronesia,2024-05-26,Standard,4867.18
2328,Cody Dawson MD,wdunlap@example.com,Turkmenistan,2025-04-01,Premium,5394.52
2329,Nicolas Rush,usmith@example.com,Guinea-Bissau,2021-01-08,Premium,6305.56
2330,Nicole Young,david37@example.com,Iran,2023-06-26,Standard,172.70
2331,Jeremiah Patterson,richardmitchell@example.com,Andorra,2022-11-05,Standard,9930.92
2332,Desiree Mclean,jacobhernandez@example.com,Costa Rica,2021-06-27,Basic,5791.21
2333,Thomas Thornton,robinsonmichael@example.com,Macao,2023-10-08,Standard,9182.50
2334,Jose Hudson,pwilson@example.com,Germany,2020-08-16,Standard,5418.07
2335,Sarah Diaz,jeffreyroberts@example.com,Moldova,2022-01-12,Standard,2773.72
2336,Jim Smith,cassandraevans@example.net,Palau,2023-06-30,Premium,6557.16
2337,Mark Morrison,brandonedwards@example.org,Falkland Islands (Malvinas),2021-09-10,Standard,2091.76
2338,Kelsey Smith,knicholson@example.org,Croatia,2024-03-25,Premium,2356.05
2339,Brittany Hoffman,ericevans@example.com,Holy See (Vatican City State),2020-08-21,Basic,4082.12
2340,Howard Evans,shale@example.net,Greece,2024-07-19,Premium,3166.34
2341,Jacqueline Rojas,daniel10@example.com,Chad,2025-06-24,Basic,3053.10
2342,Daniel Schneider,gbeck@example.org,French Guiana,2022-05-31,Basic,9983.04
2343,Savannah Rice,rmckenzie@example.net,Heard Island and McDonald Islands,2023-09-28,Basic,857.56
2344,Thomas Wagner,clarkjohn@example.org,Nepal,2025-03-26,Premium,3162.77
2345,Matthew Campbell,goldeneric@example.com,Thailand,2021-07-10,Basic,6065.01
2346,Regina Kennedy,ryanjoshua@example.com,Uganda,2023-02-16,Basic,9982.12
2347,John Campbell,kathy27@example.org,Greenland,2021-03-04,Standard,2771.14
2348,Ronald Esparza,richardflores@example.com,Seychelles,2022-06-05,Basic,9777.05
2349,Jeremiah Mendoza,debraglenn@example.com,New Zealand,2021-12-01,Basic,5257.44
2350,Dale Mann,chapmanmelissa@example.com,Mauritius,2021-06-22,Standard,8279.01
2351,Bradley Esparza,florespatricia@example.net,Nauru,2024-01-28,Premium,6235.57
2352,Cassandra Wyatt,aprilmunoz@example.com,Andorra,2024-02-10,Premium,9730.43
2353,Tristan Brewer,brandon47@example.net,Gabon,2021-04-15,Premium,7024.94
2354,Kara White,salazarsamantha@example.com,Malaysia,2020-01-09,Basic,7024.74
2355,Timothy Parsons,kyle01@example.net,Oman,2022-06-03,Basic,5431.93
2356,Aaron Price,robertsonbenjamin@example.net,Palau,2020-01-08,Standard,8693.20
2357,Brandon Lewis,vwilliams@example.com,Iran,2022-06-09,Standard,3723.95
2358,William Gordon,stewartrichard@example.net,Philippines,2025-05-07,Basic,5673.31
2359,Ricky Charles,fdavis@example.net,Venezuela,2021-09-26,Standard,6850.28
2360,Aaron Flores,aclark@example.net,Algeria,2024-01-04,Standard,8125.22
2361,Angela Nash,hernandezsteven@example.com,Norfolk Island,2020-07-15,Standard,3229.57
2362,Philip Ho,donald50@example.net,Syrian Arab Republic,2025-04-01,Standard,7109.77
2363,Lisa Young,jessica32@example.net,Brazil,2023-09-01,Basic,115.29
2364,Maureen Edwards,valvarez@example.com,Spain,2021-05-08,Standard,1757.91
2365,Frank Perez,kzimmerman@example.net,Saudi Arabia,2024-07-13,Premium,791.67
2366,Michele Mills,williamsjennifer@example.com,Cote d'Ivoire,2022-10-08,Standard,2250.71
2367,Kimberly Patterson,vancerachel@example.org,Kuwait,2024-01-25,Standard,9239.12
2368,Natalie Fleming,michael28@example.net,Ukraine,2023-12-28,Standard,2852.27
2369,Elizabeth Jones,perezlisa@example.net,Cook Islands,2023-12-17,Standard,3817.30
2370,Sean Coleman,jeffreydominguez@example.com,Taiwan,2020-02-29,Basic,5416.98
2371,Jill Williamson,shawnadams@example.net,Iran,2024-03-16,Premium,7504.37
2372,Samuel Maxwell,jill64@example.org,Sao Tome and Principe,2023-04-01,Premium,5662.06
2373,Wayne Cisneros,carterkelsey@example.net,Guatemala,2024-08-31,Basic,6579.18
2374,Sara Guerrero,berrymichael@example.org,Spain,2025-05-01,Basic,2179.55
2375,Brendan Mcmahon,cliffordwilliams@example.net,South Africa,2022-06-13,Standard,1534.62
2376,Nathaniel Dixon,michael17@example.com,French Polynesia,2024-01-26,Standard,9628.95
2377,Marissa Howard,kayla96@example.com,Comoros,2024-02-13,Basic,9745.53
2378,Micheal Holmes,nathan33@example.org,Bangladesh,2020-07-09,Basic,8896.33
2379,Jonathan White,baxterdavid@example.net,Canada,2022-03-04,Premium,4931.00
2380,Michael Jacobs,aperez@example.com,Andorra,2025-07-29,Premium,2241.00
2381,Sylvia Oconnell,pclark@example.com,British Virgin Islands,2022-01-21,Standard,3671.40
2382,Christopher Powell,samuel81@example.org,Marshall Islands,2022-07-07,Basic,3162.23
2383,Ronald White,vhendrix@example.com,Philippines,2023-12-29,Basic,9666.26
2384,Jared Griffith,arivera@example.org,Greece,2024-02-18,Basic,8178.68
2385,Charlotte Tran,gmoore@example.org,Ecuador,2022-08-10,Standard,1053.15
2386,Kevin Graham,sortiz@example.net,Croatia,2021-07-21,Premium,7119.50
2387,Phillip Obrien,marisadixon@example.com,Kenya,2025-09-01,Basic,7338.58
2388,Steven Brown,kimberly56@example.org,Poland,2022-05-02,Basic,3325.03
2389,Phillip Barnes,zberry@example.net,Nauru,2022-01-29,Standard,8470.06
2390,Matthew Knight,cjimenez@example.org,Sao Tome and Principe,2025-01-29,Basic,4776.80
2391,Lisa Hayes,stevensbrittney@example.net,Bahrain,2022-03-02,Standard,7334.55
2392,Eric Williams,michael85@example.org,Kyrgyz Republic,2020-07-25,Basic,5945.52
2393,Raymond Mason,heather53@example.net,Uruguay,2021-11-23,Premium,6070.14
2394,Renee Clark,reneehorton@example.net,Armenia,2022-10-16,Basic,3525.54
2395,Mary Johnson,zdaniels@example.com,Anguilla,2021-09-20,Basic,3698.37
2396,Nathaniel Evans,fstewart@example.com,Tuvalu,2024-12-16,Basic,5330.32
2397,Elizabeth Evans,amberblake@example.com,Ethiopia,2020-09-27,Premium,5913.65
2398,Eric Robbins,lauren12@example.org,Christmas Island,2023-05-05,Standard,8079.10
2399,Angela Hernandez,mckenzierobin@example.org,Bosnia and Herzegovina,2020-11-15,Premium,26.81
2400,Donald Mills,whitejustin@example.org,Croatia,2021-03-11,Basic,5824.00
2401,Ivan Mitchell,murrayjessica@example.com,Syrian Arab Republic,2020-11-18,Basic,4553.94
2402,Jeanette Harrison,ddawson@example.net,Brunei Darussalam,2022-06-10,Basic,3800.36
2403,Steven Garcia,zjenkins@example.org,Falkland Islands (Malvinas),2021-01-13,Standard,5110.23
2404,Adam Lee,allenrobert@example.net,Saint Martin,2024-11-07,Standard,5984.71
2405,Steven Chaney,danny59@example.com,Ethiopia,2021-01-21,Basic,3253.09
2406,Ashley Smith,christy57@example.org,British Virgin Islands,2023-09-04,Basic,5315.16
2407,Lisa Middleton,alison88@example.com,Antigua and Barbuda,2023-11-05,Standard,5929.63
2408,Christian Mclaughlin,steven32@example.net,Turks and Caicos Islands,2020-09-12,Standard,7890.47
2409,Luis George,kmoran@example.org,Burkina Faso,2021-09-29,Standard,7982.98
2410,Melvin Smith,zkerr@example.com,Tanzania,2022-01-25,Basic,8539.86
2411,Brittany Davis,vburnett@example.com,Uganda,2023-03-21,Basic,6676.19
2412,Heidi Reyes,lesliemcintosh@example.net,United Kingdom,2024-02-17,Standard,6078.52
2413,Madeline Miller,anthony48@example.net,Uzbekistan,2023-06-04,Standard,7806.88
2414,Joseph Martin,loriaguirre@example.com,Mongolia,2023-06-25,Premium,3758.28
2415,Sara Moran,jacqueline69@example.org,Kyrgyz Republic,2025-08-24,Standard,443.59
2416,Benjamin Powell,bakerlucas@example.net,Saint Kitts and Nevis,2024-01-04,Premium,8393.35
2417,Christopher Gibson,sharon87@example.com,Guam,2020-12-30,Standard,7214.59
2418,Amanda Johnson,jaredwallace@example.com,Antigua and Barbuda,2025-09-07,Basic,9176.74
2419,Alyssa Solis,wdavidson@example.org,South Georgia and the South Sandwich Islands,2020-10-04,Standard,9879.15
2420,Bradley Carlson PhD,hayesandrew@example.net,China,2023-02-19,Standard,5255.17
2421,Kayla Wang,utaylor@example.org,Taiwan,2022-11-20,Standard,6848.23
2422,Sherri Howard,lyonssandra@example.net,Mozambique,2024-02-13,Standard,7277.11
2423,Lawrence Martin,erin30@example.org,Greece,2020-03-03,Standard,5589.12
2424,Cynthia Houston,mary12@example.net,Italy,2023-04-02,Standard,5185.36
2425,Vicki Berg,grantwendy@example.com,Cote d'Ivoire,2021-05-06,Standard,3300.39
2426,Raymond Lewis,hbenson@example.net,Saint Lucia,2020-09-21,Standard,4460.74
2427,Cameron Wilson,johnsonjessica@example.net,Hungary,2021-01-01,Standard,3467.21
2428,Nancy Smith,shelleyyoung@example.net,Dominica,2020-05-30,Premium,7345.01
2429,Leroy Farmer,jonathonjones@example.com,Sierra Leone,2022-06-27,Standard,4270.45
2430,Benjamin Henderson,christophergilmore@example.org,Slovenia,2020-10-23,Standard,3499.66
2431,Jennifer Meyer,jasmine47@example.com,Puerto Rico,2025-02-19,Basic,5770.64
2432,Adam Foster,tinatran@example.org,Afghanistan,2023-04-10,Basic,1597.15
2433,Suzanne Summers,samuelallen@example.org,Georgia,2021-11-24,Basic,3645.24
2434,Brian Vaughn,john37@example.com,Canada,2025-08-20,Standard,85.45
2435,Angela Yang,tarnold@example.org,Bahrain,2024-08-19,Premium,921.84
2436,Andrew Price,brian81@example.net,Kiribati,2021-04-18,Standard,3689.64
2437,Allison Jordan,kromero@example.com,Sierra Leone,2024-08-29,Standard,1650.21
2438,Deborah Long,cheryl12@example.net,French Polynesia,2024-12-18,Basic,4253.39
2439,Brandon Jimenez,travis12@example.com,Burundi,2021-01-11,Standard,3186.12
2440,Ellen Anderson,jshaffer@example.net,Russian Federation,2025-05-27,Standard,5498.83
2441,Terry Jones,kellycollins@example.net,Afghanistan,2025-05-09,Basic,1033.28
2442,Christina Sanchez,susancollier@example.net,Aruba,2023-01-09,Standard,1999.79
2443,David Armstrong,zpeters@example.net,Paraguay,2023-12-12,Basic,8517.63
2444,Leslie Morgan,shicks@example.net,Iraq,2025-05-17,Standard,3094.08
2445,Samantha Miller,amiller@example.org,Denmark,2021-11-28,Standard,1845.74
2446,Eric Bryant,rosedavid@example.com,Guinea-Bissau,2022-12-08,Basic,5357.66
2447,Ryan Turner,danielle40@example.net,Guinea-Bissau,2021-07-03,Basic,7957.21
2448,Harry Stone,zimmermanmichael@example.net,Senegal,2025-06-10,Basic,6034.32
2449,Michael Rodriguez,paultracey@example.org,Antarctica (the territory South of 60 deg S),2024-04-09,Standard,1066.13
2450,Krista Perkins,kevin85@example.net,Bahamas,2023-03-18,Standard,6546.96
2451,Jessica Leblanc,darren60@example.com,Ukraine,2020-01-30,Premium,3842.95
2452,April Bell,stricklandrandy@example.org,Saudi Arabia,2020-07-16,Standard,3596.57
2453,John Grimes,fskinner@example.net,Malawi,2024-08-08,Standard,4942.19
2454,Lori Macdonald,brookecoleman@example.org,Nicaragua,2024-09-23,Premium,7146.18
2455,Diamond Rowland,samantha64@example.com,Thailand,2021-01-23,Basic,1569.30
2456,Sheila Gillespie,angelanelson@example.net,Japan,2023-09-28,Premium,8388.61
2457,James Myers,epoole@example.com,Sri Lanka,2020-03-02,Standard,193.31
2458,Amy Oneal,pacosta@example.net,Cayman Islands,2024-06-21,Standard,3689.13
2459,Gabriela Thompson,castilloerica@example.com,Jordan,2021-05-24,Basic,9823.28
2460,Mary Olson,varnold@example.net,Dominican Republic,2021-07-30,Standard,1990.93
2461,Larry Burns,iroberts@example.com,Romania,2022-02-07,Standard,5283.79
2462,Cindy Johnson,gstevenson@example.net,Gabon,2024-08-30,Premium,546.66
2463,Brianna Miles,mayerlauren@example.com,Antarctica (the territory South of 60 deg S),2021-01-08,Standard,8442.59
2464,Emily Mays,josephruth@example.com,Cayman Islands,2022-03-18,Standard,7069.45
2465,Mrs. Becky Jones,pagerobert@example.com,Uganda,2022-04-15,Standard,3262.21
2466,Ann Tapia,ckeller@example.org,Argentina,2022-01-19,Standard,9189.96
2467,Kyle White,schmidtpam@example.com,Costa Rica,2022-04-05,Basic,7227.45
2468,Jeffrey Fields,sarahgay@example.org,Argentina,2022-11-26,Standard,7428.64
2469,Darlene Gomez,morganlandry@example.net,Macao,2023-12-21,Standard,579.46
2470,Amy Miller,yevans@example.org,Nepal,2023-09-24,Standard,5857.66
2471,Karen King,angela00@example.com,Antigua and Barbuda,2021-10-14,Basic,4300.68
2472,Karina Long,norma15@example.net,Lesotho,2020-10-25,Premium,4912.70
2473,Stephanie Williams,tiffanyhoward@example.com,Ecuador,2021-05-25,Standard,121.64
2474,Hector Howard,gutierrezdeborah@example.net,Grenada,2022-06-27,Standard,4717.67
2475,James Ruiz,meagan78@example.net,Sudan,2025-07-08,Premium,8231.13
2476,Sally Russell,lopezaaron@example.com,Nicaragua,2025-08-11,Standard,7838.77
2477,Jason Hawkins,katherine47@example.org,Mozambique,2022-05-07,Standard,30.75
2478,Connor Hart,tarascott@example.org,Wallis and Futuna,2022-03-01,Standard,4858.59
2479,Raymond Dean,john40@example.net,Botswana,2025-12-06,Standard,3404.43
2480,Andrea Burton,kellyguerra@example.org,Liechtenstein,2023-03-10,Standard,1481.94
2481,Chloe Pitts,jmyers@example.org,Cuba,2022-12-06,Premium,950.95
2482,Patricia Evans,sextonregina@example.com,Panama,2025-11-03,Standard,9887.97
2483,Edward Horn,rperez@example.com,Sao Tome and Principe,2022-09-01,Standard,5944.69
2484,Paula Guerra,keithkramer@example.net,French Polynesia,2025-11-26,Standard,6701.67
2485,Jay Sanders,glensutton@example.net,Belgium,2025-12-27,Standard,2756.64
2486,Patrick Anderson,nbautista@example.net,Czech Republic,2022-09-12,Premium,6493.28
2487,Dana Ellison,michael23@example.net,Andorra,2025-04-08,Standard,4981.02
2488,Susan Lopez,rossjennifer@example.com,Burundi,2021-07-13,Standard,5052.11
2489,Elizabeth Barry,kristyhernandez@example.org,Uzbekistan,2024-03-25,Premium,5269.56
2490,Deanna Nelson,daniel05@example.com,British Virgin Islands,2021-05-26,Basic,8802.00
2491,Sharon Shields MD,anne46@example.org,Brazil,2020-01-19,Premium,4585.23
2492,Elizabeth Garcia,sharongonzalez@example.net,Swaziland,2021-04-17,Basic,4700.28
2493,Bryan Rodriguez,boydkristen@example.org,Tokelau,2020-11-01,Standard,5353.13
2494,Michelle Ellis,tonyareed@example.net,Guernsey,2023-08-09,Premium,640.79
2495,Susan Taylor,robintravis@example.org,Venezuela,2022-11-18,Basic,2276.44
2496,Aaron Sanders,sandra94@example.com,Guernsey,2024-03-27,Premium,6668.96
2497,David Barnes,stevensalazar@example.net,Fiji,2020-02-22,Basic,4993.08
2498,Phyllis Salinas,ortizangela@example.net,Anguilla,2021-10-14,Standard,6446.20
2499,Michael Cuevas,anthonymcgee@example.org,Saudi Arabia,2025-05-31,Standard,6812.63
2500,Katherine Pitts,brian34@example.org,Russian Federation,2022-04-14,Premium,6497.98
2501,Gregory Taylor,ashley90@example.org,Antigua and Barbuda,2023-10-25,Basic,170.22
2502,Samuel Gutierrez,asims@example.org,Saint Barthelemy,2022-01-25,Premium,6510.84
2503,Kirk Hahn,marieburke@example.org,Cambodia,2023-01-19,Premium,9035.72
2504,Timothy Butler MD,tpatel@example.org,South Africa,2023-09-13,Standard,2511.15
2505,John Sparks,rharper@example.com,Cook Islands,2023-09-26,Standard,9809.09
2506,Timothy Skinner,donald50@example.net,Tajikistan,2020-02-28,Standard,1578.30
2507,Melinda Garner,christopher94@example.org,Bosnia and Herzegovina,2023-09-27,Basic,8092.16
2508,Tony Richardson,glee@example.com,Brunei Darussalam,2022-11-28,Basic,6890.45
2509,Timothy Sherman,adamsmary@example.com,Estonia,2022-04-20,Standard,2574.94
2510,Kevin Hendrix,jeff86@example.org,Sierra Leone,2020-07-23,Basic,4849.90
2511,Andrew Carlson,johnsonmary@example.org,Belize,2025-03-05,Premium,7751.17
2512,Peter Brown,washingtonlogan@example.org,Samoa,2020-04-18,Basic,830.41
2513,Candice Smith,franciskenneth@example.net,Japan,2020-06-11,Basic,6435.61
2514,Anthony Wheeler,adamgreen@example.net,Iraq,2021-12-18,Basic,6125.47
2515,Melissa Farmer,cathyjones@example.org,Taiwan,2021-08-11,Standard,6791.87
2516,Jason Mason,krista54@example.net,Norfolk Island,2025-10-19,Premium,2340.86
2517,Christopher Stevens,adammorris@example.com,Jamaica,2021-07-22,Premium,961.63
2518,Robert Benton,crystal79@example.org,Uruguay,2022-04-09,Basic,7161.77
2519,Kelli Burton,pkim@example.org,Burundi,2022-05-04,Premium,7177.94
2520,Brittany Barnett,lori51@example.net,French Guiana,2020-08-28,Basic,6168.16
2521,Daniel Levy,gardnermark@example.org,Guyana,2024-06-14,Standard,7197.43
2522,Mark Kennedy,taylorphillip@example.org,Central African Republic,2025-11-10,Premium,4802.41
2523,Martin Foley,tony33@example.net,Seychelles,2020-09-15,Standard,2113.30
2524,Kathleen Brown,emilymartin@example.com,Reunion,2024-02-15,Standard,457.34
2525,Stephen Flores,caseyian@example.org,Pakistan,2020-11-23,Basic,738.91
2526,Michael Kelly,mflores@example.com,Brunei Darussalam,2022-06-17,Basic,660.64
2527,Frank Walls,nryan@example.com,Georgia,2022-02-27,Basic,4911.12
2528,Randy Schroeder,iquinn@example.com,Tunisia,2023-08-27,Standard,2005.26
2529,Ashley Clark,ksantos@example.net,Saint Kitts and Nevis,2022-05-09,Basic,5836.21
2530,Rachel Ward,robert01@example.net,Cocos (Keeling) Islands,2021-02-24,Premium,8861.34
2531,Michelle Dickerson,brian84@example.net,Nepal,2022-05-30,Standard,5922.73
2532,Jennifer Mata,andrea71@example.org,Palestinian Territory,2023-09-12,Standard,6183.07
2533,Zachary Edwards,alexandermichael@example.com,Isle of Man,2022-07-28,Basic,4078.03
2534,Sharon Ramos,townsenddenise@example.org,New Zealand,2020-04-22,Standard,4209.07
2535,Matthew Summers MD,johnsonrichard@example.net,Syrian Arab Republic,2024-07-31,Basic,6713.64
2536,James Walsh,jasminestone@example.com,Poland,2020-06-14,Standard,3936.27
2537,Samantha Bentley,hroach@example.com,Russian Federation,2020-05-29,Basic,9888.76
2538,Andrew Jones,mariemiller@example.org,Guatemala,2022-02-26,Standard,5139.98
2539,Juan Hooper,bakerdavid@example.org,Malawi,2024-03-12,Premium,9310.32
2540,Ms. Patricia Reeves,pottertina@example.org,Samoa,2025-08-12,Standard,8680.93
2541,Laura Pineda,elizabeth73@example.com,Costa Rica,2024-12-23,Standard,6663.60
2542,Jonathan Brooks,morenosheryl@example.com,Switzerland,2020-11-24,Standard,3536.51
2543,Daniel Hudson,boydelizabeth@example.net,Barbados,2022-09-04,Standard,210.40
2544,Carrie Stone,andrea41@example.net,Saint Barthelemy,2025-01-30,Basic,5465.32
2545,Frances Ryan,danielle69@example.net,Chad,2024-10-05,Standard,4477.78
2546,Richard Lopez Jr.,patrickharrell@example.org,Greece,2023-01-12,Premium,5142.01
2547,Amy Hughes,tanyawiggins@example.com,Nepal,2021-08-22,Basic,8615.42
2548,Ashley Garcia,danielbaker@example.com,Estonia,2024-07-01,Standard,5784.38
2549,Melissa Goodman,alexandercobb@example.com,Greenland,2025-12-18,Premium,1023.47
2550,Devon Salas,stefaniemoore@example.org,Mayotte,2024-02-05,Premium,1149.36
2551,Heather Quinn,charlescastillo@example.org,Tokelau,2022-04-16,Standard,9596.14
2552,Jenny Brown,lori14@example.com,Costa Rica,2023-04-03,Standard,4683.24
2553,Teresa Evans,aprilroberson@example.org,El Salvador,2021-06-22,Standard,8603.13
2554,Jason Cole,christopherwalls@example.com,Philippines,2020-05-21,Basic,4345.00
2555,Linda Crawford,anthonyhines@example.com,Guyana,2022-03-14,Standard,3017.26
2556,Raymond Pratt,ogiles@example.net,France,2024-04-16,Basic,2750.88
2557,Lori Mccoy,swashington@example.com,Solomon Islands,2020-02-05,Premium,912.07
2558,William Summers,ptorres@example.com,San Marino,2020-07-13,Basic,8078.65
2559,Francisco Wilson,woodheather@example.com,Belgium,2021-12-09,Basic,780.72
2560,Richard Dean,colleencarrillo@example.org,Saint Vincent and the Grenadines,2024-07-14,Premium,7702.02
2561,Dylan Craig,emma07@example.org,Montenegro,2024-09-23,Premium,7019.87
2562,Melinda Mckenzie,jcox@example.org,Sao Tome and Principe,2020-08-22,Standard,6858.74
2563,Julie Le,fwarner@example.net,Pakistan,2024-08-17,Basic,7971.29
2564,Angelica Spencer,belldonald@example.net,Iraq,2025-07-09,Standard,750.02
2565,John Taylor,cortezgail@example.net,United States Virgin Islands,2020-04-28,Premium,6954.01
2566,Madeline Schmidt,jonathanfoster@example.com,Canada,2024-02-11,Basic,9018.20
2567,Brittany Stevens,qcompton@example.net,Grenada,2020-10-25,Basic,9853.09
2568,Mr. Travis Anderson,kylie13@example.com,Germany,2024-07-30,Standard,843.09
2569,Whitney White,joseph78@example.net,Belgium,2023-12-13,Standard,7115.69
2570,Michael Martinez,burkeshane@example.com,Guatemala,2024-11-14,Standard,5686.83
2571,Paul Robinson,nestrada@example.com,Switzerland,2022-06-25,Standard,4858.53
2572,Nathan Mendez,williamssamantha@example.net,Liechtenstein,2022-09-14,Standard,9646.41
2573,Molly Williams,jordanbrenda@example.org,Palestinian Territory,2020-12-30,Basic,2140.28
2574,Kevin Browning,calderondaniel@example.org,Puerto Rico,2023-08-16,Basic,2274.56
2575,Ryan Hernandez,mcintyremichael@example.org,South Georgia and the South Sandwich Islands,2023-01-04,Standard,2060.08
2576,Jennifer Hicks,tbarnett@example.net,Costa Rica,2024-11-01,Standard,1998.53
2577,Rachel Roberts,colepatton@example.com,Iraq,2020-07-16,Standard,2698.54
2578,Paul Smith,natalie53@example.org,Poland,2024-04-12,Standard,6827.96
2579,Judy Hurley,sara04@example.org,Syrian Arab Republic,2024-10-17,Standard,221.06
2580,Sarah Osborne,nfuller@example.com,Solomon Islands,2025-12-01,Standard,1007.92
2581,David Hamilton,austin54@example.net,Germany,2024-04-15,Standard,6317.44
2582,Peter Wilson,williamsanthony@example.com,Nigeria,2020-07-29,Standard,4667.14
2583,Andrew Greene DVM,shoover@example.net,Thailand,2021-05-26,Basic,2205.47
2584,Monica Medina,joseph58@example.com,Burkina Faso,2020-11-16,Basic,9183.12
2585,Lisa Baker,underwoodmark@example.org,Palau,2020-01-26,Standard,9975.21
2586,Jeremiah Johnson,nicholas68@example.com,Niue,2025-09-25,Premium,2312.47
2587,Nicole Walker,anadavila@example.net,Swaziland,2024-06-03,Basic,3748.40
2588,Julia Wilson,,Indonesia,2023-01-02,Basic,3076.85
2589,Nathaniel Ruiz,christopherpennington@example.net,Madagascar,2020-10-20,Standard,5494.93
2590,Melanie Johnson,yelliott@example.com,Georgia,2025-10-30,Premium,3913.75
2591,Carrie Shields,janet97@example.com,Brunei Darussalam,2025-06-17,Premium,5119.61
2592,Rachel Tucker,linda33@example.org,Central African Republic,2024-07-23,Basic,6883.47
2593,Rebecca Roman,lisa17@example.com,Saint Barthelemy,2023-04-12,Basic,98.94
2594,Rachel Kelley,brettmartinez@example.net,Saudi Arabia,2020-02-04,Standard,3916.96
2595,Daniel Adams,gutierrezjoshua@example.net,Iran,2020-03-02,Standard,2897.65
2596,Christopher Thomas,pbullock@example.com,Mexico,2022-12-16,Standard,5794.66
2597,Seth Gregory,petersonjeffrey@example.com,Gibraltar,2022-04-14,Standard,178.97
2598,Zachary Davis,fcarson@example.com,Mozambique,2020-07-24,Premium,1011.59
2599,Matthew Garcia,ilarson@example.net,Korea,2025-01-28,Standard,8477.31
2600,Robert Goodwin,valenciashelby@example.com,Denmark,2022-06-20,Standard,8776.78
2601,Thomas Kelly,georgedaniels@example.com,Poland,2023-12-02,Standard,2663.57
2602,Roy Reed,derekolsen@example.net,Guinea-Bissau,2024-12-02,Premium,7269.87
2603,Sabrina Blevins,melissa81@example.org,Comoros,2023-10-30,Premium,8471.03
2604,Dr. Anthony Pierce,stephenlindsey@example.org,Swaziland,2023-12-04,Premium,1011.62
2605,George Taylor,allenashley@example.com,Tokelau,2023-08-09,Premium,2808.20
2606,Michael Gill,rachael03@example.net,Egypt,2024-08-21,Basic,2231.39
2607,Katie Thompson,jjarvis@example.org,Sweden,2023-05-23,Standard,3558.62
2608,Eric Collins,hensleyjennifer@example.com,Moldova,2021-05-26,Standard,7296.53
2609,April Levy,jeffery12@example.org,Cambodia,2023-10-14,Basic,1977.06
2610,Joseph Jacobs,patelmichael@example.org,Costa Rica,2024-10-20,Standard,4795.15
2611,Katherine Woods,hamiltonmarie@example.com,Bulgaria,2024-03-25,Standard,6347.66
2612,Jason Cross,paynevickie@example.com,Lithuania,2022-10-15,Standard,8552.46
2613,Joseph Wilson,hstein@example.net,Cape Verde,2020-11-06,Premium,4619.06
2614,Amy Hernandez,joneshunter@example.com,Saint Martin,2024-11-03,Standard,3588.12
2615,Leslie Spears,sandersapril@example.com,Namibia,2022-04-05,Premium,4080.31
2616,Laura Jones,ramirezdavid@example.com,Rwanda,2025-08-23,Standard,4704.44
2617,Kent Cochran,rdudley@example.com,Rwanda,2024-11-28,Basic,689.23
2618,Connor Hall,adamdaniels@example.com,Heard Island and McDonald Islands,2025-11-08,Standard,6927.67
2619,Brett Deleon,reedsara@example.org,Cambodia,2024-09-20,Standard,8666.85
2620,Megan Miller,crystal12@example.net,Nigeria,2025-06-24,Standard,1909.70
2621,Jason Tyler MD,michael42@example.com,Norway,2021-05-01,Basic,4034.14
2622,Marc Freeman,grant54@example.com,Costa Rica,2020-03-18,Standard,793.96
2623,Melanie Madden,ibennett@example.com,Tokelau,2022-06-02,Premium,667.26
2624,Patricia Day,jeffrey21@example.org,San Marino,2022-03-04,Basic,3260.33
2625,David Wilson,ashley26@example.org,Belize,2020-08-19,Standard,3416.52
2626,Monica Johnson,xbutler@example.com,Saint Pierre and Miquelon,2020-07-22,Standard,297.05
2627,Samuel Scott,vschmidt@example.net,Central African Republic,2024-11-27,Standard,6727.10
2628,Michael Murphy,denise17@example.com,Bulgaria,2021-08-23,Basic,8386.32
2629,Aaron Smith,ellenjohnston@example.net,French Southern Territories,2025-11-10,Basic,9735.09
2630,Matthew Perry,hyoung@example.org,Niue,2024-03-15,Basic,9782.07
2631,Timothy Lyons,gabriella87@example.com,United States of America,2023-11-07,Premium,7193.19
2632,Kayla Johnson,wmartinez@example.net,Norway,2022-04-23,Premium,8736.24
2633,James Franklin,jennifer61@example.net,Namibia,2024-12-23,Standard,3165.71
2634,Lori Washington,mindy71@example.net,Chad,2022-01-03,Standard,5585.34
2635,Rebecca Allison,wmcdonald@example.org,Cook Islands,2021-06-06,Standard,8992.72
2636,Chelsea Campbell,lucasfrank@example.com,Honduras,2025-05-03,Basic,1191.83
2637,Lauren Quinn,zoneill@example.net,Cape Verde,2024-07-05,Standard,3018.05
2638,Tyler Palmer,tpearson@example.com,Burkina Faso,2022-07-23,Standard,9713.77
2639,Paul Fitzpatrick,rgaines@example.com,Morocco,2025-07-07,Standard,966.74
2640,Cynthia Wright,ksimon@example.net,Bermuda,2025-12-07,Basic,7375.51
2641,Leroy Dixon,juliefisher@example.org,Mauritania,2025-01-15,Standard,8392.08
2642,Sandra Brown,martinezlaura@example.com,Vanuatu,2023-02-22,Standard,9686.51
2643,Debra Nelson,vhopkins@example.com,Martinique,2020-09-15,Basic,2631.44
2644,Craig Floyd,barnesapril@example.com,El Salvador,2022-09-01,Premium,5891.18
2645,Richard Odom,cynthiamorrison@example.org,Australia,2024-03-09,Basic,666.21
2646,Angelica Kramer,lduke@example.com,United Kingdom,2021-08-14,Standard,710.23
2647,Juan Rush,sarahchavez@example.org,France,2020-05-30,Standard,8335.93
2648,Bradley Bradley,pamela00@example.com,Morocco,2023-06-26,Standard,1385.38
2649,Mark Mcclain,donald10@example.org,Bolivia,2020-04-11,Basic,6500.33
2650,Paul Fitzgerald,mariaburns@example.org,Monaco,2023-06-13,Standard,6667.99
2651,Mark Hansen,victorsanchez@example.org,Gambia,2024-08-05,Basic,1905.09
2652,Mr. Joshua Lara,davidcrane@example.net,Northern Mariana Islands,2024-04-14,Basic,6574.50
2653,Caitlin Aguilar,ugreen@example.org,Niue,2023-02-02,Standard,4286.09
2654,Tracy Cherry,aaronbishop@example.net,Madagascar,2021-06-15,Standard,2749.66
2655,Jerry Reynolds,jchandler@example.org,Chad,2025-10-30,Basic,4837.51
2656,Tiffany Bass,clarkjames@example.com,Greece,2022-09-15,Basic,9681.25
2657,Daniel Wilcox,robinsonnatalie@example.net,Benin,2025-11-04,Basic,3400.05
2658,Tonya Bowen,lisa38@example.org,Botswana,2022-01-01,Standard,4388.15
2659,Richard Wells,paul41@example.net,Kiribati,2022-05-21,Standard,3745.59
2660,Richard Welch,hartkatherine@example.net,Congo,2025-11-01,Basic,4327.54
2661,Cynthia Thompson,wilsontracy@example.org,Saint Lucia,2025-04-02,Standard,6581.66
2662,Patrick Collins,patricia94@example.com,Honduras,2022-11-10,Standard,1100.38
2663,Joanne Campbell,glassandrea@example.net,Saint Vincent and the Grenadines,2025-08-28,Standard,8180.84
2664,Stephanie Ward,michaelreyes@example.com,Slovenia,2025-08-29,Basic,8073.17
2665,Julia Porter,garciamichael@example.net,Peru,2022-04-06,Standard,5054.45
2666,Dylan Reese,andrew51@example.net,Togo,2023-01-29,Standard,724.33
2667,Stacey Wiley,mcgeestephanie@example.org,Bulgaria,2024-08-29,Standard,4063.89
2668,David Holland,barbara10@example.com,Guadeloupe,2020-11-30,Premium,166.44
2669,Eddie Weaver,omorse@example.org,Togo,2023-03-14,Standard,1169.37
2670,Daniel Robinson,oscarjones@example.net,Korea,2024-01-04,Standard,2022.60
2671,Justin Cabrera,kingram@example.com,Japan,2020-05-22,Standard,2017.04
2672,Sandra York DDS,showe@example.org,Vanuatu,2022-10-20,Standard,3206.32
2673,Tammy Johnson,fwhite@example.net,Greenland,2023-11-05,Standard,4345.18
2674,Melinda Franklin,andrew25@example.net,Poland,2020-10-26,Basic,7359.73
2675,Pamela Welch,michael06@example.com,Argentina,2023-12-04,Standard,1210.10
2676,Monica Baker,corey34@example.com,Saudi Arabia,2020-02-29,Basic,4848.30
2677,Bryan Wilson,lnorris@example.net,Germany,2020-11-27,Standard,1283.82
2678,Thomas Pace,fred06@example.com,Armenia,2020-01-15,Premium,7138.13
2679,Brittany Mcdaniel,fanderson@example.com,Uzbekistan,2024-03-26,Basic,5272.59
2680,Jane Burke,lauren38@example.com,Cameroon,2023-09-18,Standard,6803.06
2681,Andrew Hardin,jenniferross@example.com,Turkmenistan,2024-08-19,Standard,4837.64
2682,Denise Herring,cpark@example.com,Lesotho,2020-07-24,Standard,8389.11
2683,Christina Marshall,spencekari@example.com,Belgium,2023-07-22,Basic,3935.57
2684,Sara Willis,davisrachel@example.org,Samoa,2020-06-19,Standard,6656.65
2685,John Jones,joseph24@example.com,Western Sahara,2024-03-05,Standard,490.36
2686,Michael Holland,kellie32@example.org,Bahrain,2021-06-10,Premium,4598.59
2687,Jessica Wilson,farmerkevin@example.org,Greece,2024-09-11,Basic,1173.19
2688,Robert Garcia,kaitlyn31@example.org,Finland,2025-01-04,Basic,2720.88
2689,Susan Osborn,allison34@example.net,Tonga,2022-02-15,Basic,7654.54
2690,Emma Jones,torressuzanne@example.org,Barbados,2024-01-28,Basic,2597.80
2691,Karen Steele,michaelbaker@example.com,Denmark,2025-10-07,Standard,3742.84
2692,Mrs. Christine Hensley,candace20@example.org,Italy,2021-03-10,Premium,7816.69
2693,Denise Avila,tbartlett@example.com,Uganda,2023-08-04,Premium,7245.73
2694,Kenneth Baker,abrown@example.com,Micronesia,2021-12-25,Premium,5213.12
2695,John Ford,johnrichardson@example.net,Lesotho,2024-12-11,Premium,4030.64
2696,Suzanne King,jennifermiranda@example.com,Sri Lanka,2021-10-27,Standard,1095.66
2697,Debra Reed,jameshendricks@example.com,Maldives,2025-12-12,Standard,1710.32
2698,Duane Ellis,ujones@example.net,Paraguay,2021-05-27,Standard,8240.09
2699,Janice Martin,richardskelly@example.com,Cape Verde,2025-07-03,Premium,5787.60
2700,Rachel Rose,brandy37@example.com,Niger,2024-09-05,Standard,9191.54
2701,Luis Johnson,piercegregory@example.org,French Southern Territories,2024-10-06,Standard,6303.34
2702,Lydia Nunez,justinortiz@example.com,Croatia,2025-01-13,Standard,4402.05
2703,Teresa Johnson,michaellopez@example.com,Western Sahara,2023-07-28,Standard,7442.12
2704,Kristen Hardy,veaton@example.org,Palestinian Territory,2025-04-28,Standard,5318.99
2705,Jacqueline Hooper,jessicamolina@example.org,Afghanistan,2024-10-20,Basic,4280.05
2706,Tammy Davis,mark95@example.org,Saint Kitts and Nevis,2024-12-09,Basic,6478.95
2707,Kristi Garcia,andrewramirez@example.com,Egypt,2021-04-26,Premium,4566.46
2708,Vicki Macdonald,qhutchinson@example.org,New Zealand,2022-04-21,Standard,5783.51
2709,Mark Miller,vking@example.com,British Virgin Islands,2021-08-11,Premium,2454.71
2710,William Greer,mallory23@example.net,Guinea,2024-03-05,Standard,8667.81
2711,Jeffery Nguyen,josechristensen@example.net,France,2022-04-26,Basic,7179.22
2712,Vanessa Doyle,megannewman@example.org,Christmas Island,2021-02-17,Basic,1776.60
2713,Amy Robinson,shieldsnicole@example.com,Mauritius,2023-02-20,Basic,4554.77
2714,Allen Thomas,reynoldsmonica@example.net,Vietnam,2023-03-16,Premium,5630.17
2715,Sean Smith,samanthagomez@example.org,Christmas Island,2024-03-28,Standard,7166.75
2716,Cathy Medina,leslie48@example.org,Antarctica (the territory South of 60 deg S),2024-10-21,Standard,4013.64
2717,Kyle Hartman,esmith@example.com,Bouvet Island (Bouvetoya),2020-03-02,Basic,843.01
2718,Christopher Myers,laurenreynolds@example.net,Kuwait,2020-04-21,Standard,8836.50
2719,Erica Gibson,carlos04@example.net,United Arab Emirates,2020-09-06,Standard,4626.83
2720,Ethan Cox,elaine56@example.net,Kiribati,2021-07-25,Basic,9896.63
2721,Danny Morris,jlittle@example.net,American Samoa,2024-08-15,Standard,559.71
2722,Savannah Castillo,erinferrell@example.com,Vietnam,2022-05-19,Standard,505.02
2723,Sandra Foley,taylor17@example.com,Togo,2023-06-19,Standard,1367.41
2724,John Rivera,kellyerika@example.net,Bosnia and Herzegovina,2022-12-23,Basic,9812.47
2725,Eric Flores,hoganrobin@example.net,Mexico,2021-07-08,Basic,7030.66
2726,Hannah Murphy,stephanie76@example.net,Saint Lucia,2021-04-25,Standard,732.47
2727,Tony Brown,brianagarza@example.net,Nauru,2025-07-02,Premium,7911.58
2728,Jonathan Ruiz,jbarnes@example.org,Portugal,2020-12-19,Standard,1442.83
2729,Becky Glover,contrerascassandra@example.org,French Guiana,2023-06-19,Standard,4793.99
2730,Jordan Thomas,alexislane@example.org,Palestinian Territory,2025-12-04,Premium,743.77
2731,Jason Butler,rodriguezkatelyn@example.com,Ethiopia,2020-10-17,Premium,387.99
2732,Kenneth Cervantes,mcleanjoseph@example.org,Anguilla,2025-03-29,Premium,9406.41
2733,Sarah Owen,deannabolton@example.net,Brazil,2022-06-19,Standard,9265.38
2734,Angela Ramirez,tellis@example.org,Kazakhstan,2021-03-03,Premium,7229.27
2735,Richard Thompson,robinsoncharles@example.net,Jordan,2024-10-08,Standard,6187.35
2736,Sarah Forbes,jerryspears@example.com,Ireland,2022-09-05,Standard,3950.27
2737,Michael Cisneros,wilkersonronald@example.net,Hong Kong,2020-09-04,Standard,5148.49
2738,William Hammond,christine75@example.org,Saint Helena,2021-10-30,Basic,167.86
2739,Amanda Cole,umaxwell@example.org,Romania,2021-01-21,Basic,7062.33
2740,Sarah Good MD,colleen65@example.net,American Samoa,2020-05-01,Basic,4592.02
2741,Troy Jackson,shawn67@example.com,Christmas Island,2021-01-15,Standard,5699.72
2742,Dylan Mendez,dnelson@example.org,Israel,2022-06-24,Premium,7140.19
2743,Daniel Lopez,wcampbell@example.net,Holy See (Vatican City State),2020-04-29,Premium,4113.84
2744,Deborah Anthony,changgerald@example.net,Croatia,2024-04-08,Standard,9582.09
2745,Cheryl Howard,hammondsandra@example.net,Estonia,2020-10-22,Standard,4916.87
2746,Amanda Fletcher,kimjulie@example.org,Sao Tome and Principe,2022-02-20,Basic,5568.57
2747,Whitney White,ddixon@example.com,Iran,2025-11-10,Premium,7453.13
2748,Frances Brooks,lisagarcia@example.org,Palau,2021-09-28,Premium,9368.14
2749,Kathleen Collins,uolsen@example.org,Argentina,2022-03-23,Premium,6211.82
2750,Crystal Christensen,robertsmichelle@example.org,Uganda,2020-09-10,Premium,6007.10
2751,Fernando Smith,kmiller@example.net,Guatemala,2022-12-09,Standard,7587.59
2752,Brandon George,david12@example.org,Cuba,2025-02-18,Standard,8955.37
2753,David Juarez,erivera@example.org,France,2024-12-07,Standard,158.94
2754,Phillip Jackson,hlarsen@example.com,Mauritius,2023-11-16,Basic,5766.91
2755,Brent Cox,robert33@example.org,Samoa,2023-12-13,Standard,4550.87
2756,Sean Wilkins,lsmith@example.net,Monaco,2021-12-21,Standard,9734.28
2757,Erin Williamson,ashley14@example.net,Saint Helena,2020-12-08,Standard,5310.37
2758,Mathew Robles,hogankimberly@example.com,Switzerland,2022-10-13,Standard,311.88
2759,Bridget Harris,mcortez@example.net,El Salvador,2021-07-20,Basic,1916.66
2760,William Page,uevans@example.com,San Marino,2022-03-11,Premium,5977.05
2761,Loretta Kim,kellyweeks@example.com,Equatorial Guinea,2020-06-27,Premium,4038.70
2762,Laura Rivas,ibarker@example.com,Kazakhstan,2025-11-30,Premium,6899.35
2763,Christopher Duarte,watkinstravis@example.org,Marshall Islands,2020-02-21,Standard,5445.49
2764,Kevin White,erin30@example.com,Lebanon,2023-09-12,Basic,9373.83
2765,Mary Lee,ygreen@example.org,Swaziland,2022-02-12,Standard,4648.61
2766,Dawn Pacheco,omar87@example.org,New Caledonia,2021-05-31,Premium,5706.50
2767,Sarah Garrett,cody23@example.org,Senegal,2022-11-06,Standard,3073.05
2768,Christopher Jones,bennettanthony@example.net,Sierra Leone,2025-06-01,Standard,9224.29
2769,Ruben Anderson,xtaylor@example.com,Djibouti,2020-03-24,Standard,4183.04
2770,Paul Diaz,tallison@example.net,Bermuda,2024-03-10,Premium,6265.38
2771,Norman Garcia,dwhite@example.com,Germany,2024-03-16,Standard,627.85
2772,Jennifer Medina,nicole57@example.org,Algeria,2021-11-29,Standard,6280.98
2773,Michael Robinson,bryangardner@example.net,Mayotte,2023-08-25,Standard,7955.96
2774,Donald Jones,phillipschristina@example.org,Honduras,2021-10-25,Basic,5976.53
2775,Jennifer White,thomas49@example.org,Eritrea,2025-02-05,Basic,4020.81
2776,Justin Mahoney,bradleybrewer@example.net,Equatorial Guinea,2021-03-05,Standard,4155.05
2777,Ricardo Mills,rachelmiller@example.org,Tanzania,2022-09-12,Standard,4245.30
2778,Kathleen Woodard,wwolf@example.org,Brunei Darussalam,2022-10-16,Standard,6935.96
2779,John Richardson,hrivera@example.org,Cuba,2024-06-14,Standard,2333.79
2780,Vanessa Jenkins MD,duncanerica@example.net,Norfolk Island,2022-11-23,Basic,5301.89
2781,William Luna,kelly58@example.org,North Macedonia,2023-12-17,Standard,9343.21
2782,Amanda Miller,wrightsean@example.net,Uruguay,2024-07-18,Standard,8973.52
2783,Michelle Abbott,brittanyroberts@example.org,Nigeria,2022-02-18,Basic,7447.32
2784,Taylor Brown,vmorris@example.net,Tajikistan,2020-10-03,Standard,8556.80
2785,Carrie Ward,aalexander@example.org,Heard Island and McDonald Islands,2024-10-29,Standard,6206.53
2786,Pamela Long,johnstonkenneth@example.net,Malaysia,2022-03-23,Basic,8741.61
2787,Sydney West,sarah62@example.com,Congo,2024-12-29,Standard,6984.01
2788,Teresa Miller,vporter@example.org,Cambodia,2025-10-19,Standard,1892.91
2789,Karen Jones,kimberlynelson@example.com,Saint Pierre and Miquelon,2022-07-22,Premium,8376.29
2790,James Stout,vanessa34@example.net,Lebanon,2022-04-16,Basic,804.99
2791,Isabella Knight,welchgregory@example.com,Dominican Republic,2022-04-21,Premium,72.46
2792,John Ballard,ryancook@example.org,Guadeloupe,2023-11-19,Basic,5838.32
2793,Wendy Ortiz,ksmith@example.org,Chad,2024-01-07,Standard,758.94
2794,Ashlee Rodriguez,juliaguzman@example.net,Panama,2020-11-23,Standard,8917.25
2795,Louis Norris,burnsterry@example.org,Haiti,2021-02-14,Basic,1186.83
2796,Jasmine Mcdowell,cruzkatie@example.com,South Georgia and the South Sandwich Islands,2023-04-02,Standard,5397.18
2797,Dr. Joshua Wilson DVM,rachael83@example.org,Tajikistan,2023-01-23,Standard,1220.51
2798,Jennifer Reyes,eileenbrown@example.net,Cocos (Keeling) Islands,2023-11-30,Basic,2154.83
2799,Scott Terry,xjohnson@example.com,Antigua and Barbuda,2023-07-03,Premium,3169.18
2800,Jon Marshall,gomezchristopher@example.org,Ethiopia,2021-08-15,Basic,8844.23
2801,Kristina Herring,langjeremiah@example.com,Azerbaijan,2022-07-03,Standard,9732.59
2802,Michael Daniels,vbailey@example.com,Malawi,2024-08-30,Standard,3859.60
2803,Charlotte Peterson,burtonanthony@example.com,Austria,2025-10-26,Standard,6636.17
2804,Audrey Caldwell,jennifer54@example.com,North Macedonia,2025-04-06,Basic,3460.08
2805,James Stephenson,gbrooks@example.com,Chile,2020-11-24,Standard,159.62
2806,Clayton Clark,murphyjohn@example.net,Maldives,2022-07-05,Premium,5102.97
2807,Robert Rhodes,tabithaallen@example.org,India,2024-06-19,Standard,956.22
2808,Leah Jones,gpruitt@example.org,Afghanistan,2022-02-03,Standard,5115.18
2809,Ruth Silva,wgreene@example.com,Cocos (Keeling) Islands,2024-04-14,Standard,3771.94
2810,Joseph Parsons,phillipserica@example.net,Canada,2023-02-25,Basic,1423.65
2811,Karen Floyd,dcosta@example.com,Philippines,2023-02-20,Standard,7365.05
2812,Lisa Bowen,stephen44@example.net,Malaysia,2022-01-07,Basic,8701.35
2813,Christina Frey,mcdanielbrian@example.net,Jamaica,2020-02-02,Premium,8845.70
2814,Michelle Ramirez,michaeldaniels@example.net,Myanmar,2020-01-22,Standard,3086.55
2815,Timothy Hill,dennisrichardson@example.com,Tokelau,2021-09-16,Standard,716.76
2816,Lisa Hernandez,carolmacdonald@example.org,Guinea-Bissau,2024-07-10,Standard,6331.81
2817,Logan Irwin,scottpatel@example.org,Holy See (Vatican City State),2022-07-28,Standard,5368.48
2818,Eddie Woods,reeddanielle@example.com,Malawi,2023-10-13,Standard,268.70
2819,John Villegas,harrismark@example.net,Brunei Darussalam,2022-01-06,Standard,5334.25
2820,Sabrina Clark,markwright@example.org,Ireland,2023-05-18,Standard,2327.89
2821,Brian Mahoney,robertflowers@example.net,Saint Lucia,2024-05-16,Premium,2501.27
2822,Julie Williams,gardnerscott@example.net,Congo,2023-06-30,Basic,7363.13
2823,Eddie Flores,marissa35@example.net,Nepal,2024-09-25,Standard,1778.02
2824,Megan Hernandez,christinewilliams@example.org,Antarctica (the territory South of 60 deg S),2022-04-12,Basic,9669.88
2825,Sharon Morgan,gaustin@example.com,Uganda,2025-03-16,Basic,1057.77
2826,Mary Espinoza,emeyers@example.net,Slovakia (Slovak Republic),2020-08-02,Standard,4912.93
2827,Lindsay Knight,maria36@example.org,Saint Vincent and the Grenadines,2023-11-19,Basic,4444.46
2828,Neil Johnson,aoneal@example.com,Uzbekistan,2024-03-17,Standard,8460.14
2829,Claire Johnson,holly70@example.net,Mayotte,2024-11-15,Standard,6948.99
2830,Terri Anderson,leslie14@example.com,Bermuda,2025-09-26,Standard,5528.58
2831,Tyler Page,brittany77@example.org,San Marino,2024-10-21,Premium,4337.67
2832,Amanda Espinoza,kimle@example.com,Palestinian Territory,2022-11-23,Premium,9769.32
2833,Brent Lang,keithgreen@example.net,Guam,2025-08-21,Basic,8451.73
2834,Sarah Murphy,christopher68@example.net,Sri Lanka,2020-07-06,Standard,3185.36
2835,Samantha Snyder,amberlewis@example.com,Sierra Leone,2023-10-30,Basic,119.79
2836,Daniel Hamilton,josephayers@example.net,Gabon,2024-11-13,Standard,2160.53
2837,Joshua Oconnell,raymond62@example.com,Angola,2021-11-29,Standard,4988.19
2838,Joseph Miller,charlene47@example.net,Montenegro,2023-11-20,Standard,7600.71
2839,Cory Hill,lisaarcher@example.org,Cocos (Keeling) Islands,2024-04-25,Standard,6547.14
2840,Dawn Gibbs,jeffparsons@example.com,Micronesia,2025-02-22,Standard,3369.33
2841,Andrew Powers,loganmartha@example.org,Iraq,2020-07-19,Basic,1247.76
2842,Sheila Gonzalez,maria03@example.net,Pitcairn Islands,2022-08-11,Premium,4725.95
2843,Karen Davidson,brendareese@example.org,South Georgia and the South Sandwich Islands,2023-08-03,Basic,5299.90
2844,Joseph Nielsen,zduke@example.com,Zimbabwe,2025-08-06,Standard,1635.92
2845,Lawrence Hall,bradley85@example.com,Ireland,2020-06-19,Standard,476.65
2846,Allen Brooks,jacob46@example.net,Tanzania,2021-09-28,Basic,6364.48
2847,Jeffrey Nash,davidbuck@example.com,Vanuatu,2023-05-12,Basic,3180.42
2848,Rebecca Robbins,larry36@example.com,Brunei Darussalam,2025-05-29,Standard,4032.79
2849,Christine Gibson,qhall@example.net,Switzerland,2020-07-15,Standard,5562.80
2850,Patrick Rush,shawn20@example.net,Christmas Island,2021-07-04,Premium,9031.08
2851,Vanessa Petersen,ashley18@example.org,Saint Barthelemy,2025-01-22,Standard,4397.32
2852,Adam Ward,lindsey16@example.org,Saint Pierre and Miquelon,2021-07-06,Premium,9630.70
2853,Lauren Stafford,bmacdonald@example.net,Chad,2024-02-23,Standard,9265.57
2854,Craig Keller,nicole28@example.com,Costa Rica,2024-12-27,Standard,9883.33
2855,William Holloway,fostermelanie@example.org,Niue,2022-02-24,Standard,8774.43
2856,Daniel Matthews,mcleanjessica@example.net,Cameroon,2022-01-10,Premium,8571.64
2857,Charles Gomez,matthewmiller@example.net,Ethiopia,2025-09-01,Standard,9227.95
2858,Bethany Shaffer MD,maxwelllisa@example.org,Kazakhstan,2020-04-18,Premium,6771.55
2859,Ryan Dominguez,hwarren@example.com,Moldova,2021-07-12,Standard,673.74
2860,Brittany Contreras,rebeccamoreno@example.org,Armenia,2021-01-29,Standard,4214.13
2861,Megan Lindsey,tracimorrison@example.net,France,2021-01-14,Standard,5134.90
2862,Ashley Barber,paularichards@example.com,Israel,2020-04-12,Standard,8149.53
2863,Cory Holmes,ellisangela@example.org,Pakistan,2025-07-25,Premium,6069.41
2864,William Gray,vmcconnell@example.org,Costa Rica,2025-09-01,Standard,6695.34
2865,Zachary Petersen,lisa19@example.net,Tanzania,2023-05-12,Standard,2670.56
2866,Brooke Thompson,butlerrobert@example.com,Guinea,2023-08-23,Standard,3338.97
2867,Michael Snow,watsonryan@example.net,Norfolk Island,2020-01-18,Basic,4023.29
2868,Raymond Turner,mmartin@example.com,Bosnia and Herzegovina,2024-04-09,Standard,5945.39
2869,Brandy Mitchell,bethanymarquez@example.com,Madagascar,2023-12-31,Standard,5610.09
2870,Jared Bullock,aprilnelson@example.com,Macao,2022-01-10,Standard,7388.15
2871,Meghan Taylor,zwong@example.net,Marshall Islands,2025-08-14,Premium,7762.59
2872,Rachel Novak,tylerzuniga@example.net,Chad,2020-08-14,Basic,2382.26
2873,Sean Coffey,ujohnson@example.net,Namibia,2020-02-06,Basic,4729.40
2874,Lee Dennis,christina84@example.org,Sweden,2022-03-02,Standard,8096.47
2875,Cheryl Parks,patricia41@example.net,Suriname,2024-07-20,Premium,9965.29
2876,Kevin Lee,jenniferhaney@example.org,Israel,2025-01-27,Basic,6845.84
2877,George Brooks,jeanne82@example.org,Christmas Island,2024-05-30,Standard,182.26
2878,Julie Love,jackie09@example.net,Bahrain,2023-09-20,Standard,8235.23
2879,Krystal Mills,treyes@example.net,Saudi Arabia,2023-08-26,Standard,4508.22
2880,Joseph Villarreal,joseph16@example.net,Angola,2023-09-02,Basic,7735.00
2881,Michael Lamb,ntaylor@example.com,Sri Lanka,2020-10-17,Premium,9086.45
2882,Timothy Parker,fmitchell@example.com,Saint Vincent and the Grenadines,2025-02-20,Basic,6728.51
2883,Jeremy Williams,sandersjenna@example.net,Colombia,2021-02-06,Standard,9443.05
2884,Russell Scott,jeffreyjackson@example.net,Pakistan,2025-12-30,Standard,8976.67
2885,Tina Watts,warrenprice@example.org,Latvia,2024-04-08,Standard,4299.79
2886,Matthew Reyes,adam43@example.com,Jersey,2025-03-29,Standard,3445.58
2887,Melissa Rivas,todd39@example.com,American Samoa,2025-04-11,Premium,2173.50
2888,Margaret Carrillo,priceaaron@example.com,Jamaica,2023-10-31,Basic,9581.51
2889,Wendy Sanchez,flucero@example.org,Albania,2024-01-10,Basic,2272.98
2890,Amanda James,freemanrachel@example.com,Spain,2023-02-24,Basic,1618.81
2891,Rachel Norris,mikaylahayes@example.org,Trinidad and Tobago,2021-07-27,Standard,4919.44
2892,Gloria Jackson,dylangarcia@example.net,Costa Rica,2024-10-18,Premium,5013.01
2893,Nancy Hanson,katherine44@example.net,United States Virgin Islands,2025-09-07,Standard,1100.50
2894,Matthew Adams,anthonyhernandez@example.com,Switzerland,2024-11-02,Basic,2921.87
2895,Juan Davis,lisa89@example.com,Bahrain,2020-10-08,Standard,2238.07
2896,Abigail Morris,andrewsanthony@example.net,San Marino,2022-05-21,Standard,7442.37
2897,Nicole Davis,robert60@example.com,Slovakia (Slovak Republic),2022-04-15,Standard,9150.61
2898,Patricia Jackson,ochung@example.org,North Macedonia,2023-05-24,Standard,5031.28
2899,Jacob Flowers,gmcdonald@example.net,Tuvalu,2021-03-31,Premium,3526.78
2900,Annette Hernandez,clarkcrystal@example.net,Spain,2021-03-03,Standard,9621.91
2901,Carol Lewis,matthewpatterson@example.org,Micronesia,2025-07-23,Standard,230.21
2902,Alex Johnson,marie26@example.net,Vanuatu,2023-02-23,Standard,3024.91
2903,Franklin Johnson,justin39@example.net,French Guiana,2023-04-29,Standard,1107.43
2904,Michael Nichols,juansolomon@example.com,American Samoa,2023-07-17,Basic,6459.56
2905,Heidi Crawford,sethhines@example.net,Afghanistan,2022-10-16,Standard,4923.79
2906,Ivan Diaz,ryanmichael@example.org,Faroe Islands,2020-08-24,Standard,768.88
2907,Gina Huber,jeffrey37@example.org,Djibouti,2024-08-01,Standard,1937.88
2908,Sierra Johnson,melindahoward@example.org,United States Minor Outlying Islands,2024-09-22,Premium,4952.39
2909,Erica Reyes,michele52@example.com,Eritrea,2021-05-05,Standard,3418.80
2910,Robert Madden,mrobinson@example.net,Guyana,2020-07-12,Standard,8623.81
2911,Ashley Clark,sophiaandrews@example.org,Lao People's Democratic Republic,2024-04-29,Standard,4696.57
2912,Heather Woods,,Colombia,2024-05-23,Standard,8674.22
2913,John Garcia,grantbowman@example.org,Pakistan,2020-03-01,Basic,2278.15
2914,Cynthia Ballard,vvilla@example.com,Vanuatu,2023-12-04,Premium,5223.22
2915,Joseph Brown,frazierlaura@example.net,Antigua and Barbuda,2023-06-18,Standard,602.55
2916,Emma Neal,shannon28@example.net,Iran,2024-09-19,Standard,9348.18
2917,Kevin Taylor,charleshill@example.org,Martinique,2021-11-11,Premium,4547.72
2918,Nicole Watson,ronald12@example.net,Guadeloupe,2023-03-17,Basic,1290.43
2919,Robert Navarro,paigemoreno@example.net,Palau,2022-06-24,Basic,7702.07
2920,Sandra Roberts,brady36@example.com,El Salvador,2024-05-08,Standard,8087.74
2921,Kevin Turner,sherrystrickland@example.net,Togo,2021-04-13,Premium,9112.61
2922,Daniel Williams,carsonsharon@example.com,Sweden,2022-04-05,Standard,8699.31
2923,Michael Medina,tammylane@example.com,Pitcairn Islands,2022-07-16,Basic,2308.01
2924,Rachael Kelly,alexandra92@example.org,Reunion,2022-10-31,Basic,2108.31
2925,Mrs. Melissa Fleming DVM,walkerbrian@example.com,Aruba,2021-10-15,Premium,61.45
2926,Denise Wu,kimberly10@example.net,Dominica,2020-05-18,Standard,4830.02
2927,John Castro,margaret68@example.com,Brunei Darussalam,2020-01-19,Standard,8812.67
2928,Douglas Hensley,robinsonethan@example.net,Mongolia,2024-06-14,Standard,7493.66
2929,Timothy Beck,stephanie90@example.com,Niue,2025-10-06,Standard,1024.73
2930,Alec Cordova,kevinstein@example.net,Slovenia,2020-02-02,Standard,109.08
2931,Jenna Hanna,jacobscraig@example.org,Grenada,2020-10-14,Premium,8349.33
2932,Megan Crawford,taylorandrea@example.net,Tunisia,2022-07-22,Basic,2840.29
2933,Jason Ryan,jeffrey73@example.com,Puerto Rico,2025-11-18,Basic,3593.14
2934,Rebecca Montgomery,antonio09@example.com,Tonga,2025-10-20,Standard,8461.62
2935,Jacqueline Jackson,marymartinez@example.org,Northern Mariana Islands,2025-02-13,Standard,2371.62
2936,Jose Richardson,tina46@example.org,Gambia,2021-01-13,Premium,4435.80
2937,Eric Chase,bradleyware@example.net,Syrian Arab Republic,2025-01-23,Premium,5281.54
2938,Jordan Pruitt,justinmercer@example.com,Timor-Leste,2023-11-19,Standard,7933.48
2939,Theresa Stuart,xmitchell@example.com,Northern Mariana Islands,2020-10-23,Standard,4603.30
2940,Chelsea Smith,tammy38@example.net,Turkey,2024-04-15,Standard,8217.94
2941,Taylor Foley,robert85@example.com,Reunion,2022-01-25,Standard,3365.68
2942,Allison Moon,kathrynbaker@example.org,Namibia,2023-07-24,Standard,3752.15
2943,Mitchell Romero,wterry@example.net,Saint Vincent and the Grenadines,2025-12-16,Basic,9755.50
2944,David Robertson,jeremy33@example.net,Mozambique,2023-02-25,Standard,7458.43
2945,Michelle Escobar,adamsandrea@example.net,Antigua and Barbuda,2025-06-10,Basic,3178.07
2946,Amy Ortiz,amanda73@example.net,Uganda,2024-02-13,Basic,9516.71
2947,Evelyn Barnes,jordanedward@example.com,France,2021-03-29,Standard,3028.91
2948,Jackie Arnold,lindsay64@example.com,Madagascar,2022-07-19,Standard,4439.06
2949,Sarah Lang,qstrong@example.com,Latvia,2023-04-03,Standard,3072.17
2950,Pamela Osborne,mike53@example.org,Cape Verde,2024-12-06,Standard,8397.33
2951,Adam Garcia,robinsondustin@example.com,Armenia,2022-02-13,Premium,2410.62
2952,Marissa Hebert,beckmegan@example.org,Sierra Leone,2025-08-10,Standard,7949.88
2953,Jonathan Wilson,justinallen@example.com,Saint Pierre and Miquelon,2023-03-31,Premium,265.18
2954,Adam Church,gabriel26@example.net,Rwanda,2023-11-30,Basic,241.60
2955,Catherine Fuller,martinmatthew@example.com,Djibouti,2020-06-18,Standard,7833.58
2956,Paula Glenn,qbrown@example.net,Micronesia,2025-04-13,Standard,9258.54
2957,Corey Ramirez,terrysheryl@example.com,Hong Kong,2020-02-19,Basic,949.26
2958,Makayla Thomas MD,jamescooper@example.net,Senegal,2024-04-04,Standard,2015.82
2959,Bruce Brown,ericmoore@example.com,Slovakia (Slovak Republic),2022-05-05,Basic,5875.57
2960,Teresa Paul,melissa29@example.com,Paraguay,2022-04-14,Basic,9690.79
2961,Manuel Sandoval,ahenry@example.net,Estonia,2025-06-07,Standard,5482.62
2962,Michael Jones,lcole@example.org,Yemen,2024-09-18,Standard,6286.58
2963,Mary Sanchez,reyesashley@example.org,Samoa,2023-09-16,Premium,7060.68
2964,David Ford,gibsonmartin@example.net,Croatia,2022-12-07,Basic,5879.43
2965,Patricia Williams MD,melinda38@example.com,Bermuda,2025-01-06,Standard,8116.29
2966,Sarah Haas,richardsonkayla@example.com,Papua New Guinea,2025-09-12,Standard,5236.25
2967,Jennifer Stafford,tandrade@example.net,Brazil,2022-11-24,Basic,1705.50
2968,Crystal Chapman,wbrown@example.net,Brazil,2022-09-15,Standard,3523.90
2969,Eric Larsen,ohall@example.net,Bermuda,2021-09-15,Standard,6380.73
2970,Manuel Garcia,wchambers@example.org,Myanmar,2025-10-07,Standard,5511.36
2971,Jesse Ortiz,qblackwell@example.org,Rwanda,2024-10-08,Premium,7040.09
2972,Chloe Phillips,twebb@example.org,Egypt,2022-01-01,Premium,4608.55
2973,Cassidy Kane,howestephanie@example.com,Ghana,2021-07-19,Premium,6463.36
2974,Jessica Riddle,bowmankimberly@example.org,Kyrgyz Republic,2021-08-21,Standard,4201.44
2975,Nicholas Garcia,chrismiranda@example.net,Uruguay,2022-12-04,Standard,9071.86
2976,Charles Hall MD,jasonturner@example.net,French Southern Territories,2025-10-28,Premium,4473.33
2977,Steven Villanueva,markcunningham@example.net,Taiwan,2024-05-10,Premium,8626.67
2978,Joshua Simpson,stephen90@example.com,Honduras,2025-02-13,Premium,2682.49
2979,Tina Zavala,gibsoncourtney@example.com,Aruba,2023-04-30,Premium,4805.37
2980,John Dixon,tylersmith@example.org,Belarus,2024-01-14,Standard,796.60
2981,Thomas Bush,huntersarah@example.org,Cook Islands,2020-03-18,Standard,5722.57
2982,Tiffany Hernandez,jacobsmandy@example.com,Cote d'Ivoire,2025-09-19,Standard,2864.55
2983,Charles Sheppard,robertjohnson@example.net,Andorra,2025-10-16,Premium,2325.18
2984,Larry Pineda Jr.,kim38@example.net,Belgium,2025-12-09,Premium,8303.51
2985,Alisha Young,bschmidt@example.com,Cote d'Ivoire,2020-07-04,Basic,7194.77
2986,Victor Gutierrez II,cheryljohnson@example.net,Norfolk Island,2021-11-28,Basic,4382.00
2987,Michele Manning,tuckerwayne@example.org,Montenegro,2025-11-23,Premium,8527.05
2988,Cory Anderson,davisrichard@example.org,Seychelles,2024-01-16,Premium,4925.48
2989,Shawn Buckley,cooperashley@example.com,Mayotte,2022-02-25,Basic,8659.76
2990,Daniel House,andrew17@example.com,Somalia,2021-02-08,Standard,2622.26
2991,Jose Gentry,ecook@example.org,Guatemala,2023-04-05,Premium,9234.53
2992,Steven Walls,csmith@example.com,Zambia,2020-07-10,Standard,1221.95
2993,Hannah Wilson,jennifer88@example.net,Antarctica (the territory South of 60 deg S),2022-08-13,Basic,976.82
2994,Larry Peterson,sbrown@example.com,San Marino,2023-11-21,Basic,1066.67
2995,Crystal Johnson,karenrussell@example.net,Serbia,2023-04-23,Standard,4092.06
2996,Rebecca Bray,wharvey@example.net,Cook Islands,2025-03-07,Premium,6383.94
2997,Jonathan Cross,leonardjodi@example.net,Mongolia,2022-09-18,Premium,3731.61
2998,Margaret Watkins,melissawebster@example.com,Niger,2025-09-15,Standard,78.15
2999,Stephanie Decker,xgutierrez@example.com,China,2020-09-18,Standard,2722.09
3000,Philip Roberts,jessicasolis@example.org,Taiwan,2020-02-18,Standard,3943.37
3001,Adam Haney,scott16@example.net,Madagascar,2021-04-14,Standard,8145.82
3002,Erin Walsh,regina02@example.net,Guernsey,2024-10-24,Basic,3222.09
3003,Eric Jones,stantonjoseph@example.net,Bosnia and Herzegovina,2023-04-24,Basic,9008.17
3004,Madison Garcia,rodgersheather@example.org,Pitcairn Islands,2023-09-06,Standard,3736.33
3005,Kimberly Walker,jonathan28@example.com,Nauru,2020-07-13,Standard,6406.18
3006,Ronnie Rowland,rcrosby@example.org,Tajikistan,2023-12-02,Premium,7795.56
3007,James Mullins,davismatthew@example.net,South Georgia and the South Sandwich Islands,2020-01-07,Basic,1307.08
3008,David Mcintyre,poncecynthia@example.org,French Polynesia,2025-10-29,Basic,3660.69
3009,Erica Cole,johngray@example.org,Canada,2020-11-02,Premium,470.44
3010,Kathleen George,lopezfelicia@example.net,Cook Islands,2025-08-03,Standard,3389.18
3011,Matthew Johnson,lprice@example.com,Eritrea,2025-05-31,Standard,9597.31
3012,Daniel Martin,kiddjames@example.com,New Caledonia,2024-06-15,Basic,2198.81
3013,April Martin,moorejamie@example.org,Bhutan,2020-02-08,Standard,9686.13
3014,Felicia Brown DDS,jkennedy@example.net,Turkmenistan,2024-03-02,Standard,4321.46
3015,Kayla Diaz,theresa40@example.net,Canada,2022-06-17,Standard,9807.96
3016,Justin Rodriguez,xhall@example.net,Guam,2024-11-16,Standard,571.21
3017,Jacob Palmer,ylewis@example.com,Tokelau,2024-09-27,Standard,9022.99
3018,Jeffrey Hill,emily32@example.net,Myanmar,2022-11-01,Basic,9628.07
3019,Stephanie Flores DDS,smartin@example.com,Bahrain,2020-06-14,Basic,8179.65
3020,Billy Ramirez,alyssaweaver@example.net,Estonia,2022-06-29,Basic,553.16
3021,Sheila Elliott,mnewton@example.com,Peru,2024-02-24,Standard,1545.84
3022,Daniel Case,nicholas42@example.net,Central African Republic,2020-10-05,Standard,5865.28
3023,Beth Scott,heather11@example.com,Italy,2023-11-29,Premium,5354.31
3024,Kimberly Lee DVM,mallen@example.org,Norway,2022-01-09,Standard,4252.48
3025,Laurie Smith,lori45@example.net,Tokelau,2023-01-22,Premium,7036.40
3026,Selena Baker,bpalmer@example.org,Ukraine,2024-11-25,Standard,618.43
3027,Christian Mccormick,clarkian@example.net,Palestinian Territory,2023-11-30,Basic,2208.21
3028,Todd Hoover,greenpaula@example.org,Chad,2025-03-06,Basic,7067.14
3029,Michael Garcia,lindanewman@example.com,Palau,2025-03-26,Basic,7730.40
3030,Michael Lewis,anthonyjones@example.com,Chile,2020-07-07,Standard,5143.44
3031,Michelle Williams,rwolfe@example.org,Bahamas,2025-01-10,Basic,8072.51
3032,Jeffrey Meyers,karikoch@example.org,Zimbabwe,2025-04-08,Basic,676.39
3033,Troy Delgado,jenniferadams@example.com,Pitcairn Islands,2024-11-14,Standard,8692.78
3034,Brittany Ball,carrmichael@example.org,Norway,2023-08-07,Basic,9021.75
3035,Roberta Lyons,sheila77@example.org,United Arab Emirates,2020-02-28,Standard,6666.04
3036,Kevin Hill MD,wnguyen@example.org,Czech Republic,2024-06-10,Standard,9274.59
3037,David Bridges,cwilliams@example.org,Puerto Rico,2023-11-26,Standard,1925.61
3038,Jeff Colon,elizabethpatel@example.com,Slovakia (Slovak Republic),2025-10-24,Standard,4873.17
3039,Melanie Wall,silvaamy@example.net,Israel,2021-12-27,Basic,2577.12
3040,Randy Brown,robert48@example.com,Swaziland,2020-10-18,Standard,8337.00
3041,Zachary Moore,adkinswhitney@example.org,Mongolia,2024-11-13,Basic,6404.78
3042,Taylor Wilkins,johnsonbeth@example.com,Comoros,2022-09-11,Basic,2802.96
3043,Jerry Black,luisdavis@example.org,Denmark,2020-10-25,Premium,5801.39
3044,Charles Mullins,salexander@example.com,Uganda,2023-09-16,Standard,7910.71
3045,Maureen Bradshaw,ashley70@example.com,Nigeria,2021-01-04,Standard,190.93
3046,Lauren Jackson,richardhill@example.org,India,2025-09-11,Basic,7792.19
3047,Mary Greene,vanessa90@example.com,Liberia,2021-01-08,Standard,8980.72
3048,Samuel Jackson,jose32@example.com,Tajikistan,2021-04-10,Standard,6278.18
3049,Chloe Hawkins,natalie82@example.com,Western Sahara,2021-07-14,Standard,2705.59
3050,Sheila Smith,rodriguezbeth@example.net,United States Virgin Islands,2024-01-12,Standard,6609.19
3051,Alan Mendez,cassandracarey@example.com,Pitcairn Islands,2020-10-24,Basic,5498.80
3052,Jordan Graham,qwells@example.org,Mongolia,2023-06-07,Basic,201.69
3053,Scott Jensen,michaelschultz@example.org,Saint Helena,2024-02-04,Basic,6924.34
3054,Lisa Casey,mdavis@example.org,Iceland,2025-02-17,Basic,9319.33
3055,Katie James,perezmichael@example.net,Austria,2025-10-28,Standard,3355.11
3056,Crystal Lopez,scarter@example.com,Belgium,2020-01-23,Standard,1679.11
3057,Christopher Marsh,alexander83@example.com,Dominican Republic,2024-03-14,Standard,1009.66
3058,Bradley Turner,myerssamantha@example.com,Turks and Caicos Islands,2025-01-16,Premium,503.56
3059,Daniel Garcia,scott19@example.com,El Salvador,2020-05-17,Standard,9509.89
3060,Michael Poole,jason80@example.org,Indonesia,2025-08-11,Standard,8060.61
3061,Jessica Gonzalez,kristopher62@example.com,Cote d'Ivoire,2020-03-15,Premium,5284.25
3062,Chase Woods,briggsdouglas@example.org,Equatorial Guinea,2024-09-27,Standard,527.53
3063,Kendra Summers,bennettjoseph@example.net,Jamaica,2023-08-29,Basic,4123.15
3064,Chad Schmidt,robert16@example.net,France,2024-08-20,Basic,6076.63
3065,Casey Miles,edwin92@example.com,Japan,2023-08-10,Premium,1483.97
3066,Donald Walsh,kristiwilson@example.net,Afghanistan,2025-08-19,Standard,8685.32
3067,Eric Cunningham,,Bahrain,2022-09-05,Standard,6360.19
3068,Samuel Hunt,ekramer@example.org,Japan,2022-03-17,Premium,6313.10
3069,Ashley Taylor,wguerrero@example.net,Palau,2023-01-25,Standard,944.53
3070,Jose Sanchez,shannon36@example.com,Haiti,2020-05-20,Standard,3612.73
3071,Michael Blake,ewilkinson@example.net,Italy,2025-11-13,Standard,5490.76
3072,Ronald Gray,,Ghana,2022-08-15,Basic,2843.32
3073,Amy Lynn,blakemcclain@example.net,Cameroon,2022-08-27,Basic,4406.44
3074,Katrina Shields,christopherharris@example.net,Saint Kitts and Nevis,2021-05-06,Premium,8514.48
3075,Brian Lozano,tjacobs@example.com,South Georgia and the South Sandwich Islands,2024-04-01,Premium,3008.16
3076,Joseph Valenzuela,lauragarcia@example.com,Heard Island and McDonald Islands,2020-02-02,Basic,3140.34
3077,Jill Cannon,irwinjoe@example.org,Guadeloupe,2023-03-01,Standard,1485.89
3078,Kelly Mathews DDS,fmiller@example.com,Guatemala,2022-03-23,Standard,1483.78
3079,Sharon Price,patrick81@example.net,Cambodia,2021-07-05,Basic,5460.42
3080,Robert James,dunnbeth@example.com,Fiji,2023-08-06,Standard,3067.54
3081,Christopher Williams,mgutierrez@example.com,Wallis and Futuna,2023-08-25,Basic,8262.34
3082,Julia Robinson,hsmith@example.org,Costa Rica,2021-03-09,Premium,4303.44
3083,Donald Cameron,stevekhan@example.net,Guadeloupe,2022-02-19,Standard,4375.94
3084,Gary Macdonald,poolejean@example.com,Saint Martin,2022-07-11,Premium,3205.01
3085,Michael Bell,isaacpeters@example.com,Grenada,2025-07-13,Standard,4703.87
3086,Antonio Garcia,christopherschmidt@example.org,Philippines,2022-08-15,Standard,7552.87
3087,Jon Gonzales,hodgeandrew@example.net,Sweden,2021-08-10,Standard,7157.51
3088,Catherine Olson,catherinepalmer@example.com,Portugal,2025-06-22,Basic,2559.30
3089,Martin Anderson,tiffanydavis@example.net,Japan,2022-09-23,Premium,5640.85
3090,Diana Parker,tina97@example.com,Latvia,2022-05-02,Premium,2981.54
3091,Kelsey Williams,maryperez@example.com,Syrian Arab Republic,2025-02-21,Standard,3435.06
3092,Christina Young,kali@example.com,Honduras,2024-03-23,Basic,9025.94
3093,Sharon Thomas,davistammy@example.net,Bulgaria,2025-11-20,Basic,3224.28
3094,Erica Acosta,bennettkrystal@example.org,Bouvet Island (Bouvetoya),2025-02-03,Basic,3974.72
3095,Christopher Martin,michelleperez@example.net,Heard Island and McDonald Islands,2022-01-07,Standard,9611.32
3096,Timothy Warren,qcampbell@example.net,Saint Pierre and Miquelon,2020-05-07,Standard,4330.23
3097,Robert Rhodes,anthonybishop@example.com,Samoa,2024-08-26,Premium,2381.45
3098,Katelyn Fleming,normanjaime@example.com,Ethiopia,2020-03-09,Standard,4774.08
3099,Reginald Scott,reneelopez@example.net,American Samoa,2021-07-14,Standard,9451.82
3100,Albert Pierce,ochoajustin@example.net,Germany,2025-03-30,Standard,9622.63
3101,Ashley Copeland,alexandrarubio@example.net,Cuba,2022-09-23,Basic,6417.16
3102,Christine Schwartz,roger15@example.org,Tuvalu,2021-03-28,Standard,2573.22
3103,Angela Hendricks,laurieweber@example.net,South Georgia and the South Sandwich Islands,2022-08-23,Standard,9313.25
3104,Robert Mcbride,derek86@example.org,Mexico,2020-12-13,Premium,5671.86
3105,Dorothy Robinson,sarah80@example.net,Antarctica (the territory South of 60 deg S),2022-05-16,Standard,1128.93
3106,Jeremy Jones Jr.,crodriguez@example.net,Liechtenstein,2025-07-29,Basic,4380.07
3107,Samuel Russell,rogersalbert@example.com,Niger,2022-06-03,Basic,6655.96
3108,Richard Henderson,morganpatricia@example.org,Saint Pierre and Miquelon,2025-02-26,Basic,9682.54
3109,Wesley Gomez,donnasanchez@example.org,Kuwait,2020-02-01,Basic,2300.77
3110,Scott Garcia,danielschristopher@example.org,British Virgin Islands,2023-08-21,Standard,2917.50
3111,Sergio Carter DVM,sandra44@example.org,Greece,2024-07-20,Premium,6437.38
3112,Michael Le,susan61@example.com,Palau,2021-12-07,Standard,3279.48
3113,Deborah Schmidt,martindavid@example.net,Sao Tome and Principe,2020-04-14,Standard,7936.66
3114,Amy Davenport,bennetterica@example.net,Falkland Islands (Malvinas),2025-04-06,Standard,9063.50
3115,Michael West,adambrown@example.com,Martinique,2020-10-07,Premium,4809.93
3116,Emma Roman,lmunoz@example.com,Central African Republic,2021-03-04,Premium,2875.92
3117,Ray Cooper,lanejoshua@example.net,Tonga,2020-04-02,Basic,4215.88
3118,Karen Jackson,john17@example.org,Swaziland,2020-01-02,Basic,8766.41
3119,Dana Gonzales,yorkjose@example.net,Tanzania,2022-08-20,Premium,6189.63
3120,Gary Church,stephen94@example.org,Micronesia,2020-10-25,Premium,5704.52
3121,William Terry,hernandezscott@example.net,Egypt,2023-12-01,Standard,9661.50
3122,Jasmin Dennis PhD,vdavis@example.com,Antarctica (the territory South of 60 deg S),2023-08-15,Basic,9393.22
3123,Paul Martinez,holdencarolyn@example.net,Tunisia,2021-04-25,Basic,1302.46
3124,Brenda Bates,alex81@example.com,Georgia,2024-04-15,Standard,9476.65
3125,Ashley Jordan,douglas77@example.com,France,2025-11-18,Premium,8374.71
3126,Nicole Kline,nicolemoore@example.org,Antarctica (the territory South of 60 deg S),2023-03-31,Standard,7243.88
3127,Danielle Ruiz,brian44@example.org,Burkina Faso,2024-09-19,Basic,9819.10
3128,Carol Hernandez,henryramsey@example.org,Brazil,2024-08-21,Premium,6227.10
3129,Angela Romero,alogan@example.com,Samoa,2022-02-21,Standard,5082.98
3130,Travis Vazquez,coreysanchez@example.net,Cambodia,2021-09-13,Basic,6108.10
3131,Charles Campbell,alyssacole@example.com,Turks and Caicos Islands,2024-02-24,Basic,5310.72
3132,Brenda Meyer,fosterjoshua@example.com,Russian Federation,2021-02-02,Premium,6647.60
3133,Terry Kelley,pclements@example.com,Taiwan,2025-01-09,Standard,7524.45
3134,Mindy Marsh,deanna24@example.com,Saint Helena,2023-08-22,Standard,1645.37
3135,Maria Hendrix,allison99@example.com,Egypt,2020-02-27,Basic,4439.60
3136,Patricia Franklin,kbooth@example.com,Kyrgyz Republic,2022-11-20,Premium,5273.33
3137,Michael White,james36@example.com,French Guiana,2022-05-08,Premium,1941.53
3138,Rebecca Phelps,zimmermanchristine@example.net,Bahamas,2020-07-20,Standard,1895.01
3139,Sabrina Gonzalez,ebyrd@example.net,Honduras,2020-06-02,Standard,2642.10
3140,Kathy Silva,psolomon@example.net,Myanmar,2022-01-12,Basic,5812.53
3141,Patrick Austin,vphillips@example.org,Seychelles,2021-05-05,Basic,1320.01
3142,Thomas Rivera,ythomas@example.net,French Polynesia,2023-11-10,Standard,5423.28
3143,Denise Fisher,paul36@example.org,Argentina,2024-05-01,Basic,4245.15
3144,Patricia Dillon,jeffreyrussell@example.net,Montenegro,2022-08-19,Standard,9545.75
3145,Gerald Smith,scott47@example.com,Congo,2022-06-28,Standard,9302.07
3146,Paul Miller,jamesbell@example.net,Sudan,2023-08-31,Standard,7253.11
3147,Jerry Russell,dominic71@example.com,South Africa,2021-12-09,Premium,8826.64
3148,Joshua Anderson,mooregordon@example.com,Guatemala,2020-10-14,Premium,9436.28
3149,Deanna Diaz,donald66@example.org,British Virgin Islands,2023-11-11,Standard,2379.01
3150,Gregory Grant,zwalter@example.com,Saint Vincent and the Grenadines,2024-12-07,Standard,9681.96
3151,Jennifer Bond,igrant@example.net,Pakistan,2023-11-26,Standard,721.60
3152,Blake Pineda,patricia36@example.com,Puerto Rico,2022-12-23,Standard,3078.11
3153,Steven Lloyd,andrearias@example.com,Western Sahara,2023-06-18,Standard,9005.00
3154,Carol Duffy,uolson@example.net,Montenegro,2025-02-28,Premium,7651.74
3155,Jessica Williams,floresroger@example.net,Saint Vincent and the Grenadines,2025-01-14,Premium,1429.48
3156,Tanya Mcintosh,martinezmegan@example.org,Guernsey,2024-07-29,Standard,2711.03
3157,Elizabeth Davis,johnsonalexandria@example.net,Bulgaria,2025-08-29,Basic,223.17
3158,Peter Cook,hchan@example.net,Oman,2024-02-26,Basic,9883.21
3159,Andrew Medina,daypaula@example.org,Congo,2021-10-17,Basic,8767.05
3160,Jacob Green,phillipsjohn@example.net,Sao Tome and Principe,2024-06-28,Standard,4536.76
3161,James Hudson,chambersaaron@example.com,Netherlands Antilles,2022-06-25,Standard,4124.77
3162,Jennifer Morse,tbaldwin@example.org,Saint Helena,2023-09-29,Basic,7400.17
3163,Jonathan Martinez,hilljames@example.com,Australia,2024-04-08,Standard,3403.38
3164,Christine Delgado,yhays@example.com,Tanzania,2024-06-05,Basic,2727.00
3165,Heather Watkins,martinsusan@example.org,Israel,2021-08-08,Basic,8788.55
3166,Michael Clayton,amandaallen@example.com,Tonga,2025-11-08,Basic,4596.11
3167,Kevin Smith,raymondalvarado@example.org,Svalbard & Jan Mayen Islands,2021-10-23,Basic,7685.50
3168,Evan Freeman,tdaugherty@example.org,French Polynesia,2024-03-04,Standard,8066.28
3169,Joseph Morgan,bishopralph@example.com,Sweden,2023-11-23,Standard,6798.12
3170,Nicole Mann,mariadelgado@example.org,Cambodia,2021-01-18,Basic,9031.33
3171,Adrienne Khan,washingtonryan@example.net,Myanmar,2021-11-19,Basic,4619.89
3172,Daniel Gibson,brownhannah@example.org,Czech Republic,2022-10-08,Standard,1816.61
3173,Erica Lee,aleccantu@example.org,Paraguay,2022-06-05,Standard,7814.70
3174,Travis Bradley,wjones@example.com,Maldives,2023-11-18,Basic,2500.94
3175,Eric Rivera,ashleyrichardson@example.net,Tajikistan,2022-01-19,Standard,8925.44
3176,Samantha Hamilton,robert65@example.com,Finland,2020-10-28,Standard,6311.52
3177,Charles Munoz,wandataylor@example.net,Kazakhstan,2025-03-29,Premium,7348.08
3178,Philip Mueller,johnsonkimberly@example.org,Chile,2022-12-12,Basic,1399.90
3179,Mr. Justin Long III,sotoanthony@example.com,Saint Barthelemy,2020-10-31,Premium,8628.46
3180,Alex West,wolfedeanna@example.net,Senegal,2020-09-04,Standard,5725.18
3181,Kenneth Mitchell,joshua22@example.com,Tonga,2021-07-25,Basic,1422.59
3182,Kyle Barajas,matthewsandre@example.net,Djibouti,2025-11-26,Basic,5995.48
3183,Kathleen Massey,andersonchristopher@example.net,France,2025-10-04,Basic,3347.91
3184,Anthony Scott III,msmith@example.com,Slovakia (Slovak Republic),2021-03-15,Premium,8297.46
3185,Cynthia Cooley,justinwillis@example.com,Belgium,2023-07-30,Standard,2850.57
3186,Brett Castillo,bartonrebecca@example.com,Bolivia,2022-10-06,Premium,2932.18
3187,Mary Brown,bakernicole@example.org,Japan,2020-11-19,Basic,3991.03
3188,James Jensen,alex54@example.net,Palau,2020-09-04,Standard,6100.67
3189,David Harrison,czuniga@example.net,Cambodia,2022-11-14,Standard,4603.57
3190,Jenna Conway,jasonwatkins@example.com,Singapore,2022-12-27,Standard,6210.41
3191,Joseph White,ericblack@example.com,Dominican Republic,2025-07-17,Basic,9333.60
3192,Amanda Herman,kenneth81@example.com,Greenland,2025-09-03,Premium,7346.01
3193,Troy Johnson,thomasflores@example.org,Guinea-Bissau,2025-09-25,Standard,8886.45
3194,Mark Heath,ydickson@example.com,Guadeloupe,2024-09-11,Standard,6554.20
3195,Gregory Johnson,nealvalerie@example.net,Falkland Islands (Malvinas),2022-05-25,Basic,6346.97
3196,Calvin Coleman,adamsdouglas@example.net,Uzbekistan,2025-11-07,Standard,8567.51
3197,Devon Tanner,julielewis@example.com,Jordan,2024-12-09,Basic,6931.34
3198,Jennifer Meyer,erobinson@example.com,Anguilla,2024-03-08,Basic,2387.87
3199,Brandy Campbell,robertshaw@example.com,Italy,2025-03-23,Standard,1867.41
3200,Stephen Wiggins,garcialauren@example.org,Japan,2020-07-08,Basic,1080.08
3201,Charles White,tjones@example.org,Bhutan,2023-10-10,Standard,6441.64
3202,April Johnson,wellssandra@example.com,Jersey,2025-05-15,Standard,4949.19
3203,David Hudson,lbird@example.net,Lithuania,2022-03-01,Premium,5717.97
3204,Alyssa Phillips,grossscott@example.com,Algeria,2020-11-22,Standard,8859.34
3205,Curtis Burnett,nicole14@example.com,South Georgia and the South Sandwich Islands,2023-04-30,Basic,7958.17
3206,Lisa Hamilton,qcooper@example.com,French Southern Territories,2023-12-01,Premium,2383.35
3207,Megan Mills,sthompson@example.net,United Kingdom,2023-12-14,Basic,6136.37
3208,Mary Spencer,rkirby@example.net,Uzbekistan,2023-07-04,Basic,6188.61
3209,Joe Wallace,hensleymichael@example.org,China,2025-03-05,Standard,3936.54
3210,Gary Ray,amberchung@example.org,Mayotte,2021-12-11,Premium,3528.90
3211,Raymond Bell,williamsthomas@example.org,Malta,2023-03-13,Standard,4834.40
3212,Jimmy Smith,imay@example.com,Romania,2023-10-28,Standard,8218.89
3213,Jon Porter,qsanchez@example.org,Zambia,2022-09-21,Premium,1286.57
3214,Mary Gallagher,chebert@example.com,Malta,2021-12-19,Standard,3156.20
3215,Michael Reyes,christophergreen@example.net,Bangladesh,2020-01-10,Basic,6185.59
3216,Jeffrey Williams DDS,robertafloyd@example.net,Ukraine,2023-07-20,Basic,5091.37
3217,Paul Hendricks,andreholland@example.com,Myanmar,2022-05-29,Basic,3032.03
3218,Hannah Howard,andersonmark@example.com,Brunei Darussalam,2023-07-22,Standard,7354.22
3219,Julie Bernard,dwalker@example.com,Ethiopia,2022-06-21,Standard,6083.58
3220,Joanne Porter,sydney22@example.com,United Arab Emirates,2022-08-29,Basic,2994.50
3221,Roy Davis,lisarobinson@example.net,Japan,2021-11-04,Basic,8889.32
3222,Joseph Cervantes,laurencarson@example.com,Congo,2024-10-25,Standard,2477.82
3223,Joan May,thomas03@example.org,Chile,2025-07-14,Standard,7899.70
3224,Jessica Harris,kevinmccoy@example.com,Liechtenstein,2025-04-02,Standard,5109.10
3225,Michael Roberts,morgan52@example.com,Namibia,2021-09-19,Basic,7309.62
3226,Rebecca Stewart,william12@example.org,Guam,2024-06-18,Premium,1561.39
3227,Jessica Todd,leachmark@example.org,Kuwait,2025-10-25,Basic,5568.14
3228,Mrs. Amber Obrien,sarah94@example.net,Indonesia,2020-02-20,Standard,9397.47
3229,Angela Willis,ngutierrez@example.org,China,2021-02-25,Standard,8468.11
3230,Charles Alvarez,walterspaul@example.net,Solomon Islands,2022-03-13,Standard,9715.34
3231,Matthew Craig,lisa87@example.net,Benin,2022-03-30,Standard,3906.12
3232,Michael Powell,brent58@example.org,Croatia,2023-05-16,Basic,6341.93
3233,Tiffany Williams,billyjones@example.com,Croatia,2025-03-05,Standard,1788.38
3234,Rodney Armstrong,ogardner@example.com,Tanzania,2025-07-23,Premium,9459.43
3235,Theresa Melendez,sharon34@example.org,Sri Lanka,2022-04-04,Standard,750.89
3236,Joshua Klein,diane35@example.com,United Arab Emirates,2022-12-26,Standard,514.38
3237,Wyatt Chambers,lindsey28@example.org,Sao Tome and Principe,2021-08-18,Basic,254.85
3238,Cynthia Bradley,jamesshepherd@example.net,Saudi Arabia,2023-01-22,Premium,5077.69
3239,Andres Thomas,hunterallen@example.com,India,2023-05-22,Standard,3843.34
3240,John Green,susan70@example.com,Russian Federation,2021-06-01,Basic,3109.40
3241,Erica Fox,ayalarobert@example.net,Hong Kong,2024-02-20,Standard,8650.95
3242,Christopher Smith,aaron82@example.net,Greece,2021-11-08,Standard,2025.76
3243,Tyler Garcia,boyerjohn@example.com,Australia,2025-05-12,Premium,655.57
3244,Scott Holt,rford@example.com,Taiwan,2025-05-22,Basic,5813.07
3245,Alexander Long,ubenton@example.org,United Arab Emirates,2025-12-04,Standard,1241.69
3246,Andrew Bradshaw,swaters@example.org,Cook Islands,2023-06-30,Standard,9505.46
3247,Anthony Silva,xhernandez@example.com,Saudi Arabia,2024-06-27,Standard,4078.20
3248,Richard Ray,hannahknapp@example.com,Hungary,2024-02-06,Standard,6710.10
3249,Karen Vasquez,jacobestrada@example.com,Armenia,2025-10-02,Premium,3201.95
3250,Felicia Miller,webbrhonda@example.org,Tunisia,2025-09-26,Standard,4393.83
3251,Aaron Johnson,stephanie92@example.org,Faroe Islands,2025-12-21,Standard,5693.11
3252,Thomas Alvarez,greermicheal@example.net,Cambodia,2025-01-02,Standard,3385.55
3253,Benjamin Harrell,jennifertodd@example.org,Kyrgyz Republic,2020-08-26,Basic,6768.98
3254,Keith Blake,megan14@example.net,Mozambique,2024-06-13,Premium,2192.82
3255,Sabrina Wiley,youngdaniel@example.net,Lesotho,2021-07-17,Standard,5558.85
3256,Catherine Russell,fbenson@example.org,Argentina,2023-03-04,Standard,8240.89
3257,Elizabeth Ford,aclark@example.com,Korea,2025-07-23,Standard,5628.42
3258,Danny Harris,david73@example.org,Suriname,2024-07-12,Standard,2554.33
3259,Brittany Harper,anna10@example.com,Brunei Darussalam,2024-08-22,Standard,457.71
3260,John French,katherine11@example.com,Iraq,2022-02-20,Premium,4232.39
3261,Anne Gay,wendy40@example.net,Malaysia,2023-08-02,Premium,6647.84
3262,Timothy Martinez,westcrystal@example.com,Svalbard & Jan Mayen Islands,2020-10-23,Basic,3186.14
3263,David Johnson,edwardedwards@example.org,Tunisia,2022-01-26,Standard,5424.81
3264,Stuart Peterson,charles76@example.net,Andorra,2025-04-18,Basic,1969.96
3265,Ms. Carmen Jones,swest@example.org,Jamaica,2023-08-19,Basic,9344.70
3266,Nichole Smith,zmorgan@example.net,Azerbaijan,2023-01-27,Standard,5444.67
3267,Stephen Peters,pbrown@example.net,Antarctica (the territory South of 60 deg S),2020-12-04,Basic,5373.33
3268,Tyler Mccarthy,bradleybrewer@example.org,Liechtenstein,2021-08-10,Standard,7483.95
3269,James Carroll,dawn56@example.com,Chile,2025-04-03,Basic,5347.81
3270,Ashley Duncan,scottfrazier@example.com,Mauritania,2021-06-15,Basic,5371.32
3271,Cody Gonzalez,catherine95@example.org,Saudi Arabia,2020-03-20,Basic,7228.31
3272,Brandi Hart MD,hernandezamy@example.org,Timor-Leste,2022-02-09,Premium,2089.34
3273,James Henry,sjacobs@example.org,Papua New Guinea,2025-06-22,Standard,606.02
3274,Michael Jackson,tcaldwell@example.org,Serbia,2021-10-07,Premium,5734.90
3275,Teresa Payne,hopkinsbryce@example.net,Japan,2020-05-16,Standard,3511.87
3276,Paul Hooper,rodgerscarlos@example.org,Pitcairn Islands,2021-11-13,Premium,5651.24
3277,Sabrina James,brian02@example.com,Italy,2025-01-14,Standard,1675.10
3278,Shane Johnson,anita59@example.org,Kyrgyz Republic,2021-11-28,Basic,4108.69
3279,Amy Durham,cwatson@example.com,Belgium,2020-08-27,Standard,6528.55
3280,Sean Jennings,sarahlester@example.org,Reunion,2025-12-18,Standard,7287.54
3281,Gregory Medina,aaron45@example.net,Romania,2021-07-19,Standard,4592.09
3282,Kristen Hamilton,beth22@example.org,Cote d'Ivoire,2022-05-14,Basic,407.28
3283,Emily Garrett,savila@example.com,Sweden,2022-08-20,Basic,1652.15
3284,Andrea Mercado,contrerasdanny@example.com,Bermuda,2024-12-01,Basic,8353.60
3285,Rebecca Taylor,dwilson@example.com,Dominican Republic,2020-09-03,Basic,4662.74
3286,Ann Woods,jasmine44@example.net,Gabon,2020-04-08,Standard,7428.19
3287,David May,mejiadonna@example.org,Swaziland,2020-07-20,Basic,7126.88
3288,Michael Tran,brittanygarcia@example.net,Anguilla,2024-12-24,Basic,2976.83
3289,Jeffrey Brown,blairkatelyn@example.net,Eritrea,2023-09-16,Standard,9032.79
3290,Megan Rodriguez,john87@example.com,Norfolk Island,2023-11-10,Basic,2339.17
3291,Emily Moore,newtongary@example.net,Christmas Island,2020-09-06,Basic,8574.71
3292,Micheal Clark,nmartinez@example.com,Ukraine,2023-07-25,Basic,8374.03
3293,Gregory Wright,kimdavis@example.com,Bulgaria,2022-09-28,Premium,9237.22
3294,Regina Clark,tgreen@example.com,Jersey,2025-01-07,Basic,8851.24
3295,David Bright MD,arnoldjacqueline@example.net,Congo,2024-05-09,Premium,1474.78
3296,Sandra Griffin,lanebrian@example.com,Kazakhstan,2021-11-08,Basic,4233.34
3297,Maria Powell,helliott@example.com,Nicaragua,2022-01-08,Standard,1290.71
3298,Mark Anderson,hfox@example.net,Finland,2020-12-11,Basic,5680.32
3299,Susan Barber,erinvazquez@example.com,Slovenia,2023-08-09,Premium,272.92
3300,Ryan Donaldson DVM,pmckinney@example.com,Namibia,2020-08-08,Basic,8614.33
3301,Andrea Baker,boydchristina@example.net,Belgium,2022-07-24,Standard,1154.23
3302,Meghan Chen,morganlance@example.com,Moldova,2022-11-17,Standard,5302.75
3303,Olivia Vazquez,,Togo,2021-09-02,Premium,1234.49
3304,Andrew Morales,jamie37@example.net,Aruba,2025-05-24,Basic,7984.45
3305,Eric Faulkner,rcarroll@example.com,Turkey,2025-09-13,Premium,2660.46
3306,Adam Austin,jenna43@example.org,Trinidad and Tobago,2025-06-14,Standard,5921.48
3307,Michael James Jr.,zmiller@example.org,Japan,2021-12-01,Standard,7912.87
3308,Richard Gonzalez,alexandrasmith@example.org,Svalbard & Jan Mayen Islands,2022-02-16,Standard,5828.65
3309,Sonya Green,okelly@example.com,Cambodia,2023-09-14,Basic,3316.84
3310,Candice Christensen,christopher19@example.org,Saint Pierre and Miquelon,2020-06-25,Premium,1612.68
3311,Stephen Gibson,rebecca32@example.com,Anguilla,2021-03-23,Basic,8116.63
3312,Connie Williams,leejacob@example.org,Netherlands,2022-10-10,Premium,7878.69
3313,Jennifer Rogers,kelly77@example.org,Poland,2025-05-20,Premium,3252.85
3314,Michelle Stephenson,,Svalbard & Jan Mayen Islands,2023-05-12,Basic,246.27
3315,Chelsea Church,michaelholmes@example.org,Grenada,2021-07-24,Standard,5023.66
3316,Donna Brown,robinsonkelsey@example.net,Dominica,2022-04-10,Premium,2611.32
3317,Brian Olson,gwagner@example.org,Zambia,2025-04-07,Standard,9530.83
3318,Melinda Myers,nicolegonzalez@example.org,Kyrgyz Republic,2023-11-25,Standard,9970.52
3319,Amber Wilson,ericmorales@example.com,Greece,2020-09-30,Basic,9623.65
3320,Erik Tyler,courtneybarnett@example.com,United States Virgin Islands,2023-10-24,Standard,4256.98
3321,Elizabeth Hill,chungdeborah@example.net,Cook Islands,2023-04-28,Standard,1813.23
3322,Lisa Smith,harold62@example.org,San Marino,2023-08-01,Standard,117.19
3323,Crystal Oneill,bhernandez@example.com,Cook Islands,2023-03-27,Basic,6335.00
3324,Jonathan Brooks,kristen15@example.net,Macao,2020-10-06,Standard,4658.75
3325,Daniel Hill,bjones@example.net,Puerto Rico,2023-10-02,Basic,9339.95
3326,Christopher Aguilar,alexandererik@example.org,Tonga,2024-10-11,Basic,8122.58
3327,Amanda Reynolds,rileyjared@example.net,Micronesia,2025-10-27,Basic,9969.51
3328,Taylor Clark,bcantu@example.com,Hungary,2023-05-02,Premium,402.90
3329,James Parker,hruiz@example.org,Grenada,2020-11-22,Standard,5946.21
3330,Cheryl Graham,gabrielaedwards@example.org,Cameroon,2021-03-02,Standard,1908.14
3331,Billy Middleton,gschultz@example.com,Algeria,2021-09-06,Standard,5582.67
3332,Donna Parsons,xroman@example.net,Switzerland,2025-09-09,Standard,539.94
3333,Stephen Snyder,xfitzgerald@example.net,Tonga,2024-06-27,Standard,3488.97
3334,Carmen Gonzales,jodyodonnell@example.com,Timor-Leste,2020-05-04,Standard,7087.74
3335,George Sanchez,troy62@example.org,Christmas Island,2025-08-21,Basic,6045.51
3336,Cassandra Miller,christine26@example.org,Mayotte,2024-04-20,Standard,1690.06
3337,Bobby Clark,zavalakathleen@example.com,Armenia,2020-08-05,Standard,5874.96
3338,Jacqueline Kirby,carrie00@example.net,Albania,2024-10-23,Standard,4906.71
3339,Peter Anderson,uparrish@example.com,Bermuda,2025-08-14,Standard,9254.95
3340,Rebecca Jarvis,davidburke@example.net,Puerto Rico,2021-01-31,Basic,7173.52
3341,Jenna Hunter,maria19@example.org,Dominican Republic,2021-02-15,Premium,4837.01
3342,Grant Johnston,madison52@example.org,Kiribati,2020-09-20,Standard,8277.13
3343,Kimberly Graves,jessica58@example.org,Suriname,2021-06-27,Standard,3174.18
3344,Patrick Joseph,nancynolan@example.net,Togo,2021-02-23,Basic,6184.14
3345,Benjamin Reed,vrivera@example.org,Lesotho,2021-05-01,Basic,7887.65
3346,Grant Peterson,nicole97@example.org,Malawi,2024-07-05,Basic,5444.86
3347,Denise Finley,gonzalezerin@example.net,Norfolk Island,2021-05-29,Standard,6855.95
3348,Rachel Bennett,cainjessica@example.org,Hong Kong,2021-11-25,Standard,7647.18
3349,Marissa Lee,brockglenda@example.net,Chad,2023-04-23,Standard,7300.85
3350,James Taylor,johnsmatthew@example.com,Sweden,2022-03-08,Premium,4926.41
3351,Joe Johnson,richard79@example.org,Micronesia,2023-01-30,Premium,301.15
3352,Deanna Davis,thomas55@example.org,Tuvalu,2021-02-01,Premium,9678.90
3353,Tracey Castillo,brandonmarshall@example.net,Pakistan,2021-10-25,Premium,5161.48
3354,Judith Smith,johnsonjennifer@example.com,Uganda,2022-02-11,Standard,5615.48
3355,Andrew Anderson,jroberts@example.org,Cayman Islands,2021-07-19,Standard,8497.23
3356,James Hill,hsheppard@example.com,Bermuda,2022-07-27,Standard,5136.96
3357,Angel Copeland,longgeorge@example.com,Central African Republic,2021-12-15,Basic,777.39
3358,Jacob Phillips,hlong@example.org,Angola,2022-05-26,Standard,6828.79
3359,Douglas Nielsen,edwardsholly@example.com,Lebanon,2022-06-30,Standard,8285.15
3360,Alyssa Carney,tiffanybrown@example.com,Cameroon,2024-01-12,Standard,7495.18
3361,Donald Mcdonald,mitchelljennifer@example.com,Nepal,2023-08-11,Basic,5499.64
3362,Mark Cortez,yprice@example.net,Russian Federation,2025-07-31,Standard,4014.14
3363,Joshua Moss,lauren99@example.org,Lesotho,2020-09-23,Premium,6987.46
3364,Emily Guzman,angela76@example.com,Djibouti,2023-05-28,Standard,9877.70
3365,Elizabeth Kim,buchananmelissa@example.com,Gibraltar,2021-12-21,Premium,7291.38
3366,Lindsey Reid,powelljohn@example.org,Guinea-Bissau,2020-10-22,Basic,6585.12
3367,Douglas Thompson,nathanmoore@example.org,Turks and Caicos Islands,2023-09-06,Premium,3804.32
3368,Crystal Mcdonald,doughertylisa@example.com,Dominica,2022-06-20,Premium,8991.51
3369,Leah Edwards,gwhite@example.net,Uruguay,2020-07-28,Premium,1211.44
3370,Brittany Romero DVM,carolynbrown@example.net,Honduras,2024-02-26,Premium,7473.07
3371,Christopher Clark,gomezmichael@example.org,Afghanistan,2025-12-20,Standard,6771.57
3372,Kim Kelly,jesuspaul@example.org,Saint Martin,2024-12-07,Standard,2320.15
3373,Erin Davis,cameron81@example.org,Argentina,2020-06-25,Basic,473.80
3374,Ronald Doyle,sharonwallace@example.com,Thailand,2020-09-29,Basic,3597.73
3375,Albert Davis,rdouglas@example.org,Palestinian Territory,2025-05-10,Basic,8328.69
3376,Christopher Campbell,david95@example.net,Moldova,2023-08-10,Standard,4770.21
3377,Jaclyn Aguilar,mark21@example.com,Lao People's Democratic Republic,2022-10-09,Basic,3663.93
3378,Jordan Ellis,ostewart@example.org,United Kingdom,2021-02-27,Standard,4923.38
3379,Roger Young Jr.,davislisa@example.org,Pakistan,2025-09-29,Basic,1036.79
3380,Matthew Jones,cphillips@example.net,Seychelles,2025-10-17,Standard,2280.16
3381,Sean West,fbrooks@example.org,Austria,2024-08-09,Standard,6245.29
3382,Danielle Barber,melanie79@example.com,Haiti,2024-08-08,Basic,8386.67
3383,Michelle Carney,henryyoung@example.org,Singapore,2022-01-09,Standard,6135.44
3384,Stephanie Baldwin,dburns@example.com,United States Virgin Islands,2025-11-07,Standard,3865.24
3385,Michelle Payne,georgejason@example.com,Dominican Republic,2024-09-06,Standard,4377.53
3386,Carlos Ortiz,john69@example.com,Saint Kitts and Nevis,2021-12-25,Basic,2564.60
3387,Lisa Hamilton,phillip91@example.net,India,2025-04-18,Basic,1448.61
3388,Edward Hardy,sabrina59@example.com,Mexico,2025-03-31,Standard,1538.68
3389,Julie Thompson DDS,linda37@example.net,Niue,2025-02-18,Basic,2558.70
3390,Raven Graham,amandathomas@example.com,Zimbabwe,2020-11-28,Standard,4476.48
3391,Roberto Walters,deanna82@example.net,Jordan,2020-05-05,Basic,4519.71
3392,Diana Holmes,william50@example.net,Samoa,2022-02-12,Basic,6538.16
3393,Kyle Allen,kking@example.org,Greece,2021-12-01,Basic,4459.30
3394,Elizabeth Miller,kenneth14@example.com,Mozambique,2021-06-28,Standard,2091.59
3395,Craig Lewis,collinsguy@example.com,Norfolk Island,2023-12-13,Basic,6857.34
3396,Brian Lewis,colerodney@example.net,French Guiana,2023-05-24,Standard,9825.65
3397,Richard Phelps,matthew75@example.net,Liechtenstein,2023-03-22,Premium,7720.29
3398,Anthony Horton,mitchellcarson@example.net,Qatar,2023-02-14,Standard,3769.65
3399,Stephanie Maldonado,danatodd@example.com,Turkey,2021-02-16,Standard,7821.73
3400,Matthew Walton,wjohnson@example.net,Saint Barthelemy,2020-03-28,Premium,2021.66
3401,Ruben Brown Jr.,karimorales@example.org,Cuba,2020-03-06,Basic,2457.65
3402,David Carpenter,michael05@example.org,Sudan,2024-08-23,Basic,1872.39
3403,Cody Jones,derrickhurley@example.net,Tonga,2022-04-03,Standard,3253.99
3404,Jordan Sanchez,mcclureleroy@example.net,Niger,2023-06-21,Standard,9586.54
3405,Thomas Mcgee,ugill@example.net,Afghanistan,2023-01-04,Basic,3393.80
3406,Jason Sanchez,christopher89@example.com,Cuba,2020-08-05,Standard,1374.17
3407,Anna Cobb,aspencer@example.net,Seychelles,2023-12-26,Basic,1120.21
3408,Kevin Ortiz,christina42@example.net,Antigua and Barbuda,2021-08-23,Standard,3713.40
3409,Craig Potts,fhughes@example.com,Grenada,2025-07-26,Basic,7585.06
3410,Kelli Castro,tdixon@example.org,Korea,2022-04-16,Premium,7857.09
3411,Breanna Smith,jason27@example.com,Morocco,2021-07-01,Standard,3030.13
3412,Jack Roach,marcus97@example.org,Belarus,2023-11-29,Basic,280.49
3413,Elizabeth Foster,angelawolf@example.net,Oman,2021-09-25,Standard,5609.92
3414,Brittany Nunez,carlosmurphy@example.com,Japan,2020-08-28,Basic,6504.13
3415,Matthew Nguyen,jenniferfletcher@example.com,Azerbaijan,2020-05-20,Standard,4929.48
3416,Tiffany Mitchell,kathleen18@example.org,Madagascar,2023-09-13,Standard,2886.96
3417,Cynthia Johnson,marissaalvarez@example.net,Congo,2024-04-24,Standard,8646.22
3418,Andres Thomas,joseph37@example.org,Bulgaria,2024-12-07,Standard,4304.23
3419,Beverly Espinoza,frank53@example.com,Suriname,2021-12-03,Standard,6083.32
3420,Andrea Garcia,rwilliams@example.com,Colombia,2024-12-03,Standard,5106.88
3421,Gregory Cox,adkinsamy@example.org,Romania,2025-02-05,Premium,2550.71
3422,Kimberly Good,shannon62@example.org,Norfolk Island,2021-06-03,Standard,9464.53
3423,Brett Armstrong,zmadden@example.org,Marshall Islands,2021-01-22,Standard,9487.72
3424,James White,william09@example.com,Malawi,2025-08-25,Standard,9228.11
3425,Jaime Kennedy,georgefarmer@example.org,Congo,2021-11-26,Basic,8591.46
3426,Susan Brown,xfranco@example.com,Cyprus,2025-05-22,Basic,3793.76
3427,Penny Clark,anthony56@example.org,Paraguay,2021-03-18,Basic,2544.29
3428,Eric Marshall,heatherbaxter@example.net,Brazil,2024-01-15,Standard,4928.78
3429,Randall Mullen,ecardenas@example.net,Belarus,2024-12-04,Standard,7711.92
3430,David Lewis III,crystal53@example.org,Singapore,2020-08-13,Basic,701.43
3431,Dr. Gail Flowers,tgibbs@example.org,Tajikistan,2020-11-25,Standard,9329.62
3432,Lisa Wilson,weaverteresa@example.com,French Guiana,2025-02-23,Standard,9466.48
3433,Penny Williams,jerrywilkerson@example.org,Israel,2023-05-17,Standard,6579.07
3434,Robert Mata,jasonjohnson@example.net,Maldives,2020-11-05,Premium,9427.20
3435,Tina Mullins,karenschneider@example.org,Singapore,2021-05-21,Basic,7124.53
3436,Shannon Thomas,victoria51@example.org,Lesotho,2021-07-19,Standard,9826.18
3437,Jonathan Gibson,ashleythomas@example.com,Philippines,2025-10-26,Basic,8962.36
3438,Erica Melton,isaac09@example.org,Niger,2021-09-14,Basic,9169.96
3439,Karen Gregory,stewarteric@example.org,Russian Federation,2020-10-19,Basic,4346.88
3440,Deborah Rivera,richard04@example.net,Ghana,2020-10-24,Standard,3525.74
3441,Wanda Washington,dianajacobs@example.net,Colombia,2020-01-23,Standard,2146.67
3442,Austin Stout,sancheztimothy@example.net,Guinea,2024-05-18,Standard,8276.08
3443,Mr. Scott Hendrix,gmartin@example.net,Svalbard & Jan Mayen Islands,2023-12-16,Basic,2350.96
3444,Maria Wu,rgibbs@example.net,Costa Rica,2024-02-08,Basic,2923.70
3445,Darlene Garza,jburke@example.org,Lesotho,2025-06-07,Basic,8195.88
3446,Sarah Woods,tbuckley@example.com,Jersey,2025-05-06,Premium,2409.61
3447,Meghan Shelton,martinsandra@example.net,Ecuador,2025-01-18,Standard,3639.22
3448,Katherine Wilson,yreynolds@example.com,Cyprus,2023-02-28,Basic,4445.22
3449,Stephanie Miller,jeanettescott@example.com,Saint Kitts and Nevis,2020-05-12,Standard,2483.34
3450,Lori Scott,lorigriffin@example.org,Belarus,2023-04-04,Basic,5789.99
3451,James Reeves,qtorres@example.org,Taiwan,2023-01-25,Basic,3485.86
3452,Brittany Vaughan,austin38@example.org,Egypt,2020-01-21,Standard,1915.52
3453,Ryan Lopez,carolynsnyder@example.net,Mauritius,2021-08-12,Basic,3113.58
3454,Kimberly Riddle,mthomas@example.net,Eritrea,2024-07-22,Standard,3805.11
3455,Robert Mcconnell,john55@example.org,Rwanda,2022-08-05,Standard,58.28
3456,Joseph Jacobs,dayjennifer@example.net,Venezuela,2020-06-14,Standard,792.97
3457,Michael Herman,mcclurebobby@example.com,New Zealand,2024-01-17,Premium,7348.78
3458,Aaron Strong,jeanette05@example.org,Seychelles,2021-04-15,Basic,7474.07
3459,Sarah Armstrong,robertallen@example.net,Isle of Man,2025-11-30,Premium,5268.24
3460,George Cardenas,christinelopez@example.net,Holy See (Vatican City State),2024-07-25,Premium,5931.68
3461,Paul Sweeney,chad10@example.com,Ireland,2024-10-17,Premium,4100.06
3462,Jack Meyer,maria53@example.net,Dominica,2020-02-19,Premium,4270.14
3463,Rachel Johnston,lucasjustin@example.org,Trinidad and Tobago,2021-12-22,Basic,5562.29
3464,Phillip Rowland,jessica30@example.net,Bolivia,2025-01-25,Standard,4635.11
3465,Joanne Small,jwhitehead@example.com,Sweden,2022-11-29,Standard,2777.13
3466,Linda Wilson,margaretwood@example.org,Trinidad and Tobago,2022-08-15,Basic,917.22
3467,Brian Frederick,porterjanet@example.org,Monaco,2020-10-04,Standard,8001.69
3468,Deborah Colon,frodgers@example.org,Zimbabwe,2024-09-20,Standard,6624.70
3469,Henry Brooks,dana00@example.com,British Virgin Islands,2024-09-25,Premium,5633.17
3470,Ronald Branch,balvarez@example.net,Guam,2024-10-03,Standard,2205.27
3471,Sierra Roberts,ywarren@example.org,Bosnia and Herzegovina,2020-05-24,Basic,2735.87
3472,Kara Foster,jzimmerman@example.org,Timor-Leste,2025-05-13,Premium,943.01
3473,Terry Velez,robert57@example.org,Uruguay,2021-08-17,Basic,4550.95
3474,Tiffany Baker,rhernandez@example.com,Qatar,2020-06-08,Standard,1884.74
3475,Sherry Phillips,douglasdixon@example.org,Cocos (Keeling) Islands,2025-10-24,Standard,775.40
3476,Bryan Parker,robertsalan@example.org,Peru,2025-09-06,Standard,1291.66
3477,Michael Wallace,emiddleton@example.org,Western Sahara,2020-10-15,Standard,9449.82
3478,Mitchell Kelley,munozmary@example.net,Barbados,2024-10-21,Basic,5691.33
3479,Nathaniel Martinez,michael71@example.org,Sweden,2021-07-05,Basic,4453.63
3480,Jeremy Sandoval,madison77@example.com,Pakistan,2020-11-28,Basic,3353.97
3481,Christopher Barnett,boltonchristopher@example.com,French Polynesia,2021-12-25,Basic,8804.79
3482,Charles Hernandez,zfernandez@example.com,Guinea,2023-02-18,Standard,3473.61
3483,Ruth Foley,kristen84@example.com,Malta,2022-06-30,Premium,1137.71
3484,Megan Newton,johnsonsara@example.com,Canada,2021-05-08,Standard,4963.50
3485,Renee Mckenzie MD,michelleosborn@example.net,Solomon Islands,2022-08-21,Basic,5955.96
3486,Joshua Sheppard,xlowe@example.net,Guatemala,2020-04-26,Standard,3931.93
3487,Brittany Butler,edixon@example.org,Macao,2021-05-22,Standard,7400.86
3488,Hailey Shaffer,sarah38@example.org,Denmark,2024-06-22,Standard,1799.03
3489,Jeffrey Reynolds,richardsonjames@example.net,Malta,2024-01-10,Standard,4932.15
3490,Natalie Nelson,jaredhughes@example.org,Switzerland,2025-06-09,Standard,35.44
3491,Barbara Ramirez,paul85@example.org,Namibia,2022-10-21,Standard,1162.79
3492,Kevin Lewis,mirandaadam@example.org,Congo,2024-09-05,Standard,8866.40
3493,Jennifer Moon,cynthiacoleman@example.net,Egypt,2023-11-15,Premium,6578.57
3494,Lindsey Ramos,jacksonsarah@example.org,Bosnia and Herzegovina,2022-10-05,Standard,5068.35
3495,Jasmine Martinez,nicholas95@example.org,Mozambique,2022-09-24,Basic,6871.73
3496,Jorge James,anthony34@example.org,Guinea,2022-06-23,Basic,8148.09
3497,Tina Marshall,gomezroger@example.net,Iceland,2023-01-25,Standard,3380.01
3498,Ashley Perez,christine80@example.net,Latvia,2022-08-21,Premium,2541.74
3499,Michael Hernandez,sethlee@example.net,Slovakia (Slovak Republic),2022-06-11,Standard,9780.48
3500,Chelsea Coffey,hgilbert@example.org,Hungary,2025-01-01,Standard,736.16
3501,Michael Meyer,jared62@example.net,Palau,2023-02-22,Basic,9968.95
3502,William King,perryjames@example.com,Comoros,2020-02-13,Standard,6336.63
3503,Martin Aguilar,gguerra@example.net,Falkland Islands (Malvinas),2025-02-20,Premium,8943.50
3504,Eric Romero,drowe@example.net,Pakistan,2023-01-08,Standard,5871.16
3505,Shawn Patel,,Bermuda,2025-01-20,Basic,3998.79
3506,Anthony Branch,gregory02@example.com,Armenia,2025-10-22,Premium,5007.41
3507,Parker Key,jamesskinner@example.org,Puerto Rico,2024-10-28,Premium,627.26
3508,Tyler Henson,lopezernest@example.com,Lao People's Democratic Republic,2022-01-23,Standard,7225.50
3509,Dennis Martin,lindsay55@example.org,Angola,2022-01-07,Standard,8467.96
3510,Dillon Williams,kevindavidson@example.net,Mayotte,2020-11-14,Basic,3910.18
3511,Christine Greene,browntimothy@example.net,Cocos (Keeling) Islands,2024-02-07,Standard,5390.96
3512,Jesse Ortiz,lauren10@example.net,Sierra Leone,2024-08-04,Basic,5168.35
3513,Angela Cantu,mnolan@example.com,Holy See (Vatican City State),2021-12-02,Standard,2167.12
3514,Johnny Weaver,mmiller@example.org,Canada,2024-04-02,Standard,606.91
3515,Melissa Cobb,rebeccadavis@example.org,Niger,2021-06-09,Standard,3573.23
3516,Stacy Perez,hannah49@example.com,Montserrat,2025-09-19,Premium,7652.73
3517,Emily Jones,ahays@example.org,Jamaica,2022-05-27,Standard,5056.95
3518,Tracy Vega,millerchristopher@example.com,Grenada,2025-01-05,Standard,4564.64
3519,Christine Haley,rturner@example.org,Tokelau,2021-05-02,Standard,9908.77
3520,Deborah Martinez,roger10@example.net,United Kingdom,2023-09-11,Premium,5114.39
3521,Rebecca Sharp,deborah20@example.org,Aruba,2024-10-24,Standard,6079.24
3522,Jennifer Sanchez,vevans@example.com,Bangladesh,2025-03-15,Standard,6922.02
3523,Mr. Juan Jackson,jamiegray@example.org,Thailand,2022-08-24,Basic,3094.42
3524,Mitchell Navarro,kroberts@example.com,Korea,2022-03-28,Premium,4575.04
3525,Elizabeth Gordon,rossstephen@example.com,Ethiopia,2020-02-23,Standard,5775.02
3526,Amanda Lewis,powersjacqueline@example.net,Indonesia,2023-06-02,Standard,3646.93
3527,Jennifer Rogers,jamesbaker@example.org,Egypt,2021-06-13,Standard,8225.77
3528,Monica Barajas,joeljohnson@example.net,Syrian Arab Republic,2020-02-14,Basic,9841.73
3529,Jonathan Taylor,christina60@example.net,Ethiopia,2021-04-02,Standard,4251.66
3530,James Lambert,juliebuck@example.com,Luxembourg,2021-02-06,Premium,4525.54
3531,Kristi Wiggins,lpadilla@example.com,Antarctica (the territory South of 60 deg S),2023-06-19,Standard,4438.47
3532,Roy Yang,melissa43@example.com,Mauritania,2022-07-23,Basic,8847.46
3533,Mary Buchanan,johnsonmarc@example.org,Bulgaria,2024-11-04,Basic,2217.08
3534,Kathleen French,leonardbrian@example.net,Montenegro,2023-04-28,Basic,101.49
3535,Colleen Garcia,natalie91@example.org,Romania,2025-01-09,Standard,9974.78
3536,Scott Walsh,pjohnston@example.net,Central African Republic,2021-02-18,Premium,6287.98
3537,Mark Dougherty,stevensmichael@example.com,Philippines,2022-06-17,Standard,124.65
3538,Anne Flowers,petersonkara@example.org,Guinea-Bissau,2022-09-17,Standard,5055.20
3539,Brandy Poole,valdezbonnie@example.com,Malaysia,2025-04-07,Basic,902.81
3540,John Sullivan,ashleybaker@example.org,Marshall Islands,2024-12-08,Standard,4034.48
3541,Lisa Lopez,rhonda69@example.net,Kiribati,2020-08-13,Premium,9389.46
3542,Cheyenne Becker,moonmargaret@example.net,Rwanda,2022-08-23,Basic,1296.92
3543,Mariah Reynolds,gcrane@example.net,Kazakhstan,2025-03-11,Standard,7629.93
3544,Jonathan Jimenez,ericwilliams@example.com,Timor-Leste,2025-11-09,Standard,8713.41
3545,Natalie Case,princebeverly@example.org,Pitcairn Islands,2025-05-28,Basic,9290.34
3546,James Wood,fred55@example.org,Iran,2025-12-20,Standard,5109.75
3547,Judy Perry,tholmes@example.com,Saint Kitts and Nevis,2025-07-28,Premium,1493.29
3548,Allison Boyd,chenmichael@example.org,Eritrea,2020-10-24,Standard,9041.62
3549,Johnny Carlson,melissa90@example.com,Ghana,2023-01-13,Standard,214.26
3550,Richard Edwards,richard18@example.net,Antarctica (the territory South of 60 deg S),2025-02-24,Standard,6754.71
3551,Zachary Moore,richard58@example.net,Lebanon,2024-02-05,Standard,7130.96
3552,Charles Mendez,smithmatthew@example.com,Panama,2023-09-18,Premium,3605.51
3553,Danielle Campbell,dcastro@example.net,Cuba,2022-01-13,Premium,7942.12
3554,Kristin Keller,kvaughn@example.com,Romania,2022-02-19,Basic,1997.89
3555,Marisa Beck,fmartin@example.net,Oman,2021-03-04,Standard,4014.64
3556,Jasmine Williams,stevensoncharles@example.net,Togo,2020-04-10,Premium,3067.92
3557,Andre Dunn,daniel73@example.com,Saint Martin,2020-12-15,Standard,1168.42
3558,Adam Spencer,jessica99@example.net,Cuba,2021-02-24,Standard,4489.41
3559,Kelly Bradley,sarahwhite@example.net,Haiti,2024-07-12,Premium,2027.52
3560,Jeffrey Mitchell,paulaspears@example.org,France,2022-06-22,Standard,3617.80
3561,Justin Gibson,wendy24@example.org,Cuba,2021-03-13,Premium,2439.14
3562,Scott Long,sarahmullins@example.org,Brunei Darussalam,2022-09-29,Premium,4311.92
3563,Zoe Wright,jenniferbrown@example.com,Indonesia,2020-04-23,Premium,3658.12
3564,Marissa Schmitt,brian14@example.net,Israel,2024-07-25,Standard,7028.87
3565,Jason Whitaker,dnewman@example.org,Montserrat,2022-04-21,Standard,5076.22
3566,George Mahoney,kevin19@example.org,Falkland Islands (Malvinas),2025-06-03,Basic,1959.37
3567,Emily Harris,rhodesandrea@example.com,Austria,2022-05-22,Premium,3759.55
3568,Brandon Vega,ilowe@example.net,Greece,2025-06-29,Basic,1835.77
3569,Brian Jensen,littlediana@example.org,Guernsey,2021-06-19,Basic,75.08
3570,John Johnson,tararichardson@example.org,Panama,2025-07-14,Standard,6663.19
3571,Nicolas Ross,andreamitchell@example.net,United States Virgin Islands,2025-06-07,Standard,9678.30
3572,Courtney Rogers,tdavidson@example.com,Saint Pierre and Miquelon,2025-03-14,Premium,1555.51
3573,Christopher Lopez,operry@example.net,Moldova,2020-02-10,Premium,3132.61
3574,Stephen Mcconnell,catherinebaldwin@example.com,Holy See (Vatican City State),2025-12-18,Standard,468.13
3575,David Cantrell,shawcory@example.net,Somalia,2021-06-17,Standard,9684.27
3576,Brian Flores,megangarcia@example.org,Peru,2023-06-01,Basic,5947.21
3577,John Vincent,annaelliott@example.com,Norfolk Island,2022-10-20,Premium,3053.61
3578,Linda Robinson,tracy59@example.org,Eritrea,2021-01-26,Basic,8620.62
3579,Ashley Brown MD,,Antigua and Barbuda,2023-08-17,Basic,5391.41
3580,Miranda Wallace,jillweeks@example.net,Mauritius,2020-02-27,Standard,3099.85
3581,Christopher Mcdowell,vincent80@example.net,Moldova,2023-05-18,Basic,4493.64
3582,Brandon Phelps,twilson@example.com,Hong Kong,2020-02-17,Premium,2996.64
3583,Anthony Rojas,michelle98@example.net,Morocco,2020-07-09,Standard,5181.57
3584,Hannah Nichols,qserrano@example.net,Brazil,2021-03-31,Basic,7864.54
3585,John Bailey,pauladkins@example.com,United Kingdom,2025-12-11,Basic,1375.05
3586,Melanie Saunders,saracantrell@example.net,Venezuela,2020-04-04,Premium,8127.26
3587,Heather Perez,walkersteven@example.net,Saint Kitts and Nevis,2023-06-27,Standard,6482.84
3588,John Murphy,zacharydelacruz@example.com,Isle of Man,2023-05-26,Standard,8137.78
3589,Derek Hardin,troy@example.com,Lesotho,2022-11-09,Premium,642.89
3590,Marie Hickman,garciaelizabeth@example.net,Italy,2021-12-21,Standard,3548.66
3591,Lisa Garrett,amanda25@example.com,Niue,2022-09-24,Standard,8621.21
3592,Amanda Estes,christopher72@example.net,Romania,2024-01-12,Standard,3697.07
3593,Jeffrey Mendez,melendezrachael@example.org,Belize,2023-08-04,Premium,3768.85
3594,Jesse Stewart,nicholassims@example.com,Saint Lucia,2020-06-05,Basic,1929.61
3595,Michael Hamilton,idavis@example.com,Australia,2025-02-11,Standard,5747.11
3596,Jennifer Scott,chelsea45@example.net,British Indian Ocean Territory (Chagos Archipelago),2022-06-17,Basic,3792.77
3597,Joanne Allen,zwilson@example.net,Dominica,2025-04-06,Standard,7928.39
3598,Amanda Vega,hfletcher@example.com,Western Sahara,2020-04-30,Premium,9202.91
3599,Lynn Walker,martinelizabeth@example.com,Malaysia,2025-05-17,Standard,9318.42
3600,Calvin Howell,adamskayla@example.com,Sierra Leone,2022-05-06,Basic,6953.32
3601,Melissa Ortega,daviselizabeth@example.com,Tuvalu,2020-04-07,Premium,1292.13
3602,Samantha Allen,abigail48@example.net,Sweden,2020-07-21,Basic,154.51
3603,Peter Weber,thompsonbrenda@example.com,Peru,2025-05-22,Basic,7033.58
3604,Kimberly Thomas,audreywilliams@example.com,Bahamas,2021-07-07,Premium,7228.30
3605,Kayla Ruiz,scottvictor@example.org,Bulgaria,2023-06-08,Standard,8185.13
3606,Keith Montgomery,garrett44@example.com,Italy,2025-07-31,Standard,8103.43
3607,Shannon Paul MD,hclark@example.com,Dominican Republic,2025-12-05,Standard,7613.71
3608,John Harris,anthonyfrost@example.net,Korea,2020-01-15,Basic,7599.14
3609,Oscar Larson,leejohn@example.com,Brazil,2021-04-11,Basic,6735.00
3610,Angela Pennington,aaronsilva@example.com,Norfolk Island,2020-10-23,Premium,8503.68
3611,Nathan Hess,middletonashley@example.org,Nicaragua,2022-10-10,Premium,7666.07
3612,Lindsey Wilson,avilaamanda@example.org,South Africa,2022-08-04,Standard,5195.78
3613,Troy Matthews,brian60@example.org,Cape Verde,2021-01-08,Basic,6574.41
3614,Douglas Wilkinson,jennifersilva@example.org,Ethiopia,2020-05-14,Standard,659.10
3615,Leslie Oliver,ewilliams@example.com,Guinea-Bissau,2024-05-22,Standard,42.93
3616,Gary Cline,daniellebarber@example.net,Argentina,2021-06-29,Basic,3046.67
3617,Brian Mosley,qharmon@example.com,Seychelles,2022-09-17,Basic,408.91
3618,Tammy Lewis,gabriellerobinson@example.net,Nicaragua,2022-02-08,Basic,2441.08
3619,Raymond Murphy,pamela05@example.com,Mayotte,2022-02-23,Standard,8295.76
3620,Wanda Parker,salexander@example.net,Belize,2022-08-07,Standard,2322.70
3621,Michael Smith,kathryn30@example.org,Ireland,2024-04-23,Basic,2086.30
3622,Jeremy Saunders,julian75@example.net,Dominica,2024-12-26,Basic,782.00
3623,Meredith Barnes,donald24@example.net,Ghana,2024-11-21,Standard,1233.04
3624,Thomas Schultz,sotoalexander@example.net,Greenland,2020-12-22,Standard,279.95
3625,Taylor Coleman,dcombs@example.org,Maldives,2022-11-24,Standard,3811.49
3626,Jason Burke,wkirby@example.net,Andorra,2022-02-14,Premium,7547.44
3627,John Willis,robert24@example.com,Netherlands,2024-06-07,Standard,3366.24
3628,Daniel Archer,iyork@example.net,Aruba,2025-02-02,Premium,1704.18
3629,Sarah Ashley,nguerrero@example.net,Seychelles,2022-02-04,Standard,182.90
3630,Laura Ruiz,cflynn@example.org,United Kingdom,2025-02-02,Premium,4457.31
3631,Maria Stephens,yguerrero@example.com,Mongolia,2022-08-09,Standard,1627.20
3632,Kelly Gilmore,simpsoncynthia@example.com,Montserrat,2021-11-23,Standard,3541.96
3633,Sandra Lowery,patricia49@example.com,Marshall Islands,2020-06-01,Basic,9068.62
3634,Janet Cantu,davidware@example.org,Namibia,2024-04-24,Standard,974.01
3635,Larry Martin,christopher58@example.org,Russian Federation,2021-12-13,Standard,6934.90
3636,Steven Moore,jamie55@example.org,Netherlands Antilles,2025-10-06,Standard,3537.81
3637,Tommy Nguyen,andrewrobertson@example.net,Puerto Rico,2025-11-07,Standard,32.34
3638,Kenneth Dougherty,bperez@example.com,Cuba,2024-12-29,Basic,8533.91
3639,Cameron Chase,uschultz@example.org,Saint Lucia,2020-10-24,Basic,3408.70
3640,Stephanie Holloway,zmcclure@example.net,Guatemala,2022-04-09,Standard,7278.90
3641,Todd Duncan,paynecindy@example.com,Andorra,2021-12-03,Premium,9971.94
3642,Dr. Brandon Martin,ericjenkins@example.org,Uganda,2023-02-05,Basic,3494.57
3643,James Koch,littletodd@example.com,Sri Lanka,2020-01-30,Basic,9247.02
3644,Amanda Sanchez,edward12@example.org,Botswana,2020-01-02,Basic,7971.21
3645,Sheila Perez,jonesjennifer@example.org,Solomon Islands,2023-11-24,Premium,8116.01
3646,Gary Simpson,moorepaul@example.net,Monaco,2022-09-25,Premium,7657.83
3647,Christopher Sosa,rosewarner@example.org,United Arab Emirates,2021-02-24,Standard,9382.67
3648,Christopher Jones,ryan43@example.com,Swaziland,2020-09-30,Premium,6521.17
3649,Dr. Ashley Murray,mwoods@example.org,Cameroon,2022-05-08,Standard,4013.85
3650,Sara Garcia,michaelyoung@example.net,Albania,2022-06-29,Standard,4492.20
3651,Steven Braun,dustin96@example.com,Nigeria,2023-09-16,Standard,6255.85
3652,Matthew Grant,josephmendez@example.org,Korea,2025-11-21,Standard,9474.98
3653,Tammy Boyd,maria84@example.com,Guam,2024-07-27,Premium,2913.46
3654,Michael Mendez,stephen89@example.net,Cocos (Keeling) Islands,2020-11-05,Standard,6531.67
3655,Caleb Maldonado,morgankelsey@example.net,Morocco,2024-09-23,Standard,4870.17
3656,Michael Conner DDS,jamiegardner@example.net,Lithuania,2021-03-17,Premium,6776.39
3657,Kerry Hernandez,jenkinskyle@example.org,Dominica,2023-02-17,Basic,8073.47
3658,Bethany Mclaughlin,kristin20@example.net,Sierra Leone,2021-07-07,Standard,4068.45
3659,Ronald Bishop,whiteanthony@example.com,Belarus,2025-06-16,Standard,5888.71
3660,Hannah Johnson,sharris@example.net,Singapore,2022-01-22,Premium,6992.82
3661,Sean Hart,jillboyer@example.net,Ethiopia,2024-05-25,Premium,1566.09
3662,Sandy Stanley,qjohnson@example.net,Liberia,2020-06-25,Premium,9739.31
3663,Frances Schneider,nicoleayers@example.org,Congo,2020-05-04,Standard,3063.30
3664,Jared Delgado,aguilarrhonda@example.net,Mozambique,2022-04-11,Premium,7856.73
3665,Raymond Harrison,gtaylor@example.net,Cameroon,2020-12-07,Premium,6726.67
3666,Anthony Baxter,jenniferbrown@example.com,Burkina Faso,2020-04-20,Standard,7843.50
3667,Todd Smith,robertsonrachel@example.com,Lao People's Democratic Republic,2023-12-22,Premium,9201.22
3668,Jason Kim,roychan@example.org,Albania,2025-10-12,Basic,6065.01
3669,Stephen Chang,darrylfields@example.net,Mali,2023-09-12,Basic,822.24
3670,Peter Lee,kpacheco@example.org,Heard Island and McDonald Islands,2022-08-15,Standard,4926.15
3671,Brandon Harris,mbarker@example.org,Argentina,2021-01-01,Basic,3505.64
3672,Amy Young,laura06@example.org,French Guiana,2023-12-17,Basic,1461.32
3673,Stephanie Kim,ladams@example.org,Syrian Arab Republic,2024-10-17,Standard,4286.11
3674,Anthony Powell,emilypope@example.com,Finland,2020-04-05,Premium,1421.33
3675,Brittany Burns,laura84@example.org,Thailand,2022-04-25,Standard,721.79
3676,Leslie Lewis,copelanddonald@example.com,Greenland,2025-02-28,Standard,609.19
3677,Mathew Davis,allison73@example.net,Egypt,2025-03-12,Standard,2319.03
3678,Sarah Wright,eric55@example.org,Venezuela,2022-03-02,Standard,5327.61
3679,Dana Thomas,jaredking@example.net,Finland,2025-06-27,Standard,8668.91
3680,Melissa Gallegos,vramirez@example.com,Italy,2021-08-05,Basic,3393.16
3681,Cynthia Gonzalez,philliphodge@example.org,Malta,2020-12-10,Standard,4123.89
3682,Deborah Smith,tammy15@example.com,Lebanon,2024-11-17,Premium,4550.27
3683,Michael Lloyd,lisa05@example.org,Serbia,2023-09-01,Basic,8609.66
3684,Joseph Johnson,tbrown@example.net,Burundi,2025-09-27,Basic,1459.21
3685,Charles Glover,bjohnson@example.com,Tuvalu,2021-09-15,Standard,3816.65
3686,Roger Lopez,christy61@example.org,Mongolia,2020-07-17,Standard,1828.00
3687,Michael Hays,alex11@example.net,Turkey,2024-05-02,Premium,9978.37
3688,Margaret Collins,angelawarner@example.net,Slovakia (Slovak Republic),2025-05-08,Standard,2440.39
3689,Brittney Wallace,schwartzpamela@example.com,Guinea,2022-03-21,Basic,5490.58
3690,Edward Thompson,johnburke@example.org,Djibouti,2025-11-25,Premium,6790.97
3691,Elizabeth Mejia,michellelee@example.com,Burkina Faso,2025-08-10,Standard,6969.14
3692,Kevin Ray,carriehenry@example.org,Romania,2024-11-07,Premium,8650.87
3693,Elizabeth Robinson,ocastillo@example.net,Saint Pierre and Miquelon,2021-06-24,Basic,6208.02
3694,Rebecca Glover,tiffany05@example.com,Malawi,2022-12-07,Basic,3456.96
3695,Jessica Robertson,christine97@example.com,Bolivia,2025-06-28,Standard,5821.27
3696,Darren Hall,william44@example.com,Mayotte,2023-10-11,Standard,9381.74
3697,Kimberly Lewis,christopher50@example.org,Palestinian Territory,2024-03-02,Standard,186.08
3698,Glenn Ellis,ballen@example.com,Turkey,2025-12-01,Basic,6295.46
3699,James Ortiz,steve19@example.org,Burundi,2023-04-16,Standard,9181.46
3700,Debra Parker,alvaradostephanie@example.org,Eritrea,2022-02-02,Standard,3059.44
3701,Christina Morris,estevenson@example.org,Australia,2020-11-11,Standard,9822.43
3702,Michael Simmons,james45@example.com,Cameroon,2024-04-23,Basic,9880.19
3703,Haley Barnes,bkennedy@example.org,Palestinian Territory,2025-07-19,Standard,3752.76
3704,Timothy Caldwell,danaarias@example.org,Chad,2022-03-28,Basic,5746.39
3705,Tina Espinoza,kevinherring@example.org,Guinea-Bissau,2025-03-20,Basic,7203.78
3706,Alex Brown,danielhoward@example.com,Brunei Darussalam,2020-01-09,Basic,7341.15
3707,Jennifer Ball,sarah60@example.com,Qatar,2025-04-24,Premium,2800.92
3708,Michael Hayes,craig32@example.org,Bahrain,2023-07-29,Basic,5696.24
3709,Corey Smith,troy90@example.com,Guyana,2025-04-27,Premium,9441.96
3710,Mark Mahoney,prestonparsons@example.com,Botswana,2024-11-19,Basic,9730.19
3711,Shawn Brown,maldonadotodd@example.org,Cote d'Ivoire,2022-02-02,Premium,9197.61
3712,Shelly Matthews,todd23@example.com,Sao Tome and Principe,2022-01-21,Standard,5555.84
3713,Colleen Medina,asnyder@example.org,Qatar,2024-08-02,Basic,1225.96
3714,Terry Williamson,ricky09@example.org,Panama,2021-10-23,Standard,6950.21
3715,John Gallegos,joshuajordan@example.org,Bulgaria,2021-02-25,Premium,4478.05
3716,Sue Harmon,kristintaylor@example.com,Vietnam,2020-12-18,Standard,5993.98
3717,Tanya Wilson,meghan26@example.org,Cuba,2024-07-07,Standard,7953.82
3718,Brittney Hill,erica21@example.com,Wallis and Futuna,2022-01-14,Standard,5301.63
3719,Melissa Goodwin,bbishop@example.org,Ghana,2021-03-13,Basic,246.35
3720,Jasmine Hartman,catherine48@example.org,Slovakia (Slovak Republic),2020-12-30,Premium,8446.07
3721,Jennifer Moore,bglass@example.org,Turkey,2021-12-14,Basic,8572.71
3722,Vanessa Jacobs,lrichards@example.net,Poland,2021-01-01,Standard,8244.43
3723,Mark Taylor,penny36@example.org,Congo,2021-05-21,Premium,6456.20
3724,Kyle Thomas,scottprice@example.net,Russian Federation,2022-11-25,Standard,339.70
3725,Carol Murray,valeriepatton@example.net,Martinique,2025-01-13,Standard,9089.58
3726,Cassandra Smith,daniel14@example.org,Spain,2025-02-21,Standard,7229.92
3727,Kevin Wang,jennifer22@example.net,Greece,2024-09-05,Standard,1628.95
3728,Taylor Fry,brittany87@example.net,Russian Federation,2020-05-04,Basic,1997.82
3729,Sharon Davis,hjackson@example.org,British Virgin Islands,2021-07-21,Standard,514.78
3730,Nancy Johnson,marywest@example.net,Kuwait,2020-12-19,Premium,1808.23
3731,Jessica Johnson,mark31@example.org,Antigua and Barbuda,2020-12-13,Standard,7036.88
3732,Thomas Schmidt,edward47@example.com,Cape Verde,2022-05-22,Premium,6548.83
3733,Lindsey Fields,nicoleboyd@example.net,Jersey,2025-09-11,Premium,2473.99
3734,Alexis Wyatt,briancarter@example.org,Tokelau,2023-11-28,Standard,5533.23
3735,Ryan Conrad,andrew98@example.net,Pitcairn Islands,2020-06-26,Basic,504.47
3736,Cassandra Gray,brandithomas@example.org,Vanuatu,2020-03-07,Basic,9074.12
3737,Rhonda Wilcox,elizabeth20@example.com,Egypt,2025-04-25,Standard,1906.43
3738,Nicole Steele,mary74@example.org,San Marino,2021-06-10,Standard,3912.85
3739,Marie Mccall,zwiley@example.org,Georgia,2021-09-16,Basic,7965.89
3740,Julia Ruiz,leah02@example.org,Lithuania,2020-03-30,Basic,9166.81
3741,Tim Buckley,petersadam@example.org,Egypt,2020-03-08,Standard,383.60
3742,Elizabeth Johnson,cassidycummings@example.org,Saint Martin,2020-10-16,Standard,5466.91
3743,Paul Sanchez,shanesmith@example.net,Netherlands,2025-02-25,Basic,5864.57
3744,Jordan Ewing,douglassmith@example.com,Myanmar,2024-04-01,Standard,8948.22
3745,Tracy Johnston,michellewoods@example.com,Luxembourg,2020-06-10,Basic,5687.68
3746,Brittany Tucker,hubbardsandra@example.org,Cape Verde,2023-03-05,Basic,5246.06
3747,Chase Owens,wilkinsonkristopher@example.net,Kyrgyz Republic,2024-11-13,Standard,482.44
3748,Nicole Sexton,haleyhernandez@example.org,British Virgin Islands,2022-05-09,Standard,365.33
3749,Dale Haynes,sherry73@example.com,Bangladesh,2025-05-10,Basic,2293.97
3750,Kathryn Miller,revans@example.net,Moldova,2020-02-04,Basic,8897.71
3751,Elizabeth Harris,fcortez@example.net,Bolivia,2025-07-17,Standard,9713.69
3752,Mrs. Melissa Diaz,dcobb@example.com,Sierra Leone,2025-10-28,Basic,8384.25
3753,Alicia Rose,ashley91@example.net,Argentina,2024-12-25,Standard,8558.41
3754,Nicholas Mendoza,matthewherrera@example.org,Iraq,2022-10-18,Basic,4252.26
3755,Haley Fletcher,brittany98@example.net,Saint Vincent and the Grenadines,2023-01-13,Premium,4296.64
3756,Deborah Smith,fernandobray@example.net,Mali,2021-05-25,Premium,289.36
3757,Beverly Gutierrez,amy96@example.com,Palestinian Territory,2020-06-11,Premium,8801.84
3758,Eduardo Vasquez,eric08@example.net,Argentina,2025-10-02,Standard,8508.58
3759,Richard Sims,michael18@example.org,Samoa,2024-06-28,Basic,9445.88
3760,Amanda Simpson,dmartinez@example.org,Congo,2023-08-16,Premium,6380.94
3761,Monica Perez,wjones@example.net,Niger,2023-06-01,Basic,3286.86
3762,Crystal Willis,greg52@example.org,Maldives,2021-10-15,Basic,8304.66
3763,Ashley Rubio,schultzlisa@example.net,Bulgaria,2024-06-27,Basic,8490.81
3764,Stephen Morris,matthew33@example.com,Tonga,2021-04-03,Basic,8807.37
3765,John Meyer,tracy10@example.com,Canada,2024-03-09,Standard,7557.67
3766,Derek Anderson,xsmith@example.org,Svalbard & Jan Mayen Islands,2021-07-16,Standard,6571.30
3767,Jason Salazar,ghill@example.net,Niger,2024-04-10,Premium,4902.02
3768,Nancy Riley,jasoncampbell@example.com,Brazil,2023-09-12,Standard,5625.92
3769,James Wallace,brownspencer@example.org,Ghana,2023-01-24,Standard,5247.29
3770,Hunter Montgomery,mannmartin@example.org,Guadeloupe,2023-03-18,Standard,5454.67
3771,Christopher Smith,jstafford@example.org,Peru,2020-04-14,Standard,3554.46
3772,Matthew Mendez,fosternicole@example.org,Armenia,2022-06-22,Basic,4737.62
3773,Caroline Valenzuela,meagan87@example.com,Cayman Islands,2021-11-26,Standard,9868.88
3774,James Walker,jacksonpamela@example.net,Mali,2025-03-05,Standard,1631.91
3775,Sandra Schwartz,denise89@example.net,Grenada,2022-09-12,Premium,8002.97
3776,Ashley Schmitt,mevans@example.net,Mozambique,2023-05-14,Premium,2809.22
3777,Mary Freeman,tinaharris@example.com,Saint Martin,2023-07-08,Standard,6607.60
3778,Scott Lindsey,crossaaron@example.org,Suriname,2021-03-30,Standard,542.04
3779,Jonathan Sullivan,edwardsgarrett@example.net,Hungary,2020-02-27,Standard,5346.12
3780,Robert Schroeder,thansen@example.com,Saint Kitts and Nevis,2025-03-04,Standard,3576.15
3781,Joseph Powell,glennbrianna@example.com,Saint Helena,2020-03-06,Basic,9491.50
3782,Robert Price,ramirezkaitlyn@example.org,Libyan Arab Jamahiriya,2020-03-07,Basic,5354.71
3783,John Farley,garrisonrobert@example.net,Moldova,2023-03-04,Basic,775.71
3784,Kelly Rodriguez,rodriguezdavid@example.org,Austria,2025-02-27,Standard,5007.69
3785,Michael Young,andrew14@example.net,Eritrea,2022-12-21,Standard,7240.08
3786,Rhonda Hayes,ggibson@example.net,Malawi,2024-12-21,Basic,6024.83
3787,John Yu,collinsbrittany@example.net,Afghanistan,2022-06-19,Premium,7702.87
3788,Taylor Perez,markmitchell@example.com,Guam,2020-01-27,Standard,3549.09
3789,Ana Jimenez,perezchristine@example.net,Turkey,2024-11-29,Basic,6562.76
3790,Thomas Taylor,ejohnson@example.net,Brazil,2023-06-02,Standard,1588.63
3791,Tiffany Freeman,velazquezkaren@example.org,Senegal,2021-04-24,Basic,1472.75
3792,Samantha Watson,kendra54@example.net,Morocco,2023-04-02,Standard,3696.96
3793,Jessica Todd,gouldian@example.net,American Samoa,2023-12-10,Standard,3269.19
3794,David Martinez,twood@example.org,Niger,2025-12-21,Premium,8709.41
3795,Dana Howell,shayes@example.com,Western Sahara,2024-10-04,Premium,9136.89
3796,Alyssa Hoffman,nathan94@example.net,Lao People's Democratic Republic,2024-06-27,Basic,6652.00
3797,Holly Haas,hollandstephen@example.org,Turkmenistan,2024-02-25,Premium,2583.17
3798,Christopher Henry,jimenezmichelle@example.com,Dominica,2025-09-28,Standard,5612.09
3799,Kevin Mcdonald,lklein@example.net,Albania,2025-06-28,Basic,8360.46
3800,Philip Ramos,iwatson@example.org,Ghana,2025-07-22,Standard,4808.74
3801,Marc Fuller,danielgriffin@example.com,Congo,2025-04-12,Standard,7706.18
3802,Catherine Johnson,madison36@example.org,Lesotho,2025-04-25,Basic,3068.37
3803,James Harper,htaylor@example.com,Guernsey,2022-09-20,Standard,2421.95
3804,Terry Fleming,powerssheila@example.com,United States of America,2025-04-19,Basic,3759.30
3805,Colin Turner,jeffersondarryl@example.org,Tokelau,2025-07-13,Basic,1779.09
3806,Kristina Orozco,harrisyolanda@example.com,Bulgaria,2024-12-11,Basic,9379.66
3807,Shane Kim,juliadennis@example.com,El Salvador,2022-04-02,Basic,5683.43
3808,Sara Velez,janet61@example.net,China,2023-12-11,Basic,4174.11
3809,Matthew Page,lindsey31@example.org,Cyprus,2024-05-09,Premium,4707.87
3810,Clinton Brown,sarcher@example.com,Denmark,2020-04-11,Standard,2319.58
3811,Jose Garrett,mcfarlandjennifer@example.com,Guam,2020-09-04,Standard,2787.03
3812,Mary Johnson,cmartinez@example.net,United Arab Emirates,2023-05-18,Basic,7222.34
3813,Jessica Cummings,benjamin56@example.org,Romania,2024-02-07,Premium,5757.27
3814,Amanda Wolfe,gregoryfaulkner@example.org,Libyan Arab Jamahiriya,2024-09-30,Premium,3845.96
3815,Kenneth Johnson,cedwards@example.net,Pitcairn Islands,2020-01-29,Premium,8956.20
3816,Aaron Arroyo,meredithwilson@example.net,Somalia,2020-01-12,Standard,7134.88
3817,Miranda Tran,jhampton@example.net,Japan,2022-03-30,Standard,6320.15
3818,Jennifer Jones,syoder@example.org,Congo,2023-04-03,Standard,3773.12
3819,Matthew Lowe,anthonywillis@example.com,Lebanon,2021-12-03,Standard,2096.50
3820,Timothy Watts,erin29@example.org,Bosnia and Herzegovina,2025-05-28,Basic,1756.74
3821,Harry Castro,williamsstephanie@example.org,Guadeloupe,2022-01-13,Standard,6689.70
3822,Karen Baker,mmacdonald@example.org,Afghanistan,2025-01-10,Basic,3504.19
3823,Mark Little,heather38@example.org,Georgia,2023-12-19,Standard,9856.27
3824,Shane Valentine,rebecca19@example.com,Nigeria,2025-10-16,Standard,7886.17
3825,Marissa Brandt DDS,npeterson@example.org,Latvia,2023-02-19,Standard,6012.70
3826,Sara Smith,johnhall@example.net,Guinea,2025-04-30,Premium,2087.71
3827,Brittany Flores,ucline@example.org,Cambodia,2020-04-16,Standard,3726.96
3828,Robert Rodriguez,richardprince@example.net,Dominica,2024-03-22,Basic,2573.46
3829,Madison Martin,ywilson@example.org,Maldives,2022-07-01,Standard,1137.76
3830,Jacob Aguilar,hgriffin@example.com,Denmark,2023-08-31,Standard,8549.34
3831,Bruce Lawson,calhoundonna@example.org,Korea,2022-01-14,Standard,9274.65
3832,Jennifer Armstrong,alexafields@example.org,Kazakhstan,2022-05-28,Standard,1379.41
3833,Theresa West,peverett@example.com,Korea,2023-11-27,Premium,4117.72
3834,Melinda Jones,meltonmarc@example.net,Brunei Darussalam,2023-07-04,Standard,2393.95
3835,Dustin Torres,zturner@example.net,Myanmar,2022-03-19,Basic,9871.38
3836,Pamela Chase,nancybradley@example.net,United Arab Emirates,2023-08-29,Standard,1571.77
3837,Ashley Perez,diazandrea@example.com,Lithuania,2022-09-26,Basic,4178.36
3838,Emily Ramirez,rosemaria@example.net,Honduras,2021-10-28,Standard,9837.63
3839,Desiree Woodward,emily08@example.org,Saint Pierre and Miquelon,2021-04-22,Premium,5623.97
3840,Kelly Mejia,anna50@example.net,Guyana,2024-02-25,Standard,929.89
3841,Patricia Fuentes,kimberlyortiz@example.org,Rwanda,2022-03-15,Basic,9476.39
3842,Donna Martin,perryjames@example.net,Papua New Guinea,2025-01-06,Premium,5200.75
3843,Robert Gallegos,gomezjames@example.org,Grenada,2025-08-15,Standard,7697.68
3844,William Acosta,brian44@example.org,Aruba,2020-09-08,Basic,3984.84
3845,Meagan Montgomery,grahamnancy@example.org,Ecuador,2021-01-01,Standard,434.24
3846,Alex Deleon,houseemily@example.com,Cook Islands,2025-09-23,Basic,9551.50
3847,Mark Cruz,kathycannon@example.net,Saint Vincent and the Grenadines,2024-09-29,Standard,2035.08
3848,William Gonzalez,kathleen62@example.net,Burundi,2021-06-16,Premium,2596.13
3849,Jessica Edwards,herringyvonne@example.org,Eritrea,2025-10-10,Basic,9592.68
3850,Lisa Tate,pateljennifer@example.org,Albania,2020-01-13,Premium,1937.44
3851,Jordan Howell,colleen00@example.com,Iraq,2020-05-29,Premium,5677.07
3852,Cory Hess,edwardskelsey@example.net,Denmark,2020-05-03,Premium,5861.06
3853,Adam Horn,fredguzman@example.net,Norfolk Island,2025-05-20,Standard,8743.90
3854,Teresa Garcia,antoniocarr@example.net,Indonesia,2020-11-06,Standard,7380.51
3855,Jessica Black,joanna11@example.net,Senegal,2025-06-23,Standard,8785.32
3856,Cole Rich,thompsonkimberly@example.net,Tajikistan,2023-01-09,Premium,3661.55
3857,Jeffrey Gray,zdavid@example.net,Tunisia,2025-01-14,Standard,2941.82
3858,Charles Hale,zdavis@example.org,India,2024-07-22,Premium,4972.56
3859,Kevin Harris,robertwatson@example.net,Armenia,2024-10-25,Basic,9336.74
3860,Robert Arnold,tara95@example.org,Russian Federation,2022-06-02,Basic,2874.79
3861,Brian Hunt,kcarter@example.net,Monaco,2021-06-30,Premium,4209.98
3862,Tiffany Jarvis,lawrencefelicia@example.net,Saint Barthelemy,2021-02-28,Basic,5614.58
3863,Brian Abbott,jasminecohen@example.net,Bosnia and Herzegovina,2024-10-18,Basic,9025.12
3864,Amy Gordon,marvinblake@example.org,Pakistan,2024-10-12,Basic,3486.69
3865,Heather Rogers,btorres@example.com,Bahamas,2021-12-15,Premium,1886.39
3866,Cassie Brown,wwood@example.com,Somalia,2020-11-30,Basic,5179.53
3867,Elizabeth Bender,westderek@example.net,Saint Martin,2021-06-04,Basic,5097.72
3868,William Ford,cody86@example.net,Andorra,2023-12-13,Standard,3240.48
3869,Lisa Lara,ctrevino@example.org,Central African Republic,2020-12-06,Premium,5061.79
3870,Margaret Singh,ylawson@example.com,Uruguay,2025-07-22,Standard,4697.98
3871,Rita Mcdonald,pamelamitchell@example.org,Algeria,2025-11-23,Standard,1206.19
3872,Shane Williams,mcrawford@example.com,Korea,2023-05-11,Standard,3377.89
3873,Carol Hall,knoxjennifer@example.net,Honduras,2023-03-20,Standard,2555.65
3874,Alfred Myers,amberpeterson@example.org,Austria,2024-03-07,Premium,1949.31
3875,Gregory Mason,brenda85@example.org,Mauritius,2024-09-09,Premium,1897.18
3876,James Cook,markmoore@example.com,Turks and Caicos Islands,2022-11-12,Premium,5536.22
3877,James Webb,ghaas@example.net,Jordan,2025-07-15,Premium,1874.08
3878,Kenneth Thomas,michaelkelley@example.org,Japan,2022-10-28,Premium,4682.79
3879,Michael Wilson,michaelgarrett@example.com,Samoa,2025-06-30,Basic,5347.44
3880,Larry Medina,scollins@example.net,India,2023-03-15,Basic,8752.82
3881,Dr. Stephen Harris,jacob97@example.com,North Macedonia,2024-11-15,Premium,9906.36
3882,Dr. Douglas Myers,annmarsh@example.net,Denmark,2022-03-29,Standard,8427.45
3883,Katelyn White,awatkins@example.com,Seychelles,2022-04-26,Premium,1158.89
3884,David Ingram,inguyen@example.com,Guinea,2025-06-12,Basic,6630.17
3885,Erica Andrews,uhall@example.org,Germany,2024-05-14,Standard,8003.81
3886,Carol Bird,jacksonmark@example.org,United States of America,2020-11-23,Basic,9199.97
3887,Anne Roy,xmontgomery@example.org,Ethiopia,2024-06-09,Standard,743.38
3888,Tracie Owens,gfoster@example.net,Malaysia,2020-03-15,Standard,6107.63
3889,Shannon Salazar,zgreer@example.org,Cayman Islands,2023-06-18,Basic,9592.16
3890,Catherine Strong,swhite@example.org,Grenada,2023-07-02,Basic,1217.14
3891,Carmen Sellers,tina33@example.org,Kazakhstan,2025-02-28,Standard,4976.57
3892,Justin Webster,travisleslie@example.org,Portugal,2023-10-26,Premium,4590.08
3893,Jessica Foley,kimregina@example.com,Pitcairn Islands,2021-09-07,Standard,7530.79
3894,James Weber,lawsonamy@example.net,Equatorial Guinea,2024-11-05,Basic,8027.81
3895,Robert Quinn,kennethcastaneda@example.org,Croatia,2024-11-25,Standard,9855.74
3896,Erica Bender,snowhailey@example.org,Jersey,2024-10-27,Premium,9876.33
3897,Jennifer Weaver,cynthiapadilla@example.net,Saudi Arabia,2020-05-18,Standard,5029.25
3898,Brenda Craig,qgonzalez@example.net,Malta,2025-09-12,Standard,397.64
3899,Raymond Thompson,wilkersonchristopher@example.net,Palau,2022-11-11,Premium,1805.06
3900,Scott Morrow,tpalmer@example.org,Luxembourg,2020-07-17,Standard,7661.19
3901,Scott Torres,taylordouglas@example.org,Reunion,2025-07-24,Standard,676.13
3902,Michelle Lawson,udonovan@example.org,Martinique,2023-06-13,Standard,3692.66
3903,Jason Davis MD,xwoodward@example.net,Djibouti,2020-05-18,Standard,7549.27
3904,Jillian Martinez,mharrison@example.org,British Indian Ocean Territory (Chagos Archipelago),2022-09-07,Standard,2444.18
3905,Arthur Nguyen,robin16@example.org,Senegal,2020-12-25,Premium,3553.35
3906,Caroline Gay,joshuawright@example.com,Iraq,2020-08-03,Premium,1475.43
3907,Jody Sampson,unicholson@example.com,Guadeloupe,2022-10-19,Standard,4581.94
3908,Brian Johnston,mark31@example.net,Ireland,2021-07-01,Standard,9584.51
3909,Evan Herman,michaeltaylor@example.com,Monaco,2025-05-14,Standard,9696.90
3910,Justin Leblanc,samanthaconner@example.com,Algeria,2022-03-30,Standard,9514.57
3911,Christopher Morrow,karen05@example.com,Burundi,2020-03-14,Basic,201.37
3912,Anthony Snyder,michael73@example.com,Cambodia,2020-08-08,Premium,9600.41
3913,Robert Ford,heather37@example.net,Malta,2023-02-26,Standard,703.27
3914,Kevin Garner,ujones@example.net,Hungary,2022-10-20,Basic,874.29
3915,Natalie Brooks,samantha23@example.org,Malta,2021-09-11,Basic,8859.90
3916,Frank Mitchell,ariel62@example.com,Venezuela,2023-09-22,Basic,2317.29
3917,Elaine Wood,lisa63@example.net,Korea,2022-01-06,Standard,2317.99
3918,Billy Kirk,elizabethcollins@example.com,Philippines,2020-09-18,Premium,4236.17
3919,Yvonne Davis,reginajohnson@example.org,Kiribati,2023-09-16,Basic,4643.25
3920,Tyler Munoz,james79@example.org,Tuvalu,2024-07-19,Basic,2456.55
3921,Rachel Evans,danielle97@example.org,Palau,2021-01-30,Basic,7324.85
3922,Laura Smith,daniel47@example.com,Haiti,2023-01-12,Standard,6390.24
3923,Sara Lopez,zharrington@example.net,Guadeloupe,2022-11-25,Basic,5953.46
3924,Jodi Torres,tammy43@example.net,Poland,2022-10-22,Basic,2310.70
3925,Paula Higgins,dawnwoods@example.com,Oman,2023-02-28,Basic,8744.63
3926,Michael Jones,jamesgraham@example.net,Chad,2020-10-16,Standard,7682.21
3927,Roberto Lynch,teresa73@example.org,United Arab Emirates,2024-05-30,Basic,9157.22
3928,Mathew Stewart,avazquez@example.com,American Samoa,2024-03-30,Basic,369.95
3929,Bradley Tapia,conradtonya@example.org,Singapore,2025-04-14,Premium,1203.42
3930,Christopher Hood,malonejennifer@example.org,Samoa,2023-11-11,Basic,4.13
3931,Stacy Green,mitchellsmith@example.com,San Marino,2020-01-18,Standard,3621.64
3932,Jennifer Thomas,willie59@example.net,Russian Federation,2022-02-09,Basic,6092.01
3933,Norma Ruiz,matthewhernandez@example.com,Bulgaria,2023-03-22,Standard,5642.91
3934,Anne Phillips,zpeck@example.net,Germany,2020-01-09,Standard,7705.35
3935,Paul Mcdaniel,karen65@example.org,Vietnam,2023-12-01,Premium,6718.88
3936,Teresa Patterson,davisthomas@example.net,Papua New Guinea,2024-07-09,Basic,5868.20
3937,Eric Evans,skinnermichael@example.com,Canada,2020-02-20,Basic,9160.84
3938,Kenneth Anderson,dclarke@example.net,France,2021-02-24,Standard,1337.94
3939,Anthony Johnson,oharris@example.org,Morocco,2024-06-08,Standard,189.99
3940,Ryan Smith,rodney83@example.net,Iraq,2023-10-24,Standard,7685.90
3941,Melanie Nicholson,nmorse@example.net,Lesotho,2021-05-06,Standard,5754.99
3942,Michelle Watts MD,vwise@example.net,Belarus,2022-09-19,Basic,3448.42
3943,Matthew Chavez,brian98@example.net,Sudan,2021-02-05,Standard,22.11
3944,Jimmy Simpson,butlerlisa@example.net,Micronesia,2020-11-01,Standard,5163.23
3945,Lisa Perez,vevans@example.net,Honduras,2020-01-11,Standard,5941.94
3946,Robert Green DDS,dblair@example.net,Sudan,2020-09-28,Basic,8694.21
3947,Barbara Martin,castillojohn@example.com,Afghanistan,2024-01-09,Standard,9648.98
3948,Melissa Thomas,rachelsimmons@example.org,Romania,2025-11-18,Standard,2915.04
3949,Shannon Brown,sjackson@example.com,Saint Pierre and Miquelon,2021-01-02,Standard,4011.20
3950,Tina Cannon,shawn84@example.net,United States Minor Outlying Islands,2025-12-14,Basic,5011.61
3951,Brian Vance,julieherrera@example.com,French Guiana,2023-12-10,Premium,3725.31
3952,Katherine Miller,tiffany92@example.com,Mauritania,2025-05-28,Standard,9694.20
3953,Heidi Moon,baileyanna@example.net,Senegal,2021-01-30,Basic,4.35
3954,Sara Davis,tracywagner@example.net,Greece,2024-04-30,Standard,8356.54
3955,Barbara Miller,jdavis@example.org,Azerbaijan,2021-04-23,Standard,9686.21
3956,Heidi Bruce,joseph26@example.net,India,2023-02-22,Premium,4619.76
3957,Brian Murray,cstuart@example.net,Burkina Faso,2021-07-06,Basic,399.23
3958,Kyle Smith,kevin06@example.net,Saint Helena,2024-09-05,Basic,7557.34
3959,James Logan,william10@example.com,Chad,2023-08-21,Premium,1137.62
3960,Jessica Gonzalez,gonzalezbrian@example.net,Christmas Island,2022-03-16,Premium,7811.65
3961,Mark Barton,allenjeremy@example.com,Maldives,2024-03-17,Basic,1734.28
3962,Brittany Walsh,jasonyoung@example.net,Seychelles,2020-11-21,Basic,6621.99
3963,Teresa Bailey,michelle66@example.com,Costa Rica,2020-10-21,Premium,3504.47
3964,Laura Morales,ericdavidson@example.org,Colombia,2022-06-19,Standard,2842.87
3965,Samuel Green,david97@example.net,Poland,2022-05-05,Basic,3620.80
3966,Richard Baker,obright@example.net,Ethiopia,2021-07-13,Standard,7096.76
3967,Elizabeth Martin,traviscurtis@example.com,Puerto Rico,2021-12-20,Basic,8085.97
3968,William Johnson,abenton@example.net,United Kingdom,2021-12-08,Standard,3482.03
3969,Mrs. Tara Riley,cwilliams@example.com,New Caledonia,2023-04-03,Premium,9095.00
3970,Cheryl Roman,nroberts@example.com,Maldives,2021-01-12,Standard,9384.73
3971,Amber Herring,sally04@example.com,Syrian Arab Republic,2022-05-05,Basic,6950.64
3972,Nancy Hayes,brandon88@example.net,Jamaica,2025-04-13,Basic,7998.92
3973,Robert Marks,ohamilton@example.net,Sudan,2020-12-06,Basic,5449.26
3974,James Wong,gonzalesrachel@example.org,Madagascar,2022-01-21,Basic,2955.07
3975,Kristy Clark,veronicahardin@example.org,Croatia,2023-03-29,Basic,9056.88
3976,Laurie Cuevas,joneslori@example.org,Saint Kitts and Nevis,2023-01-20,Standard,9615.36
3977,Michael Goodman,iwaters@example.com,Heard Island and McDonald Islands,2023-07-31,Basic,7926.58
3978,Jamie Morrison,vickie04@example.com,Sierra Leone,2020-10-02,Basic,895.04
3979,Evelyn Stewart,holly96@example.net,Cocos (Keeling) Islands,2024-10-27,Premium,4673.37
3980,Alexander Reyes,jasonward@example.com,Estonia,2022-06-09,Basic,1487.86
3981,Sarah Beltran,xmueller@example.org,Paraguay,2024-07-06,Basic,7114.88
3982,Diana Smith,amy67@example.org,Lao People's Democratic Republic,2024-01-01,Basic,5656.34
3983,Michael Henry,john25@example.net,Burkina Faso,2025-12-29,Standard,884.76
3984,Edward Pruitt,cheyennehart@example.com,Venezuela,2021-08-28,Standard,3617.00
3985,Caitlyn Guerrero,glenda74@example.net,Guam,2020-02-29,Standard,5256.01
3986,Ashley Allen,christopher25@example.org,Brunei Darussalam,2021-08-07,Standard,9632.11
3987,Carl Perkins,monica93@example.org,Jamaica,2022-07-08,Standard,9376.94
3988,Chad Riley,fchavez@example.org,Vietnam,2025-05-26,Standard,4168.81
3989,Alexis Conway,ramosjennifer@example.org,Haiti,2023-08-29,Basic,3141.13
3990,Elizabeth Cruz,michaelharrison@example.org,Belgium,2020-02-23,Premium,1287.79
3991,Lisa Gonzalez,pricenicholas@example.com,Mauritania,2023-12-16,Standard,8219.10
3992,Lindsay Blackwell,alan62@example.com,Sri Lanka,2025-09-29,Basic,8702.94
3993,Megan Short,brittanybailey@example.com,Kiribati,2025-02-24,Basic,4856.13
3994,Amy Walter,hendersonjames@example.org,Tuvalu,2020-09-05,Standard,3195.23
3995,Jessica Crosby,anthony49@example.org,Mali,2023-02-16,Basic,1011.71
3996,Mary Brown,hamiltonjoshua@example.com,France,2020-01-05,Basic,2138.13
3997,Joseph Thomas,chad60@example.org,Samoa,2020-11-11,Premium,9686.49
3998,Jeffrey Coleman MD,amberfischer@example.org,Uganda,2020-05-05,Basic,9833.03
3999,Ashley Mcdowell,csweeney@example.org,Niger,2021-08-25,Standard,6485.68
4000,Gordon Harris,vcrawford@example.org,Andorra,2025-09-25,Basic,8147.26
4001,Stephen Patrick,anthony71@example.net,Sierra Leone,2022-12-31,Standard,1558.38
4002,Carmen Ramos,jessica77@example.org,Central African Republic,2020-09-19,Premium,5853.18
4003,Brittany Sullivan,icummings@example.org,Australia,2023-02-06,Standard,5543.97
4004,Curtis Boyd,williamcampbell@example.org,Myanmar,2025-03-12,Standard,600.87
4005,Latoya Pena,jamescortez@example.com,Sao Tome and Principe,2021-05-04,Standard,9942.92
4006,Julie Hill,hollanddavid@example.com,Turkey,2022-11-29,Premium,7929.66
4007,Theresa Thomas,nortiz@example.net,Bangladesh,2022-06-05,Basic,8204.40
4008,Aaron Fowler,megan96@example.net,United Kingdom,2024-02-13,Standard,4121.80
4009,Jason Burns,cunninghamjohn@example.com,Greenland,2025-07-03,Standard,5820.31
4010,Samantha Allen,perkinssarah@example.com,Guyana,2021-12-30,Premium,5183.86
4011,Sarah Jackson,pattonwilliam@example.net,North Macedonia,2025-08-10,Standard,4039.80
4012,Vanessa Gibson,deleoncody@example.org,Dominica,2025-01-18,Basic,8908.65
4013,Jacob Burnett,aestrada@example.com,Cayman Islands,2025-10-19,Premium,1555.48
4014,Brandon Smith,david22@example.org,Malta,2021-11-25,Standard,1082.95
4015,Jamie Roth DDS,vwells@example.net,Kenya,2022-10-20,Premium,2237.06
4016,Austin Martin,morganraymond@example.org,Maldives,2021-11-04,Premium,7894.72
4017,Faith Garcia,mitchelllee@example.com,Western Sahara,2021-08-19,Premium,369.62
4018,Tricia Maxwell,nrichardson@example.net,Mozambique,2024-06-27,Basic,965.41
4019,Eric Lindsey,,Sri Lanka,2021-06-22,Premium,9269.34
4020,William Zhang,sawyerdarlene@example.org,Iceland,2025-02-10,Basic,4307.41
4021,David Avery,davidchavez@example.com,Bangladesh,2023-02-03,Standard,2285.08
4022,Andrew Valencia,erik52@example.com,Mayotte,2022-04-01,Standard,2520.12
4023,Bryan Lee,jaredbell@example.net,Malta,2023-04-14,Basic,1971.30
4024,Anthony Mccormick,rodriguezjennifer@example.net,Niger,2023-11-02,Premium,4548.65
4025,Mary Anderson,nbrown@example.net,Montserrat,2024-09-08,Standard,2496.05
4026,Christine English,kanebrittney@example.org,Thailand,2022-02-08,Premium,9572.94
4027,James Lynch,martinezlaurie@example.net,Congo,2025-02-24,Premium,6657.21
4028,Matthew Hale,qallison@example.org,Guyana,2024-04-18,Standard,8196.24
4029,Chase Bradshaw,clarksandra@example.net,Angola,2024-01-02,Basic,5137.30
4030,George Whitaker,martinamanda@example.net,Nigeria,2024-02-25,Standard,6362.92
4031,Maria Rubio,kevinjones@example.net,Burundi,2023-09-23,Standard,2416.55
4032,Elizabeth Cooper,robertrichardson@example.org,South Africa,2022-01-23,Standard,2238.29
4033,Caroline Estrada,jill05@example.org,Mauritius,2020-04-04,Basic,8758.00
4034,Robert Newman,greenalicia@example.com,Zimbabwe,2020-04-07,Standard,8850.78
4035,Joseph Mann,kevin90@example.com,Montserrat,2020-06-27,Standard,2117.12
4036,Spencer Hall,williamsgregory@example.com,Marshall Islands,2025-07-06,Premium,1074.16
4037,Anthony Mclean,reyeskelly@example.com,Bulgaria,2023-09-10,Basic,185.58
4038,Lisa Sullivan,harrisnancy@example.com,Saint Pierre and Miquelon,2022-04-12,Premium,250.16
4039,Philip Mcmahon,hannahbeasley@example.org,Netherlands Antilles,2024-06-22,Basic,8993.04
4040,Jose Smith,isanders@example.org,Paraguay,2021-07-05,Basic,9102.28
4041,Gloria Hammond,lisa89@example.net,Guernsey,2023-04-27,Basic,95.09
4042,Sarah Parker,wellskatherine@example.org,Sudan,2025-07-31,Premium,720.24
4043,Elizabeth Pope,underwoodaimee@example.org,Kazakhstan,2020-04-06,Basic,5775.57
4044,Karen King,jacob02@example.net,Bulgaria,2021-07-22,Basic,6811.98
4045,Catherine Atkinson,ogillespie@example.net,San Marino,2021-01-29,Premium,608.61
4046,Stephen Church,brian27@example.org,Bulgaria,2024-10-24,Standard,2101.63
4047,Jessica Porter,tom94@example.com,Reunion,2025-11-11,Basic,6701.59
4048,Andrea Baker,katherineshepherd@example.net,Trinidad and Tobago,2023-05-25,Basic,367.99
4049,Heather Henderson,wriley@example.org,Korea,2025-02-18,Premium,8889.98
4050,Darryl Nelson,fbennett@example.org,Belarus,2025-05-15,Basic,8894.20
4051,Stephen Villanueva,yking@example.com,Egypt,2020-02-11,Standard,7751.39
4052,Curtis Lopez,pattonchristopher@example.com,Palestinian Territory,2023-02-13,Standard,3779.87
4053,Michael Elliott,joan31@example.com,Denmark,2021-01-28,Standard,8782.24
4054,Brian Walters,hgray@example.com,Pakistan,2020-11-08,Basic,9607.27
4055,Matthew Huang,tina68@example.com,North Macedonia,2021-03-01,Basic,4375.56
4056,Kara Boyd,uquinn@example.net,North Macedonia,2022-03-01,Standard,8440.61
4057,Amanda Robertson,robertsonchristopher@example.net,Uzbekistan,2025-02-28,Basic,6310.70
4058,Stephen Fernandez,tkaiser@example.com,Sierra Leone,2021-04-26,Basic,3413.39
4059,Taylor Cantrell,batesaustin@example.net,Papua New Guinea,2025-05-08,Standard,4294.37
4060,Lisa Edwards,pmitchell@example.org,Turkey,2022-05-09,Standard,8761.71
4061,Jonathan Nelson,rwilson@example.org,Rwanda,2024-04-28,Standard,8540.11
4062,Kara Lewis,tmccoy@example.net,Fiji,2020-09-13,Basic,5842.11
4063,Mrs. Jessica Thomas,aevans@example.net,Pitcairn Islands,2024-07-15,Basic,5893.47
4064,Eric Coleman,anthony27@example.net,Serbia,2020-04-21,Standard,9501.33
4065,Jaime Wood,kwalker@example.org,Algeria,2025-06-05,Basic,936.18
4066,Christine Jefferson,daniel97@example.net,Germany,2025-02-15,Standard,690.90
4067,Ryan Lewis,justin72@example.org,Comoros,2021-03-01,Standard,2096.39
4068,Margaret Orr,bmercado@example.org,Jamaica,2024-07-04,Standard,2109.40
4069,Christopher Duncan,billy97@example.org,Zimbabwe,2023-08-11,Standard,6141.58
4070,Jeanne Hubbard,austin24@example.org,Czech Republic,2024-08-01,Premium,5215.57
4071,Michael Johnson,tinahines@example.org,Suriname,2021-03-31,Standard,2130.19
4072,Alec Collins,edwardsruben@example.org,Gambia,2021-06-12,Standard,9435.32
4073,Brian Young,tmartinez@example.com,Germany,2022-01-02,Basic,355.83
4074,Bryan Elliott,lopezmelissa@example.com,Lesotho,2025-07-07,Basic,3542.42
4075,Desiree Edwards,rgreen@example.com,Oman,2021-06-10,Standard,2753.61
4076,Barbara Rodriguez,anaflowers@example.net,French Polynesia,2022-07-16,Premium,3127.27
4077,Jamie Ayala,cantustephanie@example.net,Sweden,2023-07-31,Standard,4606.84
4078,Brittany Hayes,lgood@example.net,Yemen,2020-12-12,Standard,4704.07
4079,Tyler Ortega,brandon08@example.org,France,2021-02-04,Standard,7491.68
4080,Felicia Allison,bergerjerry@example.net,Northern Mariana Islands,2022-02-11,Premium,5496.00
4081,William Kelly,cjohnson@example.com,Syrian Arab Republic,2020-01-18,Premium,1709.79
4082,Tara Marquez,wmoore@example.net,French Guiana,2025-08-20,Basic,1054.20
4083,Brad Smith,chadlopez@example.org,Bangladesh,2022-03-23,Standard,3319.06
4084,Timothy Young,mark22@example.org,Venezuela,2024-10-17,Basic,9082.87
4085,Derrick Huff,jessica24@example.com,Paraguay,2020-10-06,Standard,1182.33
4086,Misty Young,cheyennejones@example.net,Qatar,2023-12-22,Standard,2085.79
4087,Jennifer Hicks,snyderlucas@example.com,Algeria,2024-01-09,Standard,9497.89
4088,Patrick Moore,brownjoseph@example.org,Central African Republic,2023-11-14,Basic,2316.42
4089,Theresa Cantrell,matthewosborne@example.net,Tonga,2022-06-20,Basic,851.81
4090,Kerry Moran,audreywarren@example.com,Myanmar,2020-01-04,Basic,5420.09
4091,Mary Taylor,jimmyavila@example.net,Congo,2022-01-23,Basic,7982.44
4092,Kendra Cox,amysmith@example.net,Svalbard & Jan Mayen Islands,2021-03-12,Basic,4486.62
4093,Hailey Peters,npoole@example.org,India,2025-09-07,Standard,2149.01
4094,Ricardo Scott,patrickwilliams@example.com,Lithuania,2024-05-24,Basic,504.98
4095,Mark Johnson,robert40@example.org,Romania,2025-08-10,Basic,3400.39
4096,Adam Fuller,djones@example.net,Netherlands Antilles,2022-04-23,Basic,293.66
4097,Lacey Lopez,andersonmichele@example.net,Malawi,2023-09-06,Standard,4402.63
4098,Devin Bailey,autumn62@example.net,Mauritania,2021-05-23,Premium,6533.47
4099,Veronica Durham,smithcourtney@example.org,South Africa,2023-01-16,Premium,5557.91
4100,Sonia Martin,tylerangela@example.org,Central African Republic,2024-06-12,Premium,9245.75
4101,Tammy Reyes,susan09@example.com,Suriname,2021-07-17,Standard,9422.77
4102,Meredith Rodriguez,nataliefuller@example.org,Ukraine,2022-01-14,Standard,516.34
4103,Robert Irwin,john07@example.net,Fiji,2023-08-22,Standard,3280.56
4104,Candice Conrad,hernandezkristin@example.org,Saint Lucia,2024-04-18,Standard,8075.50
4105,Matthew Gross,doughertycrystal@example.net,Turkmenistan,2023-04-19,Standard,2915.84
4106,Cory Rogers,pryan@example.org,Hong Kong,2022-07-07,Standard,5802.17
4107,Kimberly Hicks,jared96@example.com,Austria,2020-11-26,Standard,2894.58
4108,Timothy Smith Jr.,cmartin@example.org,Georgia,2025-05-23,Premium,7686.32
4109,Evan Cole,jcooper@example.com,American Samoa,2022-09-26,Standard,102.56
4110,Mary Johnson,cobbaaron@example.com,Paraguay,2023-10-17,Standard,1917.83
4111,Beth Freeman,lamtaylor@example.net,Saint Helena,2021-01-16,Standard,8572.65
4112,Michael Callahan,mariomoore@example.net,Singapore,2020-02-16,Basic,8039.04
4113,Kayla Jackson,idavis@example.org,Cote d'Ivoire,2020-01-23,Standard,9698.43
4114,Ross Peters,coxkaren@example.org,Burkina Faso,2021-02-07,Basic,728.65
4115,Alexis Davis,hwiley@example.net,Guatemala,2023-02-04,Standard,6303.96
4116,Brady Brown,cpeterson@example.com,Vietnam,2023-09-18,Basic,4164.30
4117,Timothy Hooper,eric42@example.com,Anguilla,2021-09-16,Standard,522.18
4118,David Reyes,davidwilson@example.com,Trinidad and Tobago,2025-01-19,Premium,6291.19
4119,Samuel Dunn,ronald85@example.com,Iran,2021-05-29,Basic,2290.99
4120,Cheryl Walsh,brownmelissa@example.net,Guyana,2021-11-23,Standard,2956.68
4121,Alicia Davis,rothshaun@example.com,Isle of Man,2022-09-18,Basic,673.64
4122,Alexander Sutton,brianchavez@example.net,French Guiana,2022-02-20,Standard,1482.30
4123,Jesse Ray,katelyn77@example.com,Bahrain,2025-03-24,Basic,2507.84
4124,Jordan Santos,johnabbott@example.org,Bhutan,2025-12-17,Standard,812.51
4125,Katherine Novak,parkertyler@example.com,Togo,2020-01-14,Premium,5007.92
4126,Kimberly Blevins,gina77@example.net,Martinique,2021-12-14,Basic,4802.73
4127,Charles Reed,pgonzalez@example.org,Norway,2021-12-15,Standard,8246.47
4128,Brandon Lewis,harrismichelle@example.org,Croatia,2024-08-24,Premium,6929.75
4129,Michelle Wells,charlessamuel@example.net,Niger,2021-09-09,Standard,9576.07
4130,Marilyn Thompson,heatherolson@example.org,Wallis and Futuna,2025-05-21,Premium,7248.02
4131,Dr. Lisa Warren,drodriguez@example.net,Saudi Arabia,2020-12-22,Basic,542.40
4132,Maria Mckenzie,lisa82@example.net,Samoa,2022-08-12,Standard,9097.23
4133,Emily Baker,suzannejones@example.org,French Southern Territories,2020-03-12,Standard,6860.61
4134,Lisa Richard,robertstewart@example.net,Iraq,2021-10-05,Standard,492.32
4135,Darren Cook,marshemily@example.org,Kazakhstan,2024-10-09,Standard,2094.03
4136,Andrew Garcia,morganblackwell@example.net,Colombia,2022-03-18,Standard,2479.22
4137,Wendy West,theresagilmore@example.net,Tanzania,2022-09-28,Premium,3902.29
4138,Diana Martin,ljohnson@example.org,Angola,2023-08-04,Premium,3038.18
4139,Katie Lane,ramosdouglas@example.org,Namibia,2023-09-19,Standard,4277.24
4140,Anthony King,john96@example.com,Puerto Rico,2023-11-30,Standard,1253.18
4141,Kim Gonzalez,amanda50@example.com,Tonga,2022-04-09,Standard,4773.56
4142,Kelly Lopez,awilkinson@example.net,Malawi,2025-04-26,Basic,9531.12
4143,Alexander Bishop,hernandezerica@example.org,Western Sahara,2025-06-28,Standard,8943.75
4144,Diane Martinez,wallkimberly@example.com,Tonga,2024-06-02,Basic,7689.25
4145,James Perry,hallzachary@example.com,Morocco,2025-03-28,Premium,9746.22
4146,Catherine Bryant,martinezalicia@example.com,Greenland,2024-10-18,Basic,630.94
4147,Erin Jackson,sherryanderson@example.org,Sweden,2021-06-29,Basic,1751.07
4148,Derek Santos,mannjessica@example.org,Namibia,2022-07-01,Standard,8357.59
4149,Andrew Weber,crawfordjason@example.org,Chile,2025-04-18,Standard,4580.60
4150,Mr. Tyler Marshall V,rogermcdonald@example.net,Serbia,2025-06-27,Premium,2261.88
4151,Cathy Allen,brownjonathan@example.com,Saint Helena,2025-02-27,Standard,9294.75
4152,Mr. Brian Duncan,thomasbaker@example.com,Moldova,2023-07-28,Standard,2935.89
4153,Leslie Rogers,gonzalezjohn@example.org,Iraq,2022-03-25,Standard,1100.82
4154,Barbara Jones,icrawford@example.net,Mayotte,2025-12-26,Premium,9091.97
4155,Peter Hampton,smithdana@example.org,Ukraine,2023-09-17,Standard,5038.87
4156,Thomas Nichols,vowens@example.net,Italy,2020-09-15,Basic,2887.45
4157,Pamela Reeves,umiranda@example.com,Colombia,2025-06-23,Standard,6737.17
4158,Krystal Walker,vberg@example.com,Armenia,2025-11-12,Premium,5364.60
4159,Trevor Meyer,shelbyle@example.com,Holy See (Vatican City State),2024-07-30,Standard,1428.36
4160,Brandon Larson,ddyer@example.org,Slovakia (Slovak Republic),2021-06-03,Basic,8106.57
4161,Terri Mason,zbrown@example.org,Afghanistan,2023-06-14,Premium,8335.08
4162,John Russo,mary69@example.net,Palau,2024-03-02,Basic,6967.99
4163,Timothy Wright,vanessajohnson@example.net,Korea,2024-02-02,Standard,7001.29
4164,Ivan Contreras,audrey58@example.net,Nepal,2023-02-08,Standard,2795.75
4165,John Ross,charles44@example.com,Qatar,2025-01-14,Standard,2053.12
4166,Shannon Anderson,justin44@example.com,Saint Martin,2025-03-17,Basic,3564.46
4167,Paula Edwards,cgreen@example.net,Kuwait,2020-08-15,Basic,8876.56
4168,Christopher Wagner,dhays@example.org,Georgia,2022-05-01,Basic,6583.22
4169,Daniel Jones,sydneylara@example.com,Armenia,2025-02-23,Standard,7187.50
4170,John Lawrence,kennethphelps@example.com,Iraq,2024-10-14,Standard,3151.77
4171,Scott Moore,esmith@example.net,Saint Helena,2021-02-16,Standard,880.98
4172,Daisy Rivera,garrettchambers@example.net,Uzbekistan,2020-11-07,Premium,6089.20
4173,Jaime Reed,carolyn62@example.com,Brunei Darussalam,2023-12-14,Standard,8793.94
4174,Daniel Gonzalez,douglas72@example.net,Mozambique,2023-02-22,Standard,9381.88
4175,Paul Vazquez,maryhernandez@example.org,Tanzania,2025-09-01,Basic,6134.85
4176,Kyle Brown,jgarza@example.org,El Salvador,2021-08-07,Standard,9920.06
4177,Justin Shaw,leonjohnathan@example.com,Norfolk Island,2025-01-18,Standard,6873.90
4178,Holly Lowery,hfarmer@example.net,Poland,2020-10-07,Standard,6819.45
4179,Michael Robinson,toddchristy@example.com,Saint Pierre and Miquelon,2021-05-02,Standard,6959.16
4180,Jill Johnson,lisastein@example.net,Denmark,2023-04-25,Premium,778.69
4181,Brittany Fisher,sandra38@example.org,Saint Helena,2022-10-06,Basic,6536.94
4182,Denise Moore,lopezdon@example.org,Argentina,2022-03-24,Basic,4561.09
4183,Jack Lee,kramerbenjamin@example.org,Latvia,2022-06-22,Standard,1976.65
4184,Jennifer Sanders,sandrapark@example.org,Guernsey,2022-08-17,Standard,3398.74
4185,Olivia Owen,walkerkristin@example.org,Palestinian Territory,2020-05-23,Basic,4153.48
4186,Robert Ali,pharris@example.org,Ethiopia,2025-07-15,Standard,5826.81
4187,Kristina Mann PhD,millerbrianna@example.org,Cote d'Ivoire,2022-12-04,Basic,6118.70
4188,Christina Mata,randybrown@example.org,Comoros,2020-04-03,Standard,7525.18
4189,Samuel Nelson,david28@example.org,Hungary,2024-06-30,Standard,6781.27
4190,Taylor Mccann,bryanpatel@example.org,Finland,2023-06-17,Basic,9078.72
4191,Lee Riley,hayescarol@example.com,Romania,2025-10-23,Basic,885.66
4192,George Carter,bgay@example.com,Western Sahara,2020-05-25,Basic,1783.51
4193,Robert Rios,harriseric@example.net,Kuwait,2025-03-10,Standard,2479.64
4194,Laura Sims,,Serbia,2023-04-14,Standard,8596.23
4195,Elijah Friedman,jeremy45@example.com,Trinidad and Tobago,2021-09-19,Standard,9114.16
4196,Anna Johnson,amanda96@example.org,Samoa,2021-01-14,Standard,1301.03
4197,Marcia Jackson,jamesball@example.com,Niue,2024-01-19,Standard,2316.64
4198,Patrick Alvarez,tammy72@example.org,Qatar,2024-08-28,Standard,3507.94
4199,Rachel Fields,callen@example.com,Tonga,2023-06-10,Standard,4516.14
4200,Dawn Lopez,brent91@example.com,Fiji,2024-12-13,Standard,9824.11
4201,John Holt,jennifervincent@example.org,Mozambique,2025-11-19,Premium,9450.17
4202,Paul Porter,tonywashington@example.org,Bosnia and Herzegovina,2025-10-10,Standard,9997.70
4203,Erin Miranda,jonprice@example.com,Qatar,2022-06-12,Premium,6351.75
4204,Brett Marshall,singhbrittney@example.org,Turkmenistan,2020-01-21,Premium,1122.44
4205,William Roach,schneiderhannah@example.net,Nigeria,2025-02-12,Premium,6679.88
4206,James Ortiz,bethanyrivera@example.com,Central African Republic,2025-03-18,Premium,7054.61
4207,Mrs. Shannon Jones,julie24@example.com,Bouvet Island (Bouvetoya),2025-10-14,Standard,3832.67
4208,Frank Blevins,hubbardtammy@example.org,Australia,2025-03-20,Basic,1914.24
4209,Andrew Edwards,sharon07@example.org,Guernsey,2025-09-03,Basic,2293.68
4210,Michael Davis,nathanielramirez@example.com,Slovakia (Slovak Republic),2020-01-26,Standard,5236.26
4211,Deborah Peterson,acarroll@example.com,Iceland,2020-03-02,Standard,4246.58
4212,Jose Diaz,jacobwilliams@example.com,United States Virgin Islands,2021-11-05,Premium,3441.08
4213,Kathleen Bates,james30@example.com,Belize,2023-03-12,Basic,7675.57
4214,David Burton,karen76@example.org,Marshall Islands,2021-09-09,Basic,464.38
4215,Kristen Roman,jhowell@example.net,Guinea-Bissau,2024-08-23,Basic,657.35
4216,William Davis,davidsmith@example.org,Palau,2024-10-22,Basic,9320.70
4217,Richard Cruz,paynetracy@example.com,Czech Republic,2024-01-22,Standard,2062.89
4218,Michael Jones,alyssa77@example.net,Saint Martin,2025-02-01,Standard,2591.99
4219,Jonathan Coleman,alyssasoto@example.net,Montenegro,2024-04-29,Standard,6416.09
4220,Katherine Davis,rhodeskaren@example.org,Tuvalu,2023-09-04,Standard,544.01
4221,Samuel Mcdowell,gsmith@example.org,Western Sahara,2021-05-13,Standard,6485.96
4222,Laura Sanchez,cruzashley@example.org,Tonga,2022-11-21,Standard,6254.94
4223,Fred Gardner,shawdaniel@example.org,Sweden,2023-12-01,Standard,648.94
4224,Duane Thomas,martha08@example.net,France,2025-07-03,Standard,7582.02
4225,Kayla Scott,lawsonmaureen@example.com,Israel,2024-05-17,Basic,674.55
4226,Bradley Thornton,phillipsmelinda@example.com,Sweden,2022-08-27,Standard,2090.01
4227,Michelle Patterson,christopher45@example.org,Cameroon,2025-08-29,Standard,5555.20
4228,Caleb Alexander,makayla46@example.com,Malaysia,2024-09-22,Basic,7622.68
4229,Katherine Williams,howelllucas@example.net,Kuwait,2023-12-04,Basic,8971.37
4230,Andre Diaz,butlermichael@example.org,Venezuela,2022-01-31,Premium,6685.32
4231,Adam Smith,swansoneric@example.net,Ireland,2025-04-20,Basic,253.28
4232,Suzanne Gutierrez,carl53@example.com,Spain,2025-03-16,Premium,4416.88
4233,Vanessa Ho,cindymiranda@example.com,Italy,2021-11-30,Standard,7784.41
4234,Sheila Townsend,cookchristine@example.net,Liechtenstein,2023-04-07,Premium,7858.89
4235,Nancy Cox,bettycaldwell@example.org,French Polynesia,2022-02-07,Standard,1232.99
4236,Jordan Thomas,lbest@example.net,Pakistan,2022-02-15,Standard,8201.52
4237,Terri Hernandez,carneykenneth@example.net,Papua New Guinea,2024-10-03,Standard,1436.08
4238,Lance Parks,sotorobert@example.net,Egypt,2021-07-20,Basic,2518.36
4239,Dr. Nancy Miller,ryan49@example.net,Bahamas,2025-11-02,Premium,6439.45
4240,Jessica Delacruz,codybarnes@example.org,United Arab Emirates,2025-07-12,Basic,9003.61
4241,Kimberly Phelps,hharper@example.net,South Georgia and the South Sandwich Islands,2024-07-07,Standard,6378.98
4242,Maria Burton,anthony55@example.com,Liechtenstein,2022-07-26,Basic,4947.17
4243,Alexandra Valdez DDS,pricesara@example.org,Chile,2024-12-05,Basic,9316.79
4244,Lauren Ramirez,jjohnson@example.net,Nauru,2023-06-22,Standard,8956.55
4245,Angelica Buchanan,robert91@example.org,Aruba,2023-06-13,Basic,3805.07
4246,Dana Baker,tracysmith@example.net,Austria,2023-11-09,Basic,9251.88
4247,Marissa Williams,kristenkim@example.net,Sudan,2020-10-13,Standard,7507.90
4248,Timothy Oconnor,michael87@example.com,Senegal,2025-04-28,Basic,6905.93
4249,Christopher Mason,williamsdavid@example.org,Guinea,2025-03-13,Basic,7264.46
4250,Jasmine Mcdonald,hchen@example.com,Croatia,2021-08-25,Standard,2599.93
4251,Robert Ward,anthony40@example.net,Seychelles,2025-11-25,Standard,3660.67
4252,Marie Zuniga,sullivanmeagan@example.net,Jordan,2021-05-14,Standard,2711.89
4253,William Bryant,serranosandra@example.com,Faroe Islands,2021-01-27,Standard,291.14
4254,Brian Lawrence,princetracy@example.com,Ecuador,2021-03-06,Premium,6698.61
4255,Edward Johnson,bakermelissa@example.org,Czech Republic,2025-10-12,Basic,6019.35
4256,Matthew Holloway,teresagreen@example.net,Morocco,2021-09-26,Standard,4005.65
4257,Emily Sutton,jessicamorrison@example.com,Greenland,2023-11-01,Premium,8890.23
4258,Lori Kim,whunter@example.org,Guinea,2023-01-05,Basic,1728.27
4259,Denise Ibarra,vreyes@example.com,Liechtenstein,2022-12-04,Premium,1222.87
4260,Joseph Miller,emilygutierrez@example.net,Swaziland,2024-11-13,Premium,1975.14
4261,Patricia Lam,patricia54@example.com,Bouvet Island (Bouvetoya),2023-11-27,Basic,7598.74
4262,John Mcclure,ryan52@example.org,Mozambique,2023-08-29,Standard,2110.65
4263,Jill Lewis,denise73@example.com,Yemen,2024-01-09,Premium,9213.02
4264,Joseph Gonzalez,patty54@example.com,Sweden,2025-05-13,Basic,6400.40
4265,Matthew Rivers,catherine69@example.org,Heard Island and McDonald Islands,2023-03-11,Standard,8566.93
4266,Robert Herrera,ogarcia@example.net,Croatia,2023-01-20,Standard,7740.29
4267,Jennifer Chen,john04@example.org,Netherlands,2025-09-10,Basic,6830.70
4268,Craig Kelley,mitchellheather@example.com,Brunei Darussalam,2021-07-14,Basic,791.60
4269,Catherine Jackson,jwu@example.net,Netherlands,2023-10-13,Standard,6338.60
4270,John Moore,robertburke@example.net,Germany,2022-10-22,Premium,5887.92
4271,Rebecca Sparks,pgraham@example.com,South Africa,2023-01-17,Basic,1804.59
4272,Derek Hansen,michael15@example.com,American Samoa,2023-08-24,Basic,6053.07
4273,Michael Aguilar,berrylisa@example.net,Saint Helena,2020-09-09,Premium,9140.67
4274,Cheyenne Stewart,johnsandoval@example.net,Seychelles,2022-11-21,Standard,649.97
4275,Alec Carlson,gallegosjohnny@example.com,Canada,2020-01-27,Standard,1714.36
4276,Christopher Howard,nathanvalentine@example.com,Burundi,2024-10-19,Standard,85.32
4277,Meghan Romero,nmyers@example.com,Western Sahara,2022-06-13,Standard,8964.94
4278,Adam Perry,matthew31@example.org,Guinea-Bissau,2022-09-14,Standard,2488.27
4279,John Sanchez,christine06@example.net,Korea,2021-11-19,Standard,9277.68
4280,Ronald Garza,jasonparsons@example.org,Tonga,2021-08-05,Standard,776.18
4281,Derek Dorsey,sullivanelizabeth@example.com,Barbados,2021-02-10,Basic,8086.85
4282,Kevin Davis,johnsonedward@example.net,Australia,2021-04-15,Basic,8616.34
4283,Andrew Davis,jeffoneal@example.net,Kyrgyz Republic,2020-07-27,Premium,5033.15
4284,Jessica Pena,lambmark@example.net,Mauritius,2023-01-20,Premium,9242.09
4285,Andrew Meyer,bsmith@example.org,Gibraltar,2021-08-20,Premium,8417.72
4286,Meghan Miller,diazjacob@example.org,Jamaica,2023-06-20,Standard,5186.76
4287,Jane Green,christopher94@example.com,Chad,2024-04-02,Premium,9439.33
4288,Shelley Scott,janicerobinson@example.com,Bolivia,2025-03-30,Basic,7847.10
4289,Nathaniel Washington,kari40@example.com,Serbia,2020-02-10,Basic,255.94
4290,Erik Castro,ksherman@example.org,Togo,2023-06-07,Premium,4249.58
4291,Gloria Marks,davidgarner@example.com,Saint Martin,2021-02-20,Standard,6945.62
4292,Hannah Ochoa,eileencooper@example.com,Myanmar,2021-07-10,Basic,1930.36
4293,Mark Young,ashleyweaver@example.org,Ireland,2024-09-25,Standard,6340.62
4294,Rachel Matthews,nsmith@example.net,Malaysia,2023-08-19,Standard,3559.23
4295,Brad Little,carl70@example.org,Egypt,2023-10-13,Basic,6048.83
4296,Joshua Saunders,elizabethescobar@example.net,Malaysia,2023-12-21,Standard,1674.67
4297,Brandon Cook,meredith68@example.com,Ukraine,2023-08-22,Standard,6264.39
4298,Jacqueline Bullock,mary68@example.com,Bhutan,2021-10-30,Basic,4735.94
4299,Christopher Nichols,xreilly@example.net,Moldova,2023-04-17,Standard,100.62
4300,Melissa West,pmiller@example.org,Jamaica,2024-09-04,Basic,2098.43
4301,Tanya Davis,jeffschaefer@example.org,United States of America,2025-11-26,Basic,5246.23
4302,Andrea Sosa MD,zfranklin@example.org,French Southern Territories,2020-11-06,Standard,2409.56
4303,Tiffany Hernandez,prichard@example.org,Tunisia,2020-04-11,Standard,3707.41
4304,Maria Phillips,joecardenas@example.org,Saint Barthelemy,2025-05-01,Standard,6148.29
4305,Scott Lyons,stacysawyer@example.net,Ghana,2021-01-27,Basic,2989.16
4306,Mario Little,emmacoleman@example.org,Cameroon,2021-01-29,Standard,8072.76
4307,James Smith,harpersally@example.net,United States Minor Outlying Islands,2025-02-04,Standard,4592.95
4308,Maureen Waters,hayala@example.org,Cayman Islands,2025-10-13,Standard,8794.06
4309,Shawn Davis,frichard@example.org,Lao People's Democratic Republic,2022-08-31,Premium,4715.37
4310,Elizabeth Norman,dfoster@example.net,Mali,2022-07-14,Basic,8591.76
4311,Kristi Lucas,johnbrown@example.net,Marshall Islands,2021-03-07,Basic,5773.77
4312,Derek Dixon,oscarryan@example.net,Belize,2022-03-10,Standard,7761.64
4313,Nancy Clark,nicholas53@example.org,Saudi Arabia,2020-07-07,Standard,9420.82
4314,Lauren Thomas,carloswall@example.com,India,2020-09-16,Standard,6569.98
4315,Kayla Walls,joshua40@example.com,Gabon,2021-06-23,Basic,3013.25
4316,Daniel Graham,michael11@example.com,Mongolia,2020-06-30,Standard,2138.87
4317,Heather Rodriguez,reedgina@example.net,Bahamas,2021-06-01,Standard,805.06
4318,Philip Nguyen,murraydonna@example.com,Finland,2020-09-20,Basic,2747.73
4319,Brian Walter,blairalicia@example.net,Egypt,2023-08-23,Standard,6812.32
4320,David Pearson MD,phillipsjulie@example.com,Morocco,2022-04-25,Standard,5704.97
4321,Kathy Martin,basscharles@example.org,Maldives,2024-12-22,Standard,246.89
4322,Timothy Simmons,leekristen@example.net,Mayotte,2025-11-30,Basic,8292.95
4323,Anthony Taylor,allenmccullough@example.org,Micronesia,2022-08-15,Standard,6548.99
4324,Douglas Chambers,brent65@example.com,Faroe Islands,2025-05-28,Standard,7516.84
4325,Riley Andrade,jack48@example.org,United States Minor Outlying Islands,2025-05-15,Basic,8138.85
4326,Wendy Sanders,campbellkaren@example.org,Russian Federation,2024-01-07,Basic,9761.07
4327,Amy Beard,madelinegraham@example.org,Georgia,2021-11-04,Basic,4220.37
4328,Matthew Porter,joshuasalinas@example.com,Gibraltar,2025-08-14,Premium,5994.57
4329,Richard Rodgers,quinnpatricia@example.org,Germany,2021-12-25,Standard,1098.87
4330,Christopher Martin,ryan62@example.org,Bahamas,2025-09-12,Standard,3286.98
4331,Curtis Jackson,joneslauren@example.org,Saint Helena,2024-06-26,Premium,6810.81
4332,Sarah Mullins,jamesramos@example.net,Nepal,2021-11-01,Premium,815.73
4333,Kimberly Ramirez,smithtamara@example.com,Saint Lucia,2024-07-25,Standard,822.84
4334,Stacy Carson,nolancraig@example.com,Sweden,2025-03-01,Standard,1911.49
4335,Jesus Miller,joseph69@example.org,Belgium,2020-05-25,Premium,4087.90
4336,Tina Long,yray@example.com,United States of America,2021-11-10,Standard,4163.52
4337,Virginia Gonzalez,cervantesjesse@example.org,Puerto Rico,2021-09-01,Standard,4500.56
4338,Tracy Gilbert,heather42@example.org,Wallis and Futuna,2020-09-10,Basic,3285.91
4339,Erika Jenkins,troberts@example.net,South Georgia and the South Sandwich Islands,2022-02-08,Standard,6924.01
4340,Ashley Clark,marvindavis@example.net,United States Virgin Islands,2024-10-24,Standard,9565.10
4341,Christopher Webb,gregory90@example.com,Madagascar,2023-01-30,Premium,2261.88
4342,Jack Taylor,tylerklein@example.com,Romania,2020-11-21,Standard,5822.09
4343,Chad Wells,leon14@example.org,United Kingdom,2024-11-29,Basic,6001.66
4344,Pamela Francis,evan63@example.net,Puerto Rico,2024-05-09,Standard,9833.85
4345,Lisa Rodriguez,jesus20@example.com,Dominican Republic,2025-07-14,Standard,970.92
4346,Brian Wallace,prattkayla@example.net,Fiji,2025-11-22,Standard,286.62
4347,Carrie Weaver,michelle20@example.org,Ethiopia,2024-09-25,Standard,8589.32
4348,Molly Davis,mariaweaver@example.net,Armenia,2021-03-25,Basic,3564.73
4349,Melissa Miller,emily64@example.com,Morocco,2024-08-24,Premium,2073.64
4350,Kathy Cuevas,marcburgess@example.net,Iraq,2023-04-06,Premium,1015.10
4351,Lauren Smith,george28@example.org,Latvia,2021-06-22,Premium,5186.71
4352,Jeffrey Moss,paulrogers@example.net,Belize,2024-12-12,Basic,9158.26
4353,Johnny Cooley,paul68@example.com,Tanzania,2022-03-23,Standard,8216.45
4354,Ellen Cruz,shirleydeleon@example.com,Burundi,2020-01-01,Standard,6886.44
4355,Melissa Carter,gracenavarro@example.net,Equatorial Guinea,2023-12-06,Basic,4302.63
4356,Robert Harris,jennifersavage@example.org,South Georgia and the South Sandwich Islands,2021-09-15,Premium,712.47
4357,Brandy Morales,leonard62@example.com,Argentina,2025-09-26,Premium,2856.50
4358,Jeff Arellano,lmurphy@example.com,Sierra Leone,2025-07-04,Standard,3742.96
4359,Kimberly Johnson,morrisbrooke@example.net,China,2022-11-18,Basic,6442.44
4360,Peggy Holmes,benjamin54@example.com,Palau,2023-03-31,Basic,5663.68
4361,Steven Pena,stevenmcneil@example.net,Mauritius,2021-08-27,Basic,7361.25
4362,Tracy Thomas,acostajennifer@example.org,Nigeria,2023-07-07,Basic,8366.11
4363,Wendy Sparks,whiteaaron@example.net,Bulgaria,2022-09-12,Standard,1705.51
4364,James Mendez,znguyen@example.com,Grenada,2022-03-08,Basic,1735.54
4365,Peter Rojas,kevin28@example.com,Bolivia,2024-07-25,Standard,9531.37
4366,Calvin Collins,michaelbrown@example.net,Nepal,2021-12-15,Basic,8888.45
4367,Daniel Garcia,michael77@example.com,Tonga,2023-02-25,Standard,75.45
4368,Frederick Smith,garrettwillie@example.com,Slovakia (Slovak Republic),2023-08-07,Standard,6825.04
4369,Cheryl Wise,uruiz@example.org,Angola,2021-10-02,Premium,3685.71
4370,Joshua Murphy,choirobin@example.net,Mauritius,2024-03-26,Standard,3494.83
4371,Clayton Bush,kennethstevens@example.com,Poland,2022-08-12,Basic,8358.71
4372,Sean Thompson DVM,stephaniewright@example.org,Costa Rica,2024-08-24,Basic,1904.35
4373,Meagan Parker,ajones@example.net,Guadeloupe,2025-05-21,Standard,5940.07
4374,Sarah Mcdonald,larrygonzales@example.net,Cocos (Keeling) Islands,2022-03-22,Basic,1135.10
4375,Warren Mcdowell,katherine50@example.com,Mozambique,2022-02-08,Standard,8758.72
4376,Mckenzie Washington,sarahmorales@example.com,Hungary,2025-04-10,Premium,8570.80
4377,Jessica Price,dsmith@example.com,Guatemala,2022-04-01,Standard,2206.26
4378,Natalie Mcbride,pattonrobert@example.com,British Virgin Islands,2022-06-16,Basic,5270.66
4379,Emily Mccarty,plee@example.net,Mali,2020-08-09,Standard,3347.60
4380,Pamela Davenport,noahbecker@example.com,Guadeloupe,2024-10-18,Standard,2272.81
4381,Matthew Carter,jasmine65@example.net,Antarctica (the territory South of 60 deg S),2024-08-27,Premium,872.81
4382,Sonia Phillips,beckxavier@example.org,North Macedonia,2024-05-26,Standard,9957.49
4383,Dr. Sarah Brown,tonyahubbard@example.net,Mauritius,2024-10-30,Premium,9619.42
4384,Christina Aguirre,jhernandez@example.org,Mayotte,2021-09-08,Standard,3807.22
4385,Laura Castro,anthony70@example.org,Costa Rica,2022-08-23,Standard,5548.15
4386,Francisco Fitzgerald,haleyrodriguez@example.com,Anguilla,2023-07-08,Premium,3618.00
4387,Dr. Andrew Diaz,johnsonjeffery@example.com,Northern Mariana Islands,2023-11-22,Standard,7506.22
4388,Anne Berry,zking@example.org,Bahamas,2024-10-26,Premium,5286.31
4389,Anthony Ballard,briantaylor@example.com,Japan,2020-04-03,Basic,3902.99
4390,Daniel Ortiz,erobinson@example.net,Mauritania,2020-01-23,Premium,2604.83
4391,Erika Stein,juan23@example.com,Samoa,2022-01-18,Standard,4332.48
4392,Susan Montes,jenniferwelch@example.org,Bermuda,2020-11-08,Basic,9349.53
4393,Michele Serrano,andradesusan@example.net,Brazil,2021-04-07,Basic,7913.96
4394,Elaine Odonnell,fross@example.net,India,2023-11-02,Basic,5456.68
4395,Victor Davis,vayala@example.net,Moldova,2024-03-29,Standard,1407.89
4396,Brian Abbott,greg43@example.com,Saint Helena,2022-08-02,Basic,9868.07
4397,Andrew Anderson,fmontgomery@example.org,Puerto Rico,2024-09-16,Standard,556.34
4398,Laura Santana,jamesweber@example.org,Peru,2021-11-17,Standard,1017.46
4399,Mrs. Carolyn Newman MD,julielang@example.org,Dominican Republic,2024-01-29,Premium,1960.00
4400,Christina Wang,joshuafrederick@example.org,Samoa,2022-03-19,Basic,5418.68
4401,Susan Terry,heather01@example.org,Nauru,2025-02-17,Premium,3092.71
4402,Shawn Harper,cassidy03@example.net,Barbados,2025-10-02,Basic,2574.24
4403,Alexis Moreno,angela22@example.com,Albania,2021-09-10,Basic,1509.71
4404,James Smith,astein@example.org,Guinea,2023-11-19,Standard,5226.57
4405,Joseph Johns,yuannette@example.com,Slovakia (Slovak Republic),2020-05-08,Basic,833.65
4406,Lance Martinez,higginsstephanie@example.net,Ghana,2025-04-15,Basic,2346.04
4407,Cameron Barber,paige70@example.com,Suriname,2021-11-21,Basic,9667.29
4408,Elizabeth Barker,karenelliott@example.com,Mauritius,2021-10-17,Standard,3666.67
4409,Raven Conway,qblanchard@example.com,Jordan,2023-08-09,Premium,2732.36
4410,Ariel Kennedy,fowlermelissa@example.com,Latvia,2020-03-02,Basic,5521.39
4411,Michael Thomas,phillipsdeanna@example.net,Sweden,2023-01-08,Basic,5565.71
4412,Joseph Velazquez,iwallace@example.org,Cyprus,2024-02-14,Standard,1520.29
4413,Donna Hernandez,pamela07@example.org,Congo,2023-05-21,Basic,9343.27
4414,Richard Tucker,fbennett@example.org,Ghana,2023-06-23,Standard,639.83
4415,Alfred Kelly,kendra64@example.com,Liechtenstein,2021-09-19,Standard,7555.14
4416,Brandi Duarte,hayestamara@example.net,Faroe Islands,2021-12-28,Standard,6505.36
4417,Joseph Robinson,bradleyjames@example.net,Bulgaria,2023-04-02,Premium,9725.04
4418,Shawn Lewis MD,glennshane@example.org,Germany,2022-10-14,Premium,3408.70
4419,Jeffrey King,nicholas14@example.org,Latvia,2021-01-21,Standard,3693.42
4420,Nicole Martinez,dustinhamilton@example.org,Somalia,2025-11-08,Standard,2460.76
4421,Alejandro Curry,deborahfields@example.net,Equatorial Guinea,2023-08-09,Basic,3309.80
4422,Jamie Vazquez,robertlee@example.com,Latvia,2023-10-12,Basic,7573.68
4423,Shannon Brown,hudsonrick@example.com,United Kingdom,2025-08-08,Premium,1964.19
4424,Walter Caldwell,kenneth28@example.org,Honduras,2025-06-02,Standard,4855.39
4425,Thomas Church,thomaskimberly@example.com,Ireland,2022-10-04,Basic,959.61
4426,Lucas Morse,marthagraham@example.org,Czech Republic,2025-03-05,Premium,1250.69
4427,Christine Garza,erin72@example.org,British Indian Ocean Territory (Chagos Archipelago),2020-01-21,Standard,9565.34
4428,John Allen,mware@example.org,Guadeloupe,2023-06-06,Standard,2691.62
4429,William Brown,cynthia62@example.net,Slovakia (Slovak Republic),2024-01-08,Basic,3228.38
4430,Matthew Newton,djohnson@example.com,Haiti,2021-07-11,Basic,4316.85
4431,Tricia Jackson,vyoung@example.net,Western Sahara,2023-08-18,Standard,9946.81
4432,Brittany Austin,harriseric@example.net,Sao Tome and Principe,2021-02-27,Standard,3573.19
4433,Richard Frank,timothyzuniga@example.net,Colombia,2023-05-31,Basic,5939.29
4434,Alexis James,jennyskinner@example.net,Tanzania,2021-06-03,Basic,6250.67
4435,Mary Wilson,spencerjonathan@example.org,French Southern Territories,2024-08-14,Standard,1334.05
4436,Bradley Fuentes,christopherjones@example.net,Bolivia,2022-03-07,Standard,7930.38
4437,David Mccoy,lauren39@example.net,Latvia,2021-10-04,Basic,2136.71
4438,Shane Williams,hunterkevin@example.org,Nigeria,2024-10-28,Basic,6610.60
4439,Steven Rose,vsmith@example.net,Seychelles,2025-11-06,Basic,3235.33
4440,Joshua Farmer,jacob24@example.net,Haiti,2025-02-04,Standard,4673.86
4441,Robert Jones,matthewcombs@example.com,Nigeria,2022-11-16,Basic,2317.76
4442,Michael Wilson,rileystacy@example.com,Greenland,2022-01-17,Basic,5055.50
4443,Michael Peters,kimamy@example.net,Namibia,2021-08-18,Basic,2725.42
4444,Michael Smith,daniel88@example.net,Paraguay,2021-01-03,Premium,7441.21
4445,Kenneth Garcia,darrellwilcox@example.com,Somalia,2025-11-06,Basic,9387.50
4446,Marcus Alvarado,ambervelasquez@example.org,Lao People's Democratic Republic,2020-12-13,Basic,4178.15
4447,Brenda Pennington,whitakerjordan@example.org,Pakistan,2021-11-24,Standard,5136.37
4448,April Curry,zhammond@example.net,Nepal,2021-06-01,Premium,1410.56
4449,Ashley Lutz MD,haley31@example.net,Mexico,2020-04-25,Standard,5342.09
4450,Anthony Simpson,karen16@example.org,Poland,2025-07-02,Basic,5751.34
4451,Daryl Allen,contrerastaylor@example.org,France,2022-01-15,Basic,9921.69
4452,Jessica Jones,conniewilliamson@example.net,Liechtenstein,2024-07-21,Standard,7270.86
4453,Emily Stevens,elizabethtrujillo@example.com,Turkey,2021-07-03,Premium,4569.32
4454,Michael Smith,spencertimothy@example.net,Mali,2025-09-19,Standard,102.67
4455,Jessica Long,xmiller@example.com,Mauritius,2020-11-28,Basic,651.88
4456,David Benson,gwagner@example.com,British Virgin Islands,2025-03-04,Standard,8290.54
4457,Alexis Robinson,mariacline@example.org,Cape Verde,2024-10-12,Premium,6026.68
4458,Kyle Horne,zharris@example.net,Mayotte,2020-10-02,Standard,9707.14
4459,Ronnie Smith,erin16@example.net,Angola,2025-02-13,Standard,4485.48
4460,Robin Johnson,freemancorey@example.org,United States of America,2021-01-01,Basic,8984.24
4461,Joseph Pineda,shawndelacruz@example.net,British Virgin Islands,2022-02-27,Standard,9725.12
4462,Olivia Mason,paul98@example.net,Hong Kong,2025-11-06,Basic,1455.03
4463,Brianna Jennings,steven65@example.com,Micronesia,2025-11-17,Standard,2113.99
4464,Tina Li,carl67@example.net,Palau,2021-01-02,Standard,8971.80
4465,Sabrina Morton,delgadoalex@example.net,Djibouti,2021-08-26,Premium,2027.03
4466,Joshua Cooper,aunderwood@example.org,Malawi,2023-02-17,Standard,7700.10
4467,Michael Bell,virginia59@example.com,Nepal,2022-07-17,Standard,1924.14
4468,Kevin Short,james57@example.com,Switzerland,2023-05-24,Basic,8501.11
4469,Candice Lewis,rowejames@example.net,Romania,2025-09-13,Premium,1698.97
4470,Craig Nguyen,leeashley@example.com,Jamaica,2025-03-10,Premium,5052.81
4471,Kathryn Berry,barbarawilliams@example.com,Poland,2021-09-15,Basic,3357.24
4472,Shannon Mcdonald,danielle48@example.org,Korea,2021-11-07,Basic,4255.05
4473,Lynn French,austinthomas@example.net,Angola,2024-10-07,Standard,4190.43
4474,Mr. Chad Taylor,jamesamber@example.org,Guyana,2023-05-18,Basic,972.44
4475,Anna Nelson,josephbaker@example.com,Saint Martin,2020-11-13,Standard,299.06
4476,Courtney Campbell,kimberlycollins@example.com,Congo,2020-09-09,Standard,7008.80
4477,Melissa Ware,josephmendez@example.com,Zambia,2025-06-05,Standard,6013.11
4478,Zachary Lewis,watersbeth@example.org,Netherlands Antilles,2020-05-31,Basic,3738.71
4479,Olivia Bryant,melissajohnson@example.com,United States Minor Outlying Islands,2023-09-09,Standard,6001.10
4480,Christopher Sherman,haileykelly@example.com,Kuwait,2020-04-23,Standard,4140.59
4481,Robert Collier,robertyoung@example.com,Bermuda,2023-04-30,Basic,204.58
4482,Brent French,macosta@example.org,New Zealand,2025-06-02,Premium,1009.20
4483,Jennifer Evans,krodriguez@example.net,Lao People's Democratic Republic,2020-11-06,Basic,3478.81
4484,Gary Calderon,nicolehamilton@example.org,Slovakia (Slovak Republic),2024-10-12,Basic,3208.74
4485,Michael Sutton,gregorymichael@example.net,Mongolia,2022-03-23,Premium,9016.43
4486,Christopher Kidd,robert46@example.com,Iraq,2021-09-20,Basic,9936.65
4487,Melissa Kerr,sarahtaylor@example.org,Slovakia (Slovak Republic),2023-09-28,Standard,9799.07
4488,Alexander Brown,stodd@example.org,Eritrea,2023-03-07,Standard,1404.79
4489,Ronald Gutierrez,qfoley@example.com,Haiti,2022-10-31,Standard,5002.84
4490,Terrance Soto,omarquez@example.com,Saint Kitts and Nevis,2023-06-12,Standard,7792.05
4491,Kevin Liu,jennifer26@example.com,Western Sahara,2020-03-13,Basic,7964.70
4492,Crystal Nguyen,dboone@example.org,Sweden,2024-08-11,Standard,8415.72
4493,Michelle Donaldson,martinezkathy@example.com,Albania,2025-04-01,Basic,7641.77
4494,Lisa Foster,pauladelacruz@example.org,Estonia,2020-05-13,Basic,5202.48
4495,Nicole Lawrence,williamsmelissa@example.net,Vietnam,2024-09-29,Premium,3730.00
4496,Christopher Mitchell,ronaldblankenship@example.net,Isle of Man,2025-11-17,Standard,3223.27
4497,Matthew Martinez,jasmine04@example.com,Venezuela,2021-01-02,Standard,5049.09
4498,Dennis Avery,andersonkelly@example.com,Cambodia,2025-01-29,Standard,7355.49
4499,Benjamin Ward,robert32@example.net,Maldives,2025-10-11,Premium,9396.95
4500,Kelly Love,ghuffman@example.com,Bahrain,2020-11-30,Premium,5796.35
4501,Alec Wilson,katherine55@example.net,Spain,2020-02-11,Basic,7596.44
4502,Jessica Jones,vtorres@example.com,Western Sahara,2020-12-04,Basic,6464.81
4503,Ronald Brewer,blevinspaul@example.net,Reunion,2020-12-24,Premium,1203.15
4504,Pamela Bennett,edwardsalazar@example.org,Sudan,2021-03-31,Standard,701.86
4505,Trevor Park,joseph46@example.org,Cameroon,2022-01-03,Standard,6876.86
4506,Brian Rogers,xstewart@example.org,Bosnia and Herzegovina,2022-02-20,Basic,7791.77
4507,Taylor Brown,kevin48@example.net,United Arab Emirates,2021-08-11,Standard,6158.53
4508,Steven Rollins,lori44@example.com,Morocco,2025-03-28,Standard,2459.23
4509,Sylvia Johnson,nathanalvarez@example.org,North Macedonia,2025-05-09,Standard,9983.45
4510,Jacqueline Clay DVM,alexandra00@example.org,Sao Tome and Principe,2022-12-24,Standard,893.17
4511,Bill Rowland,richard75@example.net,Palau,2022-06-19,Standard,6307.14
4512,Robert Harmon,michellejohnson@example.org,Falkland Islands (Malvinas),2020-07-31,Basic,344.23
4513,Crystal Johnson,cynthia48@example.com,Senegal,2024-06-05,Premium,5922.34
4514,Kyle Guzman,olsonsheila@example.org,Philippines,2025-09-04,Premium,9853.75
4515,Tanner Bryant,amy16@example.com,Tanzania,2021-06-07,Standard,8666.49
4516,Paul Hunt,paul29@example.com,Kazakhstan,2025-05-18,Standard,397.75
4517,Sheila Short,johnwatson@example.net,Anguilla,2023-07-22,Basic,1452.77
4518,Michael Gray,lpayne@example.com,Svalbard & Jan Mayen Islands,2025-09-01,Standard,5457.32
4519,Troy Mitchell,harrisjocelyn@example.net,South Georgia and the South Sandwich Islands,2023-02-28,Premium,4207.18
4520,Bobby Russell,tammy53@example.net,Spain,2022-08-12,Standard,3545.90
4521,Robin Mathews,ray81@example.net,Palestinian Territory,2024-03-11,Premium,3684.38
4522,Dawn Quinn,huangfelicia@example.org,Norway,2022-11-16,Standard,6403.05
4523,Ronald Acevedo,,Malaysia,2020-02-26,Basic,95.61
4524,Carol Le,nicholas41@example.com,Oman,2020-09-19,Basic,4935.53
4525,Kelly Matthews,alicia47@example.com,Argentina,2020-06-17,Standard,8666.92
4526,Robin Garcia,mharris@example.org,Lesotho,2025-05-26,Basic,7508.18
4527,Eric Massey,kenneth24@example.org,Turks and Caicos Islands,2023-01-15,Premium,7300.70
4528,Larry Hall,anitasexton@example.org,Kiribati,2020-04-09,Basic,6549.91
4529,Sonya Luna,samuelbrewer@example.com,Saint Kitts and Nevis,2023-09-20,Standard,4157.56
4530,Michele Giles,dmartin@example.net,Poland,2020-08-27,Standard,4794.95
4531,Michael Martinez,bruce48@example.net,Grenada,2021-03-19,Standard,2996.68
4532,Christina Brown,dyoung@example.com,Yemen,2024-08-31,Basic,2705.17
4533,Michelle Brown,frankrogers@example.com,Somalia,2024-12-18,Basic,3430.59
4534,Amber Johnson,csmith@example.net,Anguilla,2025-03-07,Standard,4486.69
4535,Randy Simmons,kwilson@example.org,Holy See (Vatican City State),2022-06-24,Basic,8902.44
4536,Sarah Williamson,christopher36@example.net,United Arab Emirates,2024-08-27,Basic,6015.07
4537,Brent Lynch,sheltonjamie@example.com,Cote d'Ivoire,2025-11-17,Premium,9067.62
4538,Kathleen Ruiz,taylor23@example.org,Jordan,2020-04-27,Basic,1363.15
4539,Emma Barber,martinezlance@example.org,United Arab Emirates,2021-06-22,Standard,9413.96
4540,Bobby Hodges,karenphillips@example.net,Andorra,2022-04-22,Basic,4521.48
4541,Troy Long,kristen84@example.net,Slovenia,2024-12-23,Standard,1833.98
4542,William Padilla,angelabrown@example.net,Netherlands Antilles,2020-08-02,Premium,6013.90
4543,Michael Mendez,aprilcooper@example.org,Rwanda,2025-05-11,Premium,3073.17
4544,Lisa Summers,omartinez@example.org,Bolivia,2025-03-19,Standard,8325.59
4545,Debbie Johnson,billy15@example.com,San Marino,2022-02-07,Basic,6036.88
4546,Rachel Woods,phill@example.com,Cote d'Ivoire,2023-10-15,Standard,1905.80
4547,Jacob Rivas,reyesjennifer@example.com,China,2024-03-14,Standard,4849.52
4548,Christopher Garcia,olittle@example.net,Nepal,2023-06-30,Basic,8120.75
4549,Brandy Kelly,davidwilkins@example.org,Luxembourg,2024-02-11,Premium,77.94
4550,Tony Aguirre,brandonhaynes@example.net,Aruba,2021-01-15,Premium,477.88
4551,Robert Howell,matasheila@example.com,Yemen,2021-02-10,Basic,4554.69
4552,Christine Vasquez,jacquelinepowell@example.org,Bahrain,2021-01-14,Standard,6477.27
4553,Brittany Padilla,jessehall@example.net,Palau,2025-07-01,Standard,8689.50
4554,Sharon Blanchard,smartinez@example.net,Holy See (Vatican City State),2020-08-17,Basic,1258.44
4555,Melissa King,ricardo47@example.com,Pitcairn Islands,2021-02-20,Basic,9562.45
4556,Miranda Farley,zramirez@example.com,United States of America,2021-12-27,Standard,8643.01
4557,Crystal Lucas,jacksoneddie@example.com,Guyana,2020-09-30,Premium,654.45
4558,Emily Kline,reynoldsdaniel@example.net,American Samoa,2021-10-14,Premium,1745.58
4559,Kyle Neal,josephlee@example.org,Argentina,2023-08-09,Standard,7867.88
4560,Tonya Summers,marvindickson@example.net,Netherlands,2025-08-12,Premium,2125.59
4561,Theresa Cooper,lindseymay@example.com,Guinea-Bissau,2022-08-05,Standard,3529.36
4562,Jessica Bryan,gpatrick@example.org,Indonesia,2022-11-24,Basic,3348.50
4563,Kelly Schultz,bwhite@example.com,Uganda,2020-01-14,Premium,2621.57
4564,Nathan Barnes,jason02@example.net,Tonga,2024-10-31,Standard,7288.26
4565,Jessica Hart,denisekim@example.com,Barbados,2020-06-09,Standard,2786.24
4566,Briana Hartman,ochandler@example.org,Tanzania,2021-04-10,Basic,3630.72
4567,Courtney Williams,sharontran@example.org,Czech Republic,2024-06-21,Basic,1379.66
4568,Natasha Tanner,carlosdickson@example.com,Lesotho,2025-03-29,Basic,2013.03
4569,Kaitlyn Garcia,gabriel26@example.org,Nigeria,2021-02-23,Basic,783.29
4570,Joshua Zhang,cwallace@example.org,El Salvador,2023-04-22,Premium,7398.36
4571,Cindy Green,hmora@example.com,Guatemala,2020-01-26,Standard,4376.75
4572,Bianca Nichols,christopher86@example.org,Isle of Man,2020-11-26,Standard,8204.23
4573,Stephanie Kelley,brettestes@example.org,Croatia,2025-09-29,Standard,8164.50
4574,Michelle Moreno,erika06@example.org,Mauritius,2024-03-29,Standard,394.40
4575,Jessica David,diane04@example.org,Montserrat,2022-05-02,Standard,7998.74
4576,Diana Jones,stephanie54@example.org,Spain,2025-08-05,Basic,1747.81
4577,Jessica Sutton,eblake@example.com,Senegal,2023-11-05,Basic,3954.60
4578,Michael Gomez,grahamryan@example.com,Macao,2021-03-07,Basic,3564.40
4579,Alec Lynn,wfrank@example.org,Saint Martin,2023-08-19,Basic,8202.40
4580,Todd Gutierrez,baileyhunter@example.net,India,2024-04-04,Standard,364.84
4581,Melvin Griffin,xobrien@example.net,Egypt,2022-06-05,Basic,4154.17
4582,Emily Adams,todd01@example.org,Suriname,2021-01-22,Standard,4914.94
4583,Destiny Crawford,laura86@example.com,Peru,2023-03-26,Premium,3408.99
4584,Christopher Brown,nnguyen@example.net,Kiribati,2023-03-14,Basic,408.46
4585,Deanna Garner,carpentermegan@example.net,Togo,2021-05-20,Basic,5137.96
4586,Alexander Conrad,chasebrown@example.org,Hungary,2025-06-28,Standard,2468.83
4587,Amber Mendoza,johnsongina@example.net,Iran,2024-10-04,Premium,4869.57
4588,Michael Jensen,vmitchell@example.com,Bahamas,2023-12-19,Basic,1483.35
4589,Jennifer Wright,jeanperez@example.com,Croatia,2022-06-10,Premium,5980.41
4590,Andrea Patterson,gainescassie@example.net,Kuwait,2024-11-13,Basic,34.56
4591,Ms. Tara Smith,mackenzie46@example.com,Ireland,2020-08-01,Standard,6650.58
4592,Danny Ward,andersondaniel@example.com,Turks and Caicos Islands,2023-10-19,Basic,8997.41
4593,Alexander Clements,connernicholas@example.net,Egypt,2023-02-07,Standard,6837.62
4594,Mary Mccullough,stevenberg@example.net,Nicaragua,2022-05-03,Premium,3069.24
4595,Maria Medina,kimberlyburke@example.com,Guatemala,2025-09-27,Basic,9763.19
4596,Martin Thompson,kristichan@example.net,Papua New Guinea,2021-03-07,Standard,691.23
4597,Robert Houston,myerszachary@example.org,Slovenia,2024-11-21,Standard,7667.53
4598,Crystal Monroe,vellis@example.net,Colombia,2020-09-10,Standard,5773.54
4599,Ms. Karen Price,chambersdaniel@example.com,Central African Republic,2020-03-03,Basic,591.21
4600,Kevin Scott,hilljames@example.org,Netherlands,2021-05-19,Standard,9116.72
4601,Anthony Solis,ajones@example.com,Antarctica (the territory South of 60 deg S),2023-12-19,Basic,4823.44
4602,Geoffrey Hernandez,etaylor@example.net,Niue,2020-12-16,Standard,6058.54
4603,Alice Fletcher,theresa68@example.com,Anguilla,2023-04-25,Basic,6571.37
4604,Jessica Odom,charlesdavis@example.net,Kenya,2023-08-11,Standard,6099.35
4605,Micheal Barber,hannah18@example.net,El Salvador,2025-03-01,Standard,1250.92
4606,Mr. Brian Kennedy,zferguson@example.net,Iraq,2020-10-08,Basic,9098.98
4607,Robin Dudley,irobinson@example.com,Netherlands Antilles,2021-06-15,Basic,4369.07
4608,Erin Williams,morannicholas@example.net,Mauritania,2023-03-09,Standard,7465.50
4609,Jeffrey Bishop,jeremyrussell@example.net,Sierra Leone,2021-03-16,Standard,306.45
4610,Brian Kirk,uperez@example.com,Cuba,2022-02-14,Standard,661.59
4611,Sheri Smith,brittanywang@example.org,Slovakia (Slovak Republic),2023-02-19,Basic,8026.64
4612,Holly Griffin,aliciaortega@example.org,Colombia,2023-07-29,Premium,3639.56
4613,Rachel Murray,troy45@example.com,Cape Verde,2020-11-27,Basic,4411.65
4614,Christina Moore,jessica68@example.net,Kazakhstan,2024-03-06,Standard,511.26
4615,Walter Solis,ibradford@example.net,Cayman Islands,2020-01-15,Basic,9106.92
4616,Jeremy Johnson,wendykelley@example.net,Kazakhstan,2021-02-01,Standard,7211.25
4617,Pamela Little,hadams@example.com,Saint Lucia,2020-11-11,Basic,1271.44
4618,Grant Shah,ssummers@example.com,Peru,2024-03-31,Standard,759.87
4619,Corey Hernandez,kenneth92@example.org,Slovakia (Slovak Republic),2020-08-16,Basic,4039.60
4620,Michael Lee,leslie79@example.com,Zimbabwe,2021-05-23,Standard,289.51
4621,Kimberly Thomas,kaisereric@example.com,Tanzania,2023-08-23,Premium,7229.99
4622,Douglas Campbell,williamgarcia@example.com,French Polynesia,2020-12-07,Standard,1923.01
4623,Tracy Quinn,ellenhernandez@example.net,Isle of Man,2022-09-27,Premium,5348.03
4624,Jacob Stout,scottanderson@example.net,Lao People's Democratic Republic,2023-08-21,Standard,506.20
4625,Patricia Hernandez,hansendrew@example.com,United States of America,2021-07-02,Standard,6635.82
4626,April Branch,frances87@example.org,Algeria,2025-08-08,Basic,4412.34
4627,Ralph Peterson,amandabrown@example.org,Ukraine,2022-10-28,Standard,3308.31
4628,Kimberly Hughes,boylejames@example.com,Ireland,2024-11-11,Standard,5531.44
4629,Jacqueline Petersen,zhangmichael@example.com,Falkland Islands (Malvinas),2022-03-26,Standard,3773.38
4630,Robert Black,catherinewebster@example.net,Germany,2025-05-23,Premium,4305.92
4631,Leah Reynolds,johnsonkaren@example.net,Zambia,2023-07-21,Premium,4601.17
4632,Judy Dawson,jessicakeller@example.net,Trinidad and Tobago,2020-03-22,Premium,6112.16
4633,Laura Herrera,andrew45@example.org,Maldives,2024-01-07,Standard,9726.42
4634,Kelly Merritt,suzannehernandez@example.com,Timor-Leste,2020-04-16,Basic,1354.55
4635,James Flynn,jennifer03@example.com,China,2023-09-03,Standard,3099.92
4636,William Brandt,eric63@example.com,Austria,2025-01-28,Premium,6071.88
4637,Adam Summers,brandon95@example.net,Slovakia (Slovak Republic),2021-05-21,Basic,869.00
4638,Amanda Fry,rlopez@example.net,Slovakia (Slovak Republic),2021-02-15,Basic,367.14
4639,John Martin,arthurramos@example.com,Zambia,2021-10-11,Premium,6436.41
4640,Michael Jones,knunez@example.com,Eritrea,2025-05-25,Basic,4276.79
4641,Sharon Mitchell,hurstmegan@example.org,Estonia,2020-07-01,Standard,2395.40
4642,Tanya Montes,brandonnavarro@example.org,Latvia,2023-08-13,Basic,9360.85
4643,Kelli Vaughn,thomastodd@example.net,Northern Mariana Islands,2021-11-25,Basic,4686.28
4644,John Atkins,kimberlybuchanan@example.com,Benin,2024-02-17,Basic,7894.91
4645,Jill Watkins,frenchchristopher@example.org,Lithuania,2022-08-18,Standard,4769.24
4646,Sean Thomas,davidfowler@example.net,New Caledonia,2024-02-02,Premium,4031.63
4647,Sandra Ortiz,hebertjonathan@example.com,Comoros,2025-09-09,Standard,7678.80
4648,Jillian Johnson,alexandriakelly@example.com,Bulgaria,2023-07-22,Standard,8624.71
4649,Melissa Decker,clarkmark@example.org,Pakistan,2024-12-31,Standard,7538.47
4650,Bryan Fitzgerald Jr.,ramseyjamie@example.net,Marshall Islands,2023-07-29,Standard,5054.70
4651,Donald Watson,oreynolds@example.com,Guinea,2023-04-30,Standard,3132.08
4652,Gary White,trevinomatthew@example.org,Palestinian Territory,2021-12-22,Standard,2811.24
4653,Lindsay Webb,carl88@example.org,Malawi,2025-01-05,Standard,2286.22
4654,Michael Roth,christopher61@example.com,Germany,2025-05-05,Basic,3499.29
4655,Janice Chavez,bdouglas@example.net,Andorra,2025-07-18,Premium,1042.40
4656,Matthew Black,kimberlyyoung@example.org,Turkmenistan,2022-08-23,Standard,8551.03
4657,Lisa Combs,allison81@example.org,Saint Kitts and Nevis,2022-05-01,Standard,6483.49
4658,John Butler,cindy52@example.net,Estonia,2023-09-08,Premium,2246.28
4659,Hannah Johnson,johnreynolds@example.org,Guernsey,2021-07-24,Premium,2859.74
4660,Christopher Wood,melissanguyen@example.com,Kenya,2023-01-18,Standard,4664.11
4661,Samantha Lewis,obrown@example.net,Fiji,2021-08-05,Standard,7892.34
4662,Laura Martin,alan03@example.org,India,2023-04-29,Standard,238.13
4663,Cassie Walker,christopher05@example.net,Costa Rica,2020-02-19,Standard,6649.78
4664,Michael Tran,roblesmartin@example.com,Korea,2023-03-22,Standard,9509.77
4665,Edward Parks,rodriguezdeanna@example.org,Mexico,2023-01-01,Standard,6171.20
4666,Richard Warren,zimmermanrobert@example.org,Saint Martin,2021-08-01,Standard,6486.51
4667,Elizabeth Rivers,rramirez@example.net,British Virgin Islands,2024-01-24,Premium,6401.33
4668,Dominique Watson,millerwilliam@example.net,Benin,2020-05-14,Premium,6091.10
4669,David Lara,margaret14@example.org,Heard Island and McDonald Islands,2023-02-04,Standard,2354.86
4670,Timothy Cooper,mlawrence@example.com,Ecuador,2025-06-13,Basic,335.91
4671,Shannon Morgan,nbaker@example.com,French Guiana,2024-12-05,Standard,1363.04
4672,Dr. Christy Meyer,karenreid@example.com,French Guiana,2025-09-09,Standard,8433.99
4673,Nicole Harper,josephcowan@example.com,Slovenia,2024-09-28,Premium,6414.30
4674,John Thomas,dbarnett@example.com,Liberia,2022-06-30,Basic,9458.49
4675,Lori Rowe,christina35@example.com,Togo,2023-06-15,Basic,5603.07
4676,Nicholas Anderson,nicole68@example.net,Saint Pierre and Miquelon,2023-12-28,Standard,4542.78
4677,Gregory Patterson,crystalvillarreal@example.com,Slovenia,2024-12-09,Standard,1640.84
4678,Cynthia Holden,ebaker@example.net,Lebanon,2021-01-06,Standard,6055.89
4679,Susan Price,pjohnson@example.com,Macao,2021-01-24,Standard,6985.68
4680,Tony Roberts,jacqueline66@example.com,Bermuda,2025-02-11,Premium,4844.15
4681,Laura West,owright@example.org,Congo,2025-08-31,Basic,9233.43
4682,Jason Mayer,joshua50@example.net,Iraq,2025-06-07,Standard,7380.86
4683,Christopher Rhodes III,cherylespinoza@example.org,Norfolk Island,2022-03-02,Basic,4717.18
4684,Jacqueline Moore,psmith@example.com,Antarctica (the territory South of 60 deg S),2023-01-02,Basic,9535.44
4685,Allison Marquez,karl61@example.net,Saint Barthelemy,2021-03-11,Basic,9016.22
4686,Jordan Hull,morrowpatrick@example.com,Estonia,2024-05-22,Standard,9663.90
4687,Miguel Brown,martinjerry@example.org,Saint Lucia,2024-11-02,Basic,9682.68
4688,Lisa West,jenkinssara@example.com,Georgia,2020-05-13,Standard,8343.78
4689,Patrick Weaver,gomezharry@example.org,Guyana,2025-01-27,Basic,6886.99
4690,Christina Butler,zdouglas@example.net,Turkey,2023-02-09,Basic,2584.54
4691,Daniel Stone,ecolon@example.com,Anguilla,2022-05-23,Standard,811.01
4692,Stacy Skinner,scottdiana@example.com,Burkina Faso,2023-01-20,Standard,338.42
4693,Sheri Peterson,perryandrea@example.com,Christmas Island,2020-08-07,Standard,9597.47
4694,Brenda Pollard,woodardkevin@example.org,South Georgia and the South Sandwich Islands,2021-01-25,Standard,8496.15
4695,Patricia Mcmillan,morrisgrant@example.net,Sierra Leone,2025-02-23,Basic,7142.42
4696,Edward Coleman,mooredaniel@example.net,Paraguay,2023-02-21,Standard,2298.49
4697,Samantha Wade,egarza@example.org,Mauritius,2021-04-08,Standard,6631.14
4698,Jeffrey Anderson,steven67@example.org,Tonga,2021-04-27,Standard,8704.00
4699,Travis Perry,bakerkyle@example.net,Svalbard & Jan Mayen Islands,2020-06-02,Standard,6055.14
4700,Robert Kelly,michael16@example.org,Cuba,2024-04-06,Premium,7415.94
4701,Adam Williams,khall@example.com,Solomon Islands,2020-07-11,Basic,4265.95
4702,David Fields,mirandataylor@example.net,Equatorial Guinea,2020-01-16,Standard,6376.33
4703,Brittany Taylor,cdavis@example.net,Belgium,2020-07-04,Basic,238.05
4704,Lisa Patterson,joshua47@example.net,Malaysia,2024-07-13,Standard,7393.34
4705,Christopher Lee MD,williamgriffin@example.org,Macao,2022-04-10,Standard,6782.10
4706,Dennis Williams,faulknermark@example.net,Estonia,2025-03-25,Standard,6600.97
4707,Laura Smith,lisa40@example.com,Tunisia,2024-11-07,Basic,7235.67
4708,Ryan Ryan,kurthansen@example.com,Benin,2021-01-19,Premium,1197.84
4709,Alexander Brown,chelsey38@example.net,Japan,2021-08-02,Standard,464.29
4710,Jeremy Kidd,michaelpittman@example.org,Fiji,2023-03-26,Basic,7086.96
4711,Jill Byrd,humphreyjamie@example.com,Indonesia,2021-03-08,Basic,9966.96
4712,Maria Martinez,morristimothy@example.org,Turks and Caicos Islands,2023-06-20,Standard,5010.07
4713,Angie Morgan,emilybrady@example.com,China,2024-06-18,Standard,2188.28
4714,James Parks,edwardssherry@example.net,Trinidad and Tobago,2024-07-24,Basic,2090.47
4715,Laura Jordan,kristin09@example.com,Greece,2020-01-04,Standard,655.23
4716,Kathleen Davis,rodgerscarl@example.net,Jamaica,2021-04-08,Standard,6175.26
4717,Brittney Mata,earmstrong@example.com,Vanuatu,2024-10-18,Standard,3589.98
4718,Mr. Brett Marquez III,andrearoberts@example.org,Italy,2021-12-13,Standard,6503.65
4719,Jacob Page,michellenicholson@example.net,Syrian Arab Republic,2023-11-25,Standard,8853.21
4720,Christine Prince,,Cook Islands,2024-12-03,Basic,4446.50
4721,Daniel Greene,qvalenzuela@example.org,Guernsey,2022-06-08,Premium,1214.31
4722,Reginald Walters,oporter@example.org,Sierra Leone,2020-03-12,Basic,7099.11
4723,Christopher Perez,christopherwalters@example.org,Slovakia (Slovak Republic),2023-11-29,Standard,944.09
4724,Cynthia Burton,baileyjonathan@example.org,French Guiana,2021-09-07,Standard,9468.08
4725,Jennifer Miller,kevincruz@example.org,Turks and Caicos Islands,2022-01-17,Basic,426.37
4726,Anna Davila,victoria01@example.com,Bangladesh,2022-06-06,Standard,4615.93
4727,Nicole Summers,kenneth66@example.com,Jordan,2025-01-16,Premium,3744.19
4728,Richard Dougherty,phillipsemily@example.org,Montserrat,2025-09-27,Premium,7869.33
4729,Christopher Wheeler,lindakelly@example.com,Norfolk Island,2023-01-09,Basic,5614.83
4730,Jonathon Johnson,valerieweeks@example.org,Lesotho,2022-10-21,Basic,3727.54
4731,Carlos Walker,jmoses@example.net,Benin,2020-06-08,Premium,9399.62
4732,Tina Davis,kathyallen@example.com,Paraguay,2020-12-12,Standard,7598.62
4733,Kelly Riggs,maria06@example.org,Panama,2023-06-08,Standard,6719.00
4734,Dillon Smith,matthew36@example.com,Bosnia and Herzegovina,2023-05-23,Basic,8672.93
4735,Aaron Brown,brownvictor@example.net,French Polynesia,2020-08-31,Basic,4219.97
4736,Richard Perez,abbotterin@example.com,Senegal,2025-02-05,Standard,9532.63
4737,Billy Vazquez,tammy77@example.org,Timor-Leste,2021-01-27,Standard,8156.24
4738,Breanna Young,davisalexis@example.com,Niger,2021-01-09,Basic,9214.28
4739,Troy Tucker,howardsandra@example.com,Czech Republic,2022-05-13,Standard,6808.22
4740,Timothy Valdez,kramergary@example.com,Papua New Guinea,2024-08-27,Premium,3865.00
4741,Ellen Cook,jordan82@example.com,Guatemala,2023-05-29,Basic,9954.49
4742,David Brady,derek03@example.org,Slovenia,2023-10-07,Standard,8193.33
4743,Pamela Stanley,dmcconnell@example.net,Western Sahara,2020-11-02,Premium,3136.73
4744,Anthony Henson,katherine37@example.net,Cyprus,2022-04-30,Basic,8558.18
4745,Timothy Simmons,smithchristine@example.org,Uganda,2024-07-26,Standard,3342.08
4746,Melissa Trevino,iobrien@example.net,Somalia,2025-02-25,Basic,2276.86
4747,Robert White,tylerbanks@example.com,Greece,2021-09-12,Standard,6090.21
4748,Michael King,shirleytaylor@example.com,Mali,2021-02-24,Standard,4786.68
4749,Erika Joseph,smithbrittany@example.org,Equatorial Guinea,2024-02-08,Standard,2564.90
4750,Joshua Thompson,william91@example.com,Equatorial Guinea,2022-11-07,Standard,6828.06
4751,Bryan Graham,coopersavannah@example.org,Nigeria,2021-08-22,Premium,7416.09
4752,Diane Olson,zmendoza@example.net,Guernsey,2022-06-10,Standard,6856.53
4753,Jennifer Johnson,garciasteven@example.net,Russian Federation,2023-10-31,Basic,1300.63
4754,Jason James,heidigonzalez@example.net,Ukraine,2020-06-05,Standard,4073.84
4755,Mary Bennett,emily94@example.org,Ethiopia,2022-06-07,Premium,7022.61
4756,Julia Powell,timothy04@example.net,Kyrgyz Republic,2020-01-31,Standard,927.08
4757,Colleen Herrera DDS,tannerlauren@example.net,Indonesia,2020-04-17,Premium,3185.06
4758,Todd Gentry,nicolewhite@example.net,Italy,2021-07-11,Premium,814.44
4759,Erin Mason,hmacdonald@example.com,Austria,2025-12-15,Basic,9215.56
4760,Mr. James Haas,kbrown@example.org,South Georgia and the South Sandwich Islands,2025-02-28,Premium,7272.01
4761,Dr. Theresa Brown,fmoore@example.net,Burundi,2022-03-15,Premium,4156.41
4762,Andrew Chang,angel84@example.com,Madagascar,2022-04-27,Standard,609.14
4763,Barbara Brown,jessewheeler@example.com,Marshall Islands,2023-02-09,Standard,364.86
4764,Amy Robles,pjones@example.org,North Macedonia,2021-05-11,Standard,9202.70
4765,Sarah Perry,daniel64@example.net,Czech Republic,2023-05-09,Standard,5947.81
4766,Corey Phillips,nathanielvargas@example.org,Bhutan,2024-04-23,Standard,5400.27
4767,Laurie Wade,markmoore@example.com,Iraq,2023-07-29,Premium,3521.68
4768,Brandon Casey,anthony72@example.com,Zambia,2021-12-28,Premium,5443.42
4769,Terri Juarez,ltran@example.net,Sierra Leone,2022-09-17,Standard,8860.53
4770,Mark Garcia Jr.,coledouglas@example.org,Iraq,2025-09-01,Premium,4680.15
4771,Melanie Shelton,david47@example.org,Zimbabwe,2023-04-10,Premium,6410.85
4772,Elizabeth Mejia DDS,gina38@example.net,Nicaragua,2023-07-02,Premium,3669.40
4773,Robert Whitehead,corey72@example.org,Comoros,2022-06-10,Premium,5896.50
4774,Rebecca Walker,huffmanandrea@example.net,New Zealand,2023-09-03,Basic,9963.31
4775,Heather Fox,mark49@example.net,Senegal,2024-04-25,Standard,420.58
4776,Sydney Bonilla,kristenhobbs@example.org,Saint Lucia,2022-07-29,Standard,5173.04
4777,Fernando Payne,benjamin19@example.org,Zimbabwe,2022-10-17,Premium,5858.71
4778,Richard Sims,patricia51@example.com,Lesotho,2020-02-29,Basic,8481.78
4779,Jessica Sharp,welchnicholas@example.com,Iran,2023-07-19,Standard,2916.64
4780,Bobby Gutierrez,renee63@example.org,Tajikistan,2025-03-07,Standard,9930.02
4781,Matthew Simmons,nevans@example.net,Palau,2022-10-01,Standard,6382.45
4782,Frances Nelson,allendavid@example.org,Western Sahara,2021-11-18,Basic,1588.90
4783,Rachel Cox,elizabethchavez@example.net,Angola,2025-10-19,Premium,9977.64
4784,David Webb,andradejennifer@example.com,Honduras,2023-01-19,Standard,6199.83
4785,Donald Lewis,matthew39@example.org,Benin,2025-12-16,Basic,5640.27
4786,Angela Reid,nporter@example.com,Costa Rica,2024-08-16,Premium,4486.81
4787,Erica Gallagher,ericasimmons@example.org,Swaziland,2024-03-27,Standard,2204.02
4788,Erin Walker,jeffrey46@example.com,Christmas Island,2023-01-25,Standard,4805.17
4789,Maria Miller,pamela19@example.org,Wallis and Futuna,2021-06-12,Basic,5023.74
4790,Alyssa Miller,jesuslee@example.net,Denmark,2020-04-05,Standard,5249.80
4791,Sarah Johnson,stephen89@example.org,Maldives,2021-08-21,Standard,6707.67
4792,Mrs. Susan Gonzales,aramirez@example.com,Italy,2021-03-16,Standard,6865.36
4793,Maurice Sanders,nstewart@example.net,Ecuador,2023-09-01,Premium,2743.72
4794,Gerald Thomas,reidjoanna@example.com,Papua New Guinea,2022-12-23,Standard,9879.38
4795,Perry Holloway,amber25@example.net,Rwanda,2023-09-22,Basic,5789.84
4796,Wesley Patterson,manderson@example.org,Iran,2024-05-31,Premium,4293.95
4797,Edward Lester,davisscott@example.org,Bangladesh,2022-12-30,Standard,5240.71
4798,Lisa Wilcox,sandra45@example.org,Romania,2024-09-13,Standard,7603.39
4799,Whitney Watkins,priscillawiley@example.com,Turkey,2025-10-08,Basic,5810.58
4800,Mr. Christopher Guzman,julieknight@example.net,Macao,2020-01-15,Standard,3629.44
4801,Vickie Bradshaw,christy53@example.com,Bolivia,2022-04-13,Premium,8068.59
4802,Michael Bates,garciajason@example.net,Cayman Islands,2024-04-25,Standard,9635.57
4803,Michael Olson,cware@example.net,Guam,2021-02-19,Standard,5990.61
4804,Laura Miller,tamara25@example.net,Ukraine,2025-01-05,Standard,9981.29
4805,John Mayer,vsmith@example.com,Djibouti,2021-12-06,Basic,4220.67
4806,Alexandra Johnson,christineshelton@example.org,Israel,2025-05-26,Standard,2233.56
4807,Mary Schultz,wrightpamela@example.net,Taiwan,2021-04-03,Premium,1480.50
4808,Jerry Friedman,fcooper@example.org,Belgium,2020-12-24,Basic,5776.13
4809,Stephen Mclean,rosalescarlos@example.net,Portugal,2022-02-05,Basic,6411.90
4810,Nicole Young,williamwhite@example.org,Brunei Darussalam,2020-04-05,Standard,6784.86
4811,Pamela Landry,benjaminsolis@example.org,American Samoa,2024-10-20,Basic,9836.47
4812,James Jackson,westchristopher@example.net,United States Minor Outlying Islands,2021-10-04,Standard,5849.68
4813,Justin Mathews,roy88@example.org,Turkmenistan,2021-05-23,Basic,2560.06
4814,John Gaines,adambennett@example.org,Namibia,2022-10-03,Standard,7409.54
4815,Justin Romero,jeffrey96@example.org,Ireland,2020-08-07,Premium,1481.45
4816,John Chaney,pereztravis@example.net,British Indian Ocean Territory (Chagos Archipelago),2025-02-07,Standard,5349.56
4817,Loretta Gray,douglas78@example.org,Sao Tome and Principe,2022-03-22,Standard,2003.75
4818,Sean Franklin,rmcdonald@example.net,Sri Lanka,2025-12-20,Standard,2613.80
4819,Heather Smith,piercesteven@example.com,Swaziland,2023-06-03,Standard,588.38
4820,Kathryn Smith,cwilliams@example.org,Cuba,2023-12-07,Standard,6811.44
4821,Michelle Martinez MD,johnsonjustin@example.net,Montserrat,2025-06-10,Standard,6898.75
4822,Debbie Hernandez MD,richardsanchez@example.net,Guernsey,2025-06-06,Premium,5007.12
4823,Jacob Chung,john02@example.com,British Virgin Islands,2020-08-22,Basic,1180.54
4824,Erica Johnson,elizabeth75@example.com,Tajikistan,2020-12-24,Basic,4002.22
4825,Donna Chapman,hoodgabriel@example.org,Niue,2024-09-08,Standard,3531.48
4826,Jesus Briggs,normanwilson@example.org,Cyprus,2024-02-13,Basic,2094.24
4827,David Reed,khanmary@example.com,Malaysia,2025-04-26,Standard,7050.12
4828,Jeffrey James,woodsarah@example.net,Papua New Guinea,2024-03-07,Standard,4069.87
4829,Kevin Williams,david30@example.org,Samoa,2022-09-07,Standard,5439.61
4830,Robert Burgess,jessica49@example.com,French Guiana,2022-03-11,Standard,9994.38
4831,Julian Silva,stephaniemurray@example.com,Libyan Arab Jamahiriya,2020-02-19,Basic,8635.92
4832,Alicia Martinez,dherrera@example.com,Marshall Islands,2025-10-30,Standard,4379.81
4833,Ryan Meyers,lindasmith@example.org,Zambia,2023-06-30,Standard,814.36
4834,Mackenzie Thompson,amanda05@example.org,Greenland,2023-04-24,Standard,8872.26
4835,Miss Christine Stephens PhD,vancebenjamin@example.org,Chad,2022-10-22,Basic,519.32
4836,Brandi Brennan,vblake@example.org,Swaziland,2024-01-30,Basic,5220.15
4837,Jacqueline Keller,sgutierrez@example.com,Bahrain,2020-02-27,Basic,5392.67
4838,Jessica Williams,katelyn81@example.org,Saudi Arabia,2024-04-20,Standard,9033.75
4839,Juan Williams,robert39@example.org,Marshall Islands,2020-11-26,Standard,9214.13
4840,John Matthews,mvalenzuela@example.com,Latvia,2024-08-03,Standard,7621.44
4841,Brianna Rose,crossjohn@example.org,Brunei Darussalam,2023-01-30,Premium,4225.55
4842,Elizabeth Diaz,sarah95@example.com,North Macedonia,2025-10-20,Standard,6375.03
4843,Lucas Davidson MD,banksgary@example.net,Uganda,2022-07-02,Standard,1978.09
4844,Valerie Ward,cheryldelgado@example.com,Saint Kitts and Nevis,2025-02-22,Standard,1517.95
4845,Shelly Chapman,richard37@example.com,Italy,2020-02-13,Premium,1432.28
4846,Alyssa Powell,shepherdcathy@example.net,Estonia,2024-11-10,Standard,6430.54
4847,Andrew Hebert,baileypatel@example.com,Sierra Leone,2022-02-10,Standard,291.91
4848,Amy Kennedy MD,charles33@example.com,Seychelles,2022-02-07,Standard,6320.94
4849,Eric Huerta,xjenkins@example.org,Singapore,2025-02-13,Standard,9815.00
4850,Janice Shepherd,wilsonmelanie@example.org,Guinea,2023-10-11,Standard,7182.42
4851,Alexandra Burns,duranedward@example.org,Rwanda,2025-02-16,Basic,9395.44
4852,Robert Fuller,cooperlucas@example.net,Yemen,2025-08-08,Standard,8515.06
4853,Desiree Smith,joshua39@example.com,Croatia,2022-10-04,Standard,902.38
4854,Kimberly Campbell,randysharp@example.com,Gibraltar,2023-06-17,Standard,1939.53
4855,David Hogan,anthony16@example.org,Cote d'Ivoire,2024-12-10,Standard,6361.78
4856,Nancy Foley,,Guyana,2022-05-01,Premium,4975.69
4857,Nichole Duarte,denise04@example.net,Philippines,2025-08-11,Premium,5905.32
4858,Jacob Cantrell,mgarcia@example.net,Barbados,2025-05-05,Standard,8383.26
4859,Todd Lambert,bmonroe@example.com,Trinidad and Tobago,2024-07-08,Basic,5536.54
4860,Dalton Richardson,robertnguyen@example.com,Guadeloupe,2024-05-16,Standard,5890.39
4861,Mrs. Lorraine Farrell DDS,cindy47@example.com,Tonga,2023-04-21,Basic,3028.66
4862,Aaron Bird,smithmark@example.org,Micronesia,2021-05-19,Basic,932.84
4863,Michael Thompson,kyle01@example.net,Costa Rica,2022-07-14,Premium,4328.19
4864,Amy Ortega,jenningsbrian@example.net,Kiribati,2025-02-18,Premium,9032.38
4865,Aimee Haynes,lindsay51@example.net,Niger,2025-02-28,Premium,4558.72
4866,Rebecca Waters,alexanderrobertson@example.net,Georgia,2024-04-01,Standard,2605.69
4867,Michele Franco,timothy17@example.com,Puerto Rico,2020-02-22,Basic,119.17
4868,Terry Cole,hvargas@example.net,Bahamas,2020-07-03,Premium,3073.12
4869,Corey Rivera,roberto68@example.org,Togo,2020-08-28,Standard,3703.18
4870,Jennifer Coleman,sara59@example.org,Qatar,2024-05-03,Basic,915.74
4871,Lori Rodriguez,dustin52@example.org,Kyrgyz Republic,2022-09-28,Basic,4373.69
4872,Heather Parker,collinsthomas@example.net,Pakistan,2020-09-01,Standard,9930.48
4873,Jerry Palmer,normanchristopher@example.com,Andorra,2021-09-13,Standard,6585.96
4874,Diane Reyes,vmoore@example.com,Saudi Arabia,2021-11-27,Standard,508.28
4875,Jasmine Jackson,edwardmyers@example.net,Sweden,2022-12-12,Premium,107.72
4876,Joseph Cardenas,flemingrenee@example.org,Sri Lanka,2020-02-15,Basic,9297.15
4877,Krystal Peterson,kyle47@example.net,Holy See (Vatican City State),2024-07-20,Standard,1223.99
4878,Justin Freeman,nolanamanda@example.net,Netherlands,2021-02-19,Basic,4192.83
4879,Robert Coleman,justin13@example.com,Holy See (Vatican City State),2024-07-14,Standard,5185.20
4880,Charles Powell,josephsullivan@example.com,Central African Republic,2021-02-16,Premium,2661.48
4881,Bradley Barnett,jeremy52@example.net,Panama,2021-02-09,Basic,423.70
4882,Jennifer Hart,tmaxwell@example.org,Qatar,2020-08-18,Standard,6611.64
4883,Jason Gutierrez,nicole06@example.com,Russian Federation,2024-03-16,Standard,5855.63
4884,Amy Joyce,sdelacruz@example.org,Zimbabwe,2023-04-05,Premium,3636.94
4885,Lindsey Miller,bstokes@example.com,United Kingdom,2021-02-15,Basic,3546.14
4886,Holly Rocha,williamprice@example.org,Nauru,2025-01-19,Basic,1813.38
4887,Jennifer Hill,teresarivera@example.net,Serbia,2025-06-08,Standard,8677.84
4888,Frederick Cantu,amanda75@example.org,Papua New Guinea,2024-11-14,Standard,3397.91
4889,Alexander Ray,andersontara@example.net,Iran,2023-11-14,Premium,2127.37
4890,Henry Eaton,davidtucker@example.org,American Samoa,2020-06-30,Premium,9770.41
4891,Lisa Harris,hrichard@example.com,Seychelles,2024-10-13,Basic,5261.08
4892,Paul Taylor,kimberlyharris@example.net,Switzerland,2022-12-23,Standard,6307.47
4893,Linda Mcbride,rossheather@example.org,Congo,2020-05-17,Standard,1906.54
4894,Luis White,luisyoung@example.com,French Guiana,2024-02-21,Standard,6887.16
4895,Francis Mendez,masonward@example.com,Tuvalu,2024-03-07,Standard,9673.24
4896,Cathy Espinoza,vgonzalez@example.org,Norway,2020-02-19,Premium,3486.51
4897,Isabella Nichols,marialawrence@example.org,Pitcairn Islands,2021-02-07,Basic,2737.80
4898,James King,qnash@example.com,Moldova,2022-12-31,Standard,4200.99
4899,Nicole Fields,burkeraymond@example.org,Cameroon,2021-11-20,Basic,406.64
4900,Tiffany Mccarty,brandilester@example.com,Andorra,2025-05-05,Standard,5759.29
4901,William Willis,avilagabriel@example.com,Syrian Arab Republic,2023-06-14,Standard,5827.94
4902,Nichole Mcdaniel,jean03@example.org,Reunion,2022-08-24,Basic,1465.23
4903,Maria Martinez,joanford@example.com,Svalbard & Jan Mayen Islands,2024-10-18,Standard,3122.18
4904,Ricky Robinson,andradeanna@example.org,Saint Kitts and Nevis,2024-04-08,Premium,6703.14
4905,Jonathan Small,moneal@example.net,Trinidad and Tobago,2020-02-29,Basic,7095.82
4906,Jessica Cisneros,austin89@example.net,Guam,2023-04-02,Standard,1479.29
4907,Gary Thomas,abigail43@example.net,Tajikistan,2020-07-29,Premium,8486.18
4908,Andrew Scott,christophermunoz@example.net,French Polynesia,2022-04-06,Basic,6696.90
4909,Brenda Odom,michaelwood@example.com,Moldova,2022-10-19,Basic,6158.73
4910,Tanya Fuller,riddleashley@example.net,Canada,2025-03-09,Standard,4685.67
4911,Ryan Gonzalez,,Moldova,2020-05-19,Standard,7549.27
4912,Danny Christensen,nelsonjames@example.org,Bangladesh,2024-10-05,Standard,4195.72
4913,Ashley Reynolds,christian19@example.org,Gambia,2020-11-30,Standard,9638.37
4914,Alexandra Kennedy,rodneymartin@example.net,Suriname,2021-03-24,Standard,2215.73
4915,Stacey Davenport,amyjackson@example.org,Cook Islands,2021-04-22,Premium,642.92
4916,Luke Palmer,owensbilly@example.com,Togo,2025-09-17,Standard,5441.71
4917,Debra Harris,karenwilliams@example.com,Guinea,2022-07-19,Standard,7989.29
4918,Julie Martin,kathryn07@example.net,United States of America,2024-07-18,Standard,2499.98
4919,Eduardo Harrison,vmitchell@example.net,Pakistan,2022-11-09,Standard,3000.15
4920,Andrew Rivers,brian88@example.com,Pakistan,2025-07-07,Standard,7609.00
4921,Dr. Mia Murray PhD,xjames@example.com,Brunei Darussalam,2022-01-01,Basic,8718.37
4922,Christopher Nguyen,baileylee@example.org,Nepal,2023-02-07,Premium,490.74
4923,Ashley Gillespie,walkermisty@example.net,Cayman Islands,2020-10-04,Basic,9653.83
4924,Jennifer Curry,fflores@example.org,Holy See (Vatican City State),2024-03-05,Standard,6423.59
4925,Jennifer Bird,careyjennifer@example.com,Peru,2023-11-30,Basic,8041.91
4926,Christy Sims,austin27@example.com,Reunion,2023-05-06,Standard,9050.39
4927,Kelly Tran,cookanthony@example.net,Congo,2023-03-28,Standard,3399.49
4928,Anne White,castrolaurie@example.com,Finland,2021-12-19,Basic,962.70
4929,Mr. Connor Weaver,jonathan64@example.org,Madagascar,2021-03-13,Standard,9266.73
4930,David Walker,kathleenbryant@example.com,Saint Helena,2020-06-25,Standard,3791.22
4931,Matthew Taylor,robert94@example.com,Christmas Island,2024-08-25,Standard,9182.86
4932,Mr. Roger Johnson,mitchell35@example.com,Norway,2025-08-02,Premium,6781.70
4933,Brian Carson,ashley36@example.org,Denmark,2024-11-19,Standard,3484.39
4934,Shelley Henderson,amanda66@example.com,Netherlands,2023-09-24,Standard,9483.02
4935,Carol Flores,jesusandrews@example.net,Benin,2022-06-08,Standard,3866.36
4936,Lauren Cook,aanderson@example.org,Gabon,2025-07-25,Standard,7850.90
4937,Olivia Hall,janet52@example.com,Brunei Darussalam,2021-04-27,Standard,5426.42
4938,Adam Ross,jacksonmarcus@example.org,Estonia,2021-06-13,Basic,3697.51
4939,Carol Jackson,shahemily@example.net,Bangladesh,2022-01-14,Basic,1783.81
4940,Barbara Clark,wendy37@example.com,Montserrat,2021-02-05,Standard,6198.22
4941,Anna Bennett,rodriguezmichael@example.com,Ecuador,2021-03-23,Standard,3605.80
4942,Alison Taylor,christopherglover@example.org,Korea,2021-09-01,Standard,8688.98
4943,Kevin Mendoza,holmeslaura@example.net,Haiti,2021-08-12,Premium,7731.86
4944,Matthew Allison,paul84@example.org,Wallis and Futuna,2021-12-01,Standard,1659.11
4945,Amber Molina,cassandraturner@example.com,Vanuatu,2022-09-02,Basic,8934.25
4946,Megan Moody,nanderson@example.net,Barbados,2023-06-15,Standard,4075.97
4947,Donna Williams,sherry51@example.net,United States Virgin Islands,2021-03-02,Basic,2940.28
4948,Stephanie Mitchell,david53@example.net,French Polynesia,2023-12-31,Basic,2418.71
4949,Tina Murray,vwarner@example.org,New Zealand,2020-08-24,Basic,1214.78
4950,Matthew Spencer,sreed@example.org,Cocos (Keeling) Islands,2021-01-31,Basic,3424.90
4951,Nicholas Rhodes DDS,deniseporter@example.net,Finland,2023-01-24,Standard,1928.29
4952,Erin Williams,qgreen@example.net,Ireland,2022-09-24,Basic,4093.47
4953,Jesse Melendez,mandyriley@example.net,Marshall Islands,2025-12-19,Basic,3594.54
4954,Mrs. Amy Wilcox,wjohnson@example.net,United Kingdom,2025-01-27,Basic,7770.69
4955,Stephanie Jones,raypatricia@example.com,Guinea-Bissau,2020-07-07,Basic,8341.57
4956,Angel Stephens,mackdustin@example.net,Tunisia,2020-04-30,Premium,5961.03
4957,Annette Crane,wrightlisa@example.org,Colombia,2024-04-24,Basic,7419.68
4958,Cassandra Perez,michellehernandez@example.net,Denmark,2025-08-22,Standard,9773.79
4959,Charles Long,laura60@example.org,Anguilla,2020-10-09,Standard,2268.81
4960,Janice Gonzalez,sarah15@example.com,Guyana,2025-09-07,Standard,6632.93
4961,Sara Drake,alvarezmathew@example.net,Norway,2023-05-04,Standard,6933.96
4962,Megan Watson,elliottanthony@example.net,Honduras,2020-04-16,Standard,8519.04
4963,Russell Stephenson,ablack@example.com,Grenada,2024-01-20,Standard,950.89
4964,Alexander Davis,wendy86@example.net,Macao,2025-02-07,Premium,7789.31
4965,Kristi Phillips,laura54@example.org,Azerbaijan,2022-06-15,Standard,8131.45
4966,Cheryl Hayes,pmartinez@example.com,Niue,2025-12-22,Standard,4259.38
4967,Dennis Young,johnsonmelissa@example.org,Bulgaria,2022-08-11,Standard,1363.38
4968,Angela Shelton,mia67@example.com,Nicaragua,2020-08-05,Premium,5136.89
4969,Richard Horn,curtispamela@example.net,Netherlands,2023-11-09,Basic,4028.15
4970,Anthony Kaiser,alexanderwinters@example.org,Spain,2024-02-13,Premium,3569.29
4971,Joshua Francis,vincentwilson@example.com,Chile,2025-06-13,Basic,5830.82
4972,Adrian Wright,nicole98@example.com,Heard Island and McDonald Islands,2024-06-16,Standard,6651.64
4973,Linda Vega,jmoore@example.net,Montserrat,2022-07-08,Standard,9541.36
4974,Dennis Adkins,xkelly@example.org,Sri Lanka,2021-01-08,Standard,365.98
4975,Daniel Watson MD,david63@example.org,Georgia,2020-06-30,Standard,9625.44
4976,Aaron Butler,tbrock@example.com,Iraq,2022-11-14,Standard,6363.55
4977,Gina Mccann,sararogers@example.net,Cook Islands,2020-10-26,Standard,887.91
4978,Justin Ellis,sandovaltommy@example.com,Thailand,2023-11-07,Basic,4719.60
4979,Cynthia Bryant,wsanchez@example.com,New Caledonia,2020-09-09,Basic,799.32
4980,Alan Ford,millerholly@example.org,Kyrgyz Republic,2025-06-28,Standard,7410.88
4981,Joseph Robinson,elizabethsoto@example.com,Niger,2024-10-21,Premium,7651.96
4982,Kenneth Browning,donna60@example.org,Seychelles,2023-05-12,Standard,1159.22
4983,Kathryn Ross,emily20@example.net,United States of America,2023-06-09,Standard,3627.94
4984,Brittany Adams,marywilliams@example.net,Senegal,2022-05-17,Premium,8910.07
4985,Kathleen Gilmore,elizabethscott@example.net,Bangladesh,2023-01-23,Premium,3059.85
4986,Cynthia Edwards,browneddie@example.org,Monaco,2020-09-01,Standard,6794.06
4987,Jessica Reynolds,kyle07@example.com,Sri Lanka,2021-03-02,Standard,4348.93
4988,Brenda Brewer,caldwellthomas@example.org,United States Minor Outlying Islands,2021-05-29,Standard,4055.54
4989,Debra Gray,ltran@example.org,Guam,2023-04-04,Premium,9165.49
4990,Kristi Tran,heather33@example.org,Gibraltar,2024-10-03,Standard,7659.27
4991,Leslie Juarez,mark59@example.net,Singapore,2023-08-02,Standard,307.02
4992,Oscar Ramirez,manuel92@example.net,Papua New Guinea,2024-03-12,Basic,213.29
4993,Jacob Fleming,alexander75@example.org,Tuvalu,2024-10-16,Basic,4981.46
4994,Alice Ellis,ashleesmith@example.org,Tokelau,2024-12-29,Basic,1666.65
4995,James Bell PhD,thomasbryan@example.com,Mauritania,2022-09-02,Basic,2922.14
4996,Blake Garcia,clinton14@example.org,Bulgaria,2021-02-02,Standard,529.72
4997,William Cruz,david21@example.com,Botswana,2023-11-22,Premium,972.95
4998,Sophia Daniels,ejones@example.org,Tuvalu,2024-06-08,Standard,6462.40
4999,Steven Meyer,portercameron@example.com,Tonga,2024-10-14,Standard,830.69
5000,Teresa Chavez,rray@example.com,Nigeria,2024-09-23,Standard,6559.81
5001,Charles Mcclure,stevenmurillo@example.net,Morocco,2024-09-15,Standard,9975.45
5002,Ian Huff,baileystafford@example.com,Kuwait,2021-08-30,Standard,160.12
5003,Kent Ryan,thomaslindsey@example.net,Liberia,2024-01-21,Basic,9806.93
5004,Donald Greene,jeremyphelps@example.net,Honduras,2025-12-07,Standard,6802.72
5005,Kiara Elliott,jessica05@example.net,Andorra,2020-11-21,Basic,5539.62
5006,Brandi Collier,msawyer@example.org,Christmas Island,2025-10-05,Premium,4145.48
5007,Brittany Eaton,davidtaylor@example.org,Turks and Caicos Islands,2024-07-13,Basic,2000.47
5008,Jessica Zamora,perrysandra@example.com,Ghana,2024-08-07,Premium,859.52
5009,Brittany Keller,jamesnelson@example.com,Ukraine,2024-01-28,Basic,7008.99
5010,Curtis Vargas,mendozasarah@example.net,Mongolia,2021-12-21,Standard,334.21
5011,Dorothy King,hberry@example.net,Congo,2021-11-25,Basic,5330.75
5012,Andrea Davidson,kathleen39@example.org,United States Minor Outlying Islands,2021-01-13,Basic,2432.76
5013,Terri Joseph,anthonywilliams@example.net,Mongolia,2021-06-26,Standard,1042.57
5014,Ann Barnes,ebooker@example.com,Tonga,2022-06-08,Basic,2573.92
5015,Sherry Smith,anne01@example.org,Philippines,2023-06-06,Standard,8323.06
5016,David Jones,kathleen51@example.net,Saint Pierre and Miquelon,2021-11-24,Standard,9801.22
5017,Emily Wood,sharonalexander@example.org,Northern Mariana Islands,2022-07-18,Basic,5353.00
5018,Amy Liu,brandonwright@example.org,Hungary,2021-05-22,Basic,25.45
5019,Steven House,kristi72@example.org,Estonia,2021-04-30,Standard,8918.84
5020,Jill Garcia,ldixon@example.org,Gibraltar,2025-06-23,Standard,7568.00
5021,Mark Gould PhD,jonesthomas@example.net,Chad,2023-04-21,Basic,8131.85
5022,Benjamin King,adamlopez@example.net,Lao People's Democratic Republic,2022-11-16,Basic,4480.29
5023,Nicole Mcdaniel,danielpeterson@example.com,Palestinian Territory,2020-02-23,Standard,3355.49
5024,Ralph Vasquez,martinezaaron@example.org,Suriname,2021-03-20,Basic,2472.73
5025,Alexander Lopez,cwarner@example.com,Mayotte,2023-05-18,Premium,7626.24
5026,Ashley Proctor MD,parkcindy@example.net,Vanuatu,2024-08-27,Standard,651.37
5027,Andrea Jones,mscott@example.com,Lebanon,2022-12-09,Standard,9576.99
5028,Julie Wheeler,danielcox@example.com,Cameroon,2020-04-11,Standard,2179.42
5029,Valerie Mooney,stonechristopher@example.com,Nicaragua,2021-01-04,Standard,695.96
5030,Melissa Wilson,meyerbrandon@example.org,Guam,2020-06-20,Basic,6855.81
5031,Aaron White,brownsusan@example.org,Lao People's Democratic Republic,2024-06-02,Standard,5951.88
5032,Douglas Martinez,john86@example.org,Poland,2025-04-16,Standard,343.60
5033,Mr. Joseph Valdez,sean69@example.com,Guadeloupe,2020-06-26,Standard,7755.88
5034,Anthony Delgado,christy81@example.org,Christmas Island,2020-11-04,Basic,3579.79
5035,Mr. John Espinoza PhD,pereznatasha@example.net,Belarus,2020-11-10,Standard,1181.34
5036,Ryan Rodriguez,justin34@example.net,Albania,2021-02-17,Standard,4554.86
5037,James Sullivan,thartman@example.org,Kyrgyz Republic,2021-05-17,Basic,1527.05
5038,Ms. Samantha Zhang,xscott@example.org,Reunion,2020-12-20,Standard,1598.70
5039,Mary Meyers,willie33@example.org,Nicaragua,2022-02-09,Basic,5907.58
5040,Monica Raymond,rclark@example.com,Gibraltar,2023-09-22,Basic,5192.43
5041,Miss Melissa Rojas,alicecook@example.org,Canada,2023-07-23,Standard,7862.68
5042,Carmen Curry,codyrivers@example.org,Monaco,2025-07-14,Standard,275.51
5043,Benjamin Gregory,anneaustin@example.com,Congo,2020-05-29,Standard,2163.77
5044,Stanley Rhodes,marywheeler@example.com,Qatar,2020-09-11,Standard,8099.25
5045,Sarah Arnold,larry54@example.org,Bulgaria,2020-09-05,Basic,2300.78
5046,Tracy Martin,ebanks@example.org,Benin,2024-09-06,Premium,5344.59
5047,Jeffrey Oliver,martinrussell@example.org,Liechtenstein,2021-05-24,Basic,9571.73
5048,William Green,edavis@example.net,Guernsey,2021-02-21,Standard,4126.85
5049,Taylor Spencer,gmiller@example.net,Malta,2021-03-22,Standard,1704.01
5050,Scott Thomas,matthewthomas@example.org,Iceland,2021-12-26,Standard,8056.76
5051,Jessica Bailey,astewart@example.org,Iceland,2023-08-27,Standard,2331.96
5052,Robert Clark,rosenicole@example.net,Malta,2023-03-23,Premium,3344.04
5053,Laura Bray,manningsandra@example.net,Guatemala,2022-05-07,Standard,9710.50
5054,Abigail Cruz,ryanrodriguez@example.net,Congo,2021-03-31,Standard,8668.71
5055,Keith Rogers,sharon74@example.org,Rwanda,2023-11-29,Standard,5702.59
5056,Stephanie Brown,castanedaalan@example.net,Micronesia,2023-03-09,Basic,6838.53
5057,Scott Davis,brandy89@example.net,Uganda,2023-01-15,Standard,825.61
5058,Dawn Payne,williamsantos@example.net,San Marino,2020-09-08,Standard,4077.41
5059,Austin Erickson,yjones@example.org,Spain,2023-10-18,Standard,2831.53
5060,David Allison,taylormendoza@example.net,Fiji,2022-06-06,Standard,8901.66
5061,Selena Patel,brooke02@example.com,Kiribati,2024-06-20,Standard,9841.51
5062,James Booker,smithdaniel@example.org,Uruguay,2024-11-11,Standard,7104.13
5063,Ryan Green,jamesflores@example.com,Qatar,2021-06-22,Standard,9758.63
5064,Shannon Oneal,briannarodgers@example.net,Micronesia,2022-12-11,Premium,8037.49
5065,Julia Jacobs,andrewparker@example.com,Benin,2021-08-09,Basic,6339.22
5066,Mary Davis,xfoster@example.com,Marshall Islands,2021-01-25,Standard,4147.59
5067,Emily Miles,hannahgardner@example.net,Denmark,2024-12-12,Standard,9925.23
5068,Shawn Andrews,ybarker@example.com,United States Minor Outlying Islands,2021-09-12,Standard,2687.17
5069,Jaime Weeks,clarkchristopher@example.org,Albania,2025-08-03,Premium,5975.47
5070,Timothy Dougherty,kathleen06@example.org,Canada,2024-06-07,Standard,5310.50
5071,Curtis Taylor,vincent62@example.com,Zimbabwe,2024-07-07,Premium,8242.00
5072,Veronica Lee,curtisjones@example.com,Azerbaijan,2024-08-06,Basic,6235.71
5073,Pamela Mcdonald,sydney08@example.net,Guyana,2022-05-28,Standard,2301.22
5074,Jerry Conner,petersonpaul@example.com,Namibia,2025-07-31,Basic,6508.14
5075,Angela Poole,beckcarolyn@example.net,Angola,2025-11-08,Standard,9048.08
5076,Jillian Williams,jasmine61@example.org,Cocos (Keeling) Islands,2023-02-21,Premium,6561.93
5077,Sandra Montgomery,dawn95@example.com,Wallis and Futuna,2023-09-01,Premium,4032.47
5078,Kevin Brown,christopher86@example.net,American Samoa,2023-06-25,Basic,4145.05
5079,Mr. Robert Meyers,norma79@example.com,Grenada,2023-12-01,Basic,551.19
5080,Erica Baker,nchurch@example.com,Rwanda,2024-10-04,Basic,5493.37
5081,Nicole Miller,pkim@example.net,Ethiopia,2024-12-24,Basic,5032.43
5082,Scott Taylor,chall@example.net,Nigeria,2021-02-01,Premium,4106.32
5083,Anna Dickerson,mary52@example.com,Yemen,2024-08-29,Basic,9185.11
5084,Timothy Robinson,matthewmartinez@example.org,Palau,2024-10-10,Basic,6234.06
5085,Nicole Lin,angela14@example.org,Central African Republic,2020-10-10,Premium,8723.42
5086,Nicole Best,jonathan53@example.net,Italy,2023-05-08,Standard,9300.60
5087,Trevor Price,bpayne@example.com,Seychelles,2022-05-18,Standard,4960.47
5088,Emily Turner,travis32@example.org,Sudan,2021-11-14,Standard,9535.10
5089,Richard Chavez,billy46@example.net,Chile,2022-12-24,Standard,6543.19
5090,Cynthia Whitaker,owilliams@example.net,Niue,2024-01-13,Premium,7073.01
5091,Amber Hill,uharvey@example.org,Anguilla,2023-03-29,Basic,4041.77
5092,Eric Gates,clarkharold@example.org,Burundi,2025-04-15,Basic,1857.01
5093,Jacob Davis,owoodward@example.com,Ecuador,2022-01-05,Standard,1775.50
5094,Andrew Johnson,benjamin25@example.org,Botswana,2023-08-11,Premium,5116.40
5095,Terry Lewis,maddoxmark@example.com,Cuba,2024-06-19,Premium,966.29
5096,Mr. Christopher Scott,brownjay@example.com,Myanmar,2024-02-19,Standard,8668.20
5097,Ashley Nash,josephlee@example.org,Moldova,2025-04-12,Standard,4114.45
5098,Chris Lowe,changsamuel@example.com,Wallis and Futuna,2023-02-15,Standard,6879.72
5099,Steven Robinson,suzanne34@example.com,Nepal,2025-06-27,Standard,3911.05
5100,Andrea Jackson,fernandezjohn@example.com,Guatemala,2024-11-16,Standard,1645.29
5101,James Russell,jason89@example.net,Bahamas,2022-12-14,Standard,3652.40
5102,Michele Ferguson,christophergiles@example.org,Saint Martin,2023-02-02,Basic,3423.95
5103,Katherine Serrano,bradyjimenez@example.org,India,2025-11-02,Basic,8072.97
5104,Sarah Hernandez,vjacobson@example.net,American Samoa,2023-10-01,Premium,7504.33
5105,Steven Snow,jennifer64@example.org,Grenada,2020-04-21,Basic,4427.07
5106,Brandy Lopez,woodashley@example.net,Madagascar,2024-11-20,Standard,2482.94
5107,Sara Young,wpeterson@example.org,Ghana,2022-08-31,Basic,1279.67
5108,Karen Michael,hwiley@example.net,Myanmar,2025-07-14,Premium,840.50
5109,Cassandra Perry,dayrichard@example.com,Mexico,2023-09-08,Basic,7509.30
5110,Matthew Johnson,thomasmack@example.org,Lao People's Democratic Republic,2024-12-05,Standard,1556.28
5111,Ann Allen,susan88@example.org,Cameroon,2021-10-12,Basic,9992.07
5112,Jennifer Sweeney,bryan23@example.net,Reunion,2020-09-19,Basic,3719.06
5113,Jessica Lewis,qbanks@example.net,Poland,2023-05-18,Standard,5975.49
5114,Angela Norris,mark93@example.com,French Southern Territories,2022-02-22,Standard,1301.08
5115,Douglas Hunter,bthomas@example.net,Guatemala,2024-09-01,Premium,5220.78
5116,Stacie Craig,sbarron@example.com,Canada,2025-06-26,Basic,9221.55
5117,Pamela Thompson,olawrence@example.org,Kazakhstan,2022-11-19,Premium,5500.46
5118,Jasmine Odom,jose26@example.org,Cuba,2025-08-03,Standard,5563.29
5119,David Dorsey,bennettkristin@example.com,Bangladesh,2020-12-17,Standard,1010.42
5120,James Swanson,williamsthomas@example.com,Guadeloupe,2020-07-20,Standard,7710.84
5121,Richard Chambers,dstevens@example.com,Monaco,2022-05-21,Basic,6220.93
5122,Joshua Thornton,howardmatthew@example.org,Cameroon,2021-12-05,Standard,7010.72
5123,Henry Long,phogan@example.net,Dominican Republic,2022-01-15,Standard,4940.15
5124,Christopher Graves,diana33@example.com,Kyrgyz Republic,2021-05-04,Premium,206.07
5125,Nicole Fritz,lauren46@example.net,Liechtenstein,2020-12-02,Premium,3036.00
5126,Brittany Rogers,jeremy93@example.org,Pitcairn Islands,2021-02-08,Standard,6048.69
5127,Daniel Johnston,ograham@example.com,Cape Verde,2022-02-14,Basic,6459.39
5128,James Walsh,anita83@example.org,Somalia,2023-06-27,Basic,7113.17
5129,Brian Higgins,markskelsey@example.org,Korea,2024-08-05,Standard,3668.96
5130,Michael Palmer,davissamuel@example.com,Falkland Islands (Malvinas),2025-01-20,Basic,9737.30
5131,Rebecca Patel,swilliams@example.org,Tokelau,2020-05-27,Standard,1476.52
5132,Zachary Farrell,wray@example.net,United Arab Emirates,2024-08-27,Standard,9538.33
5133,Laura Hester,mpalmer@example.net,Gabon,2024-07-03,Basic,9984.79
5134,Christopher Rodriguez,qschneider@example.net,Colombia,2024-10-15,Premium,5491.91
5135,Margaret Martinez,ujefferson@example.com,Georgia,2023-10-30,Basic,1313.42
5136,David Anderson,lewisjustin@example.com,Lithuania,2022-04-21,Standard,2222.38
5137,Steven Heath,melanie78@example.com,Macao,2022-06-08,Basic,7916.75
5138,Linda Hammond,jennifer02@example.com,Austria,2025-03-22,Standard,3805.72
5139,Richard Riley,marshalljared@example.org,Eritrea,2021-08-31,Standard,6149.66
5140,Katie Jones,jacksonjeffrey@example.com,Anguilla,2022-03-02,Standard,8770.20
5141,Mark Rodriguez,stoneronald@example.com,Liechtenstein,2023-11-08,Standard,25.21
5142,Shelley Orozco,rollinsjessica@example.com,Antarctica (the territory South of 60 deg S),2021-08-28,Basic,5054.70
5143,Katie Kent,amysantos@example.org,Guinea,2021-05-26,Standard,620.32
5144,Samuel Eaton,moorejacqueline@example.com,Australia,2022-11-14,Premium,489.37
5145,Emily Patel,nellis@example.com,Argentina,2024-08-15,Standard,5528.21
5146,Charles Parker,jorge99@example.org,Antarctica (the territory South of 60 deg S),2022-06-18,Basic,8505.21
5147,David Hill,stacy39@example.net,Latvia,2022-10-23,Premium,5358.78
5148,Courtney Figueroa,fochoa@example.org,Faroe Islands,2024-03-08,Basic,4131.35
5149,Victoria Brown,qlozano@example.com,Japan,2021-06-11,Basic,4889.08
5150,Michelle Randolph,rhonda58@example.com,Korea,2022-07-17,Standard,8790.19
5151,Michael Chen,justinlee@example.org,Niue,2023-02-27,Standard,9299.18
5152,Michael Gonzales,sandersjudith@example.com,Canada,2020-09-30,Premium,3019.14
5153,George Brown,xlang@example.net,Ecuador,2020-09-30,Basic,3652.12
5154,Mr. Jose Brown PhD,,United States Minor Outlying Islands,2021-12-09,Basic,5626.88
5155,Ronald Mathis,jerrybrown@example.com,United States Virgin Islands,2025-01-07,Basic,8438.16
5156,Dawn Curtis,millswilliam@example.org,Philippines,2020-09-06,Standard,9031.70
5157,Ronald Koch,boonejohn@example.net,Thailand,2024-04-01,Basic,7272.92
5158,Logan White,kathrynpittman@example.net,Congo,2023-07-07,Basic,3114.37
5159,Tina Wolf,michael02@example.net,Mongolia,2024-12-13,Premium,6575.46
5160,Ryan Rodriguez,sanchezjesus@example.org,Saudi Arabia,2023-10-07,Basic,9747.20
5161,Mr. Alexander Bruce,rrosario@example.org,Bermuda,2022-04-19,Basic,8099.13
5162,Reginald Wilson,joshua18@example.org,Liberia,2021-04-09,Basic,8234.07
5163,Nancy Smith,ireynolds@example.com,Yemen,2021-08-08,Premium,4255.87
5164,Tony Adams,michellemathews@example.net,Seychelles,2021-09-18,Standard,3459.29
5165,Amy Evans,fandrews@example.com,Cameroon,2020-03-14,Basic,7043.84
5166,Grant Hernandez,crystal68@example.net,Zambia,2021-02-23,Premium,8869.40
5167,Taylor Silva,ywatson@example.org,Burkina Faso,2022-06-10,Standard,1060.73
5168,Stephanie Randall,williamssabrina@example.net,Guernsey,2020-10-03,Basic,2157.88
5169,Kelly Gomez,todd23@example.org,Seychelles,2023-12-28,Standard,8225.87
5170,Brianna Robinson,jjackson@example.net,Somalia,2023-08-26,Standard,2649.52
5171,Corey Myers,penningtonandrew@example.net,Burkina Faso,2021-06-04,Premium,8027.49
5172,Marie Ruiz,perezkenneth@example.com,Jordan,2024-10-13,Premium,7131.80
5173,Randy Stevens,schneidermichael@example.com,Hungary,2025-08-17,Standard,3798.49
5174,Calvin Gibson,warren75@example.com,South Georgia and the South Sandwich Islands,2021-12-11,Standard,3238.21
5175,Nathan Bolton,karasmith@example.org,Slovenia,2023-03-01,Standard,3238.26
5176,Dana Sawyer,obarnes@example.net,Jordan,2022-04-01,Basic,6559.26
5177,Cindy Rivers,choianna@example.com,Honduras,2022-06-12,Standard,7003.57
5178,Madison Rice,virginia76@example.com,Vanuatu,2023-12-26,Basic,1540.19
5179,Maria Coffey,usimmons@example.org,Gabon,2025-10-26,Basic,103.50
5180,Ronald Cook,alexanderhancock@example.net,Argentina,2022-12-31,Standard,5564.76
5181,Jimmy James,codybrown@example.com,Portugal,2020-02-16,Standard,4730.25
5182,Janice Strong,markrobinson@example.org,Czech Republic,2021-02-10,Standard,5059.35
5183,Mark Thompson,eweeks@example.net,Burundi,2021-10-13,Standard,8161.99
5184,William Johnson,angelica81@example.com,Slovakia (Slovak Republic),2020-12-07,Basic,6734.83
5185,Christina Jenkins,margaret87@example.org,Latvia,2023-04-16,Standard,473.03
5186,Michelle Robinson,xbaker@example.com,Malawi,2025-12-26,Premium,7696.28
5187,John Booker,edward48@example.org,Azerbaijan,2023-03-18,Premium,6012.59
5188,Paul Bush,smcknight@example.net,Equatorial Guinea,2025-04-05,Standard,3879.24
5189,Brandon Carter,troygomez@example.net,Saint Helena,2022-09-30,Standard,3749.07
5190,Brent Patrick,dmoore@example.net,Bahrain,2020-04-27,Standard,754.91
5191,Jamie Smith,uchase@example.com,Saint Vincent and the Grenadines,2021-08-04,Basic,5576.01
5192,Shaun Parker,williamparker@example.net,Bahrain,2024-01-13,Standard,2420.91
5193,Karen Aguilar,eatontracie@example.com,Canada,2020-07-27,Standard,2410.03
5194,Paula Nelson,james70@example.org,Antarctica (the territory South of 60 deg S),2023-04-19,Basic,1000.76
5195,Joshua Esparza,lyoung@example.net,Bangladesh,2023-07-31,Standard,8174.55
5196,Kayla Strong,nreid@example.net,Angola,2022-09-09,Premium,332.66
5197,Jane Ayers,reedheather@example.net,Croatia,2022-03-30,Premium,783.89
5198,Willie Carrillo,emmanguyen@example.org,Iceland,2022-08-23,Premium,6320.44
5199,Cassandra Schmidt,mooneydaniel@example.org,Russian Federation,2021-11-03,Premium,5845.93
5200,Craig Rogers,kathryn18@example.com,Zimbabwe,2023-03-23,Standard,6437.50
5201,Kevin Oneill,allisonyates@example.com,British Indian Ocean Territory (Chagos Archipelago),2023-05-20,Basic,1563.09
5202,Michael Paul,rhodesgregory@example.net,American Samoa,2021-06-01,Premium,4423.94
5203,Anthony Fritz,ruizbarbara@example.com,Qatar,2020-08-16,Basic,2453.98
5204,Carrie Perez,george52@example.com,Austria,2022-04-21,Basic,6967.10
5205,Jennifer Hall,darrellwilliams@example.net,Dominican Republic,2024-04-11,Premium,8356.35
5206,David Anderson,paulsoto@example.com,Austria,2021-05-22,Standard,3076.79
5207,Joseph Johnson,warnercarolyn@example.com,Liberia,2022-03-08,Basic,6323.96
5208,James Christian,austinsimon@example.com,United States of America,2020-08-30,Standard,5006.63
5209,Lisa Sanchez,shieldscharles@example.com,Madagascar,2023-02-03,Basic,4052.12
5210,Damon Barber,bstewart@example.com,Nepal,2023-08-13,Premium,7430.51
5211,Denise Brown,joselarson@example.com,Lebanon,2021-04-26,Standard,8329.59
5212,Nancy Gilbert,jimenezjamie@example.net,Saint Lucia,2021-07-23,Standard,6528.47
5213,Arthur Hunter,nwilson@example.org,Eritrea,2023-03-11,Premium,8144.66
5214,Jesus Baker MD,hmorgan@example.net,Tonga,2024-01-02,Standard,6401.44
5215,Jill Fox,garciagabriela@example.org,Kiribati,2020-08-01,Basic,5531.22
5216,Jenna Salinas,ihoward@example.org,Reunion,2024-12-23,Standard,7906.79
5217,Tiffany Johnson,richardbuchanan@example.com,Sao Tome and Principe,2024-12-28,Standard,8748.01
5218,Wendy Schmidt,shiggins@example.org,United Kingdom,2025-04-26,Basic,5001.17
5219,Adam Novak,hriddle@example.com,Niue,2024-07-19,Standard,2947.79
5220,Isaiah Fischer,lukerojas@example.net,Jersey,2024-04-19,Standard,8446.68
5221,Ryan Brown,danielhill@example.com,Cote d'Ivoire,2025-11-06,Standard,4784.31
5222,Walter Lloyd,vasquezjillian@example.org,Bouvet Island (Bouvetoya),2021-01-26,Standard,7400.46
5223,Alex Caldwell,ashleylogan@example.com,Angola,2023-03-27,Standard,4431.65
5224,Michelle Stokes,bhahn@example.com,Tonga,2021-11-26,Standard,463.81
5225,Tiffany Olson,qmckee@example.com,Saint Lucia,2020-05-16,Standard,7948.55
5226,Brittany Ford,jamie32@example.org,British Indian Ocean Territory (Chagos Archipelago),2021-10-27,Standard,8293.44
5227,Melissa Scott,adamsmith@example.com,Bahamas,2023-04-28,Premium,8367.90
5228,Sean George,ucameron@example.net,South Africa,2021-06-15,Standard,8233.03
5229,Ms. Patricia Ross,michael73@example.net,Qatar,2021-03-05,Basic,5432.61
5230,Michael Webster,gabriel74@example.com,British Virgin Islands,2025-04-28,Premium,3754.56
5231,Candace Taylor,qgrant@example.net,Swaziland,2023-01-10,Standard,6294.49
5232,Michael Allen,glandry@example.net,Congo,2023-09-12,Premium,5733.08
5233,John Stewart,richard22@example.com,Guinea,2024-01-30,Premium,6448.78
5234,Kimberly Torres,kkelley@example.net,Heard Island and McDonald Islands,2025-12-27,Basic,5032.26
5235,Julie Park,gary19@example.net,Bhutan,2023-09-02,Premium,7439.69
5236,Regina Bernard,jeffreycrosby@example.com,Liberia,2024-12-24,Standard,3931.69
5237,Brian Watts,qjohnson@example.org,Haiti,2024-09-11,Standard,7146.98
5238,Mr. Jason Arias DDS,hannahowens@example.org,Zambia,2024-05-31,Premium,5802.45
5239,Mark Lee,marytaylor@example.net,Montenegro,2022-09-27,Premium,7351.05
5240,Christine Clements,charles65@example.com,French Southern Territories,2023-12-26,Standard,9768.68
5241,Anita Murphy,millerjessica@example.net,Samoa,2025-08-25,Premium,9934.97
5242,Jon Carlson,jenniferrogers@example.org,Liechtenstein,2023-06-16,Basic,2878.94
5243,Rachel Collins,ashley43@example.com,Saudi Arabia,2023-04-14,Standard,4619.86
5244,Pamela Johnson,johnwebb@example.com,Saint Helena,2023-03-26,Standard,7269.39
5245,Steven Wilson,chris91@example.org,Vanuatu,2025-04-30,Premium,3013.61
5246,Andrew Gordon,katelyn83@example.com,Korea,2022-08-01,Standard,3302.81
5247,Joshua Wilson,uscott@example.org,Tanzania,2022-04-20,Standard,4477.01
5248,Jenny Adams,tamara08@example.org,Sri Lanka,2022-05-14,Standard,5288.77
5249,Michael Lopez,wmorales@example.com,Cayman Islands,2024-01-24,Standard,9317.66
5250,Angela Brown,bgriffin@example.net,Lesotho,2023-03-17,Standard,4404.31
5251,Todd Glenn,sean07@example.com,Zambia,2020-07-07,Basic,6709.70
5252,Jeffery Roach,warnermason@example.net,Malta,2024-12-20,Standard,7154.25
5253,Mario Henry,juliematthews@example.net,Lebanon,2020-09-20,Basic,3442.49
5254,Julie Anderson,austin68@example.net,Nicaragua,2024-12-25,Premium,1552.26
5255,Melissa Marshall,johnstonscott@example.net,Ecuador,2020-02-09,Standard,110.36
5256,Andrew Rodriguez,kendra20@example.net,Benin,2021-03-11,Premium,5384.14
5257,Andrew Cordova,michael74@example.org,Serbia,2025-10-30,Standard,2255.53
5258,Amber Nelson,ccruz@example.com,Denmark,2024-04-17,Basic,4041.44
5259,Cheryl Benjamin,swiley@example.net,Barbados,2024-10-11,Standard,519.51
5260,Jennifer Waters,briannaking@example.org,Poland,2022-03-21,Standard,5555.42
5261,Elizabeth Fisher,joshuapotter@example.com,Romania,2021-08-20,Standard,8947.07
5262,Robert Hale,stonemichelle@example.org,Nauru,2021-11-13,Standard,4868.86
5263,Joy Scott,cliffordfletcher@example.com,Cuba,2022-11-19,Standard,4113.34
5264,James Yu,chavezandre@example.net,Tonga,2024-01-03,Basic,2383.34
5265,Caitlin Diaz,johnrodriguez@example.net,Svalbard & Jan Mayen Islands,2025-03-08,Basic,6546.25
5266,Ashley Meza,wilkinssheila@example.org,Uruguay,2021-09-29,Standard,1233.08
5267,Emily Byrd,sean70@example.net,Moldova,2021-07-04,Premium,3639.87
5268,Jeffrey Johnson,thomasfritz@example.com,British Virgin Islands,2020-10-30,Standard,7058.77
5269,Katelyn Bennett,robertwoods@example.com,Chad,2024-07-25,Standard,909.28
5270,Austin Harrington,cwilliams@example.com,Bahamas,2024-06-25,Premium,2253.35
5271,Donald May,gary08@example.net,Guatemala,2023-04-08,Premium,7367.01
5272,Kimberly Hanson,kellyramirez@example.net,Kuwait,2021-07-08,Premium,7447.54
5273,Christopher Hayes,gholloway@example.org,Sweden,2021-03-03,Basic,3454.48
5274,Curtis Johnson,jennifer68@example.org,Northern Mariana Islands,2024-06-10,Standard,904.07
5275,Amanda Martinez,tara46@example.org,Sudan,2021-04-25,Standard,1339.94
5276,Michael Mullen,benitezmatthew@example.net,Liechtenstein,2020-08-19,Standard,2417.96
5277,Jake Rose,taylorsarah@example.net,Haiti,2022-08-09,Standard,1533.85
5278,Jason Velez,kenneth21@example.net,Vietnam,2023-04-14,Standard,3766.71
5279,Edward Zimmerman,cheryl70@example.org,Gabon,2020-12-18,Standard,8413.54
5280,Nicole Edwards,briananderson@example.net,Niue,2025-01-08,Standard,460.80
5281,Jordan Harris,hhensley@example.org,Tanzania,2020-10-16,Standard,2203.12
5282,Jason Mendoza,mathischristopher@example.com,Hong Kong,2024-11-24,Standard,3098.22
5283,Joshua Smith,sheltonpatricia@example.net,Belgium,2025-05-29,Standard,4965.49
5284,Travis Murphy,juanpalmer@example.org,Macao,2021-08-09,Standard,8881.75
5285,Wesley Nguyen,marsheric@example.com,Saint Martin,2020-09-30,Standard,1388.98
5286,Robert Gregory,wwatson@example.com,Solomon Islands,2021-04-30,Basic,8322.56
5287,Juan Weaver,sweaver@example.com,Svalbard & Jan Mayen Islands,2024-02-02,Basic,637.13
5288,Margaret Williams,deleonkenneth@example.net,Kazakhstan,2022-04-23,Premium,4977.76
5289,Matthew Russell,michaelpena@example.net,Hong Kong,2024-02-02,Standard,4463.30
5290,Bethany Robles,kevingriffith@example.org,Cyprus,2020-10-26,Standard,1555.27
5291,Adam Simpson,dmorgan@example.net,Mauritania,2025-01-20,Standard,1456.07
5292,Walter Kirby,perezandrew@example.com,Palestinian Territory,2020-05-23,Premium,4129.39
5293,Terry Brock,jasonstuart@example.com,Qatar,2024-04-19,Basic,4144.01
5294,Daniel Barry,tyler15@example.net,Cape Verde,2023-04-20,Basic,1992.50
5295,Mary Riley,sharon41@example.com,Saint Helena,2025-01-09,Basic,5389.28
5296,Barry Davis,operez@example.com,Myanmar,2023-08-17,Standard,4815.83
5297,Michelle Joyce,john02@example.com,Micronesia,2020-05-24,Standard,3929.31
5298,Natalie Clements,mcphersonteresa@example.net,British Virgin Islands,2022-04-24,Standard,1448.15
5299,Jacob Ramos,ibeasley@example.org,Pakistan,2020-10-22,Basic,8452.09
5300,Megan Arroyo,mitchelljulie@example.org,Belgium,2020-11-23,Standard,7808.56
5301,Andrew Walsh,jeremyjefferson@example.com,Afghanistan,2024-05-15,Standard,9978.63
5302,Adam Campbell,jonathan54@example.org,Congo,2023-10-27,Premium,2455.16
5303,Peter Russell,tpayne@example.org,Anguilla,2024-10-24,Premium,7805.60
5304,Trevor Clark,harrisontonya@example.net,Cape Verde,2024-02-07,Standard,4296.88
5305,Tamara Hernandez,zsmith@example.net,Mauritania,2024-10-19,Premium,8138.93
5306,Daniel Middleton,petersenbrandi@example.org,Bosnia and Herzegovina,2021-07-07,Basic,3183.00
5307,Lisa Santiago,jellis@example.com,Ghana,2024-07-03,Standard,5960.49
5308,Emily Davis,aaronmelton@example.net,Saint Pierre and Miquelon,2023-08-31,Standard,8661.28
5309,Gail Valenzuela,leebruce@example.net,Egypt,2022-06-14,Standard,6512.53
5310,Joshua Barnes,ortegaerin@example.com,Lithuania,2025-11-21,Basic,1175.76
5311,Sandra Parker,edwinthompson@example.net,Poland,2021-05-08,Premium,4641.80
5312,Joseph Santiago,christinerosales@example.net,Ukraine,2021-09-08,Standard,7876.31
5313,Anthony Shaw,julie24@example.net,Comoros,2023-06-05,Standard,2001.34
5314,Douglas Turner,padillascott@example.com,Denmark,2022-08-16,Standard,280.58
5315,Walter Ramsey,chloeraymond@example.net,Mauritania,2025-10-30,Standard,9152.60
5316,Melissa Gomez,lopezlacey@example.com,Italy,2023-09-29,Premium,6147.99
5317,Amber Lopez,keith06@example.org,United States Minor Outlying Islands,2025-07-16,Premium,2078.93
5318,Christopher Larsen,morgan93@example.net,Turks and Caicos Islands,2025-03-26,Basic,6997.02
5319,Michael Rojas,michelle56@example.com,Slovakia (Slovak Republic),2023-11-22,Basic,95.20
5320,Charles Anderson,vgarcia@example.net,Swaziland,2021-10-02,Basic,1756.37
5321,Bridget Mcbride,youngpeter@example.net,Nigeria,2020-03-01,Premium,4285.30
5322,Dana Cantu,jcastillo@example.org,Syrian Arab Republic,2025-07-26,Premium,5988.66
5323,Sarah Blankenship,tammydiaz@example.org,Palestinian Territory,2021-05-19,Basic,1809.16
5324,Nicole Wyatt,martinezamber@example.com,Dominica,2022-02-05,Premium,9712.93
5325,Chad Watson,evansjustin@example.org,Burundi,2023-09-06,Premium,6168.29
5326,Charles Davis MD,kelly97@example.net,Zambia,2021-02-08,Standard,3953.06
5327,Justin Diaz,nguyenchristine@example.org,Sao Tome and Principe,2023-04-21,Premium,414.99
5328,Cathy Harvey,stephanie20@example.net,Hungary,2023-03-31,Standard,8725.87
5329,Christian Frey,laurareeves@example.net,Mayotte,2022-04-21,Standard,652.20
5330,Katie Peters,juan61@example.net,Dominican Republic,2021-12-24,Premium,5044.82
5331,Mr. Kevin Simmons,owilcox@example.net,China,2024-04-21,Standard,6401.69
5332,Samantha Taylor,kennethmartinez@example.com,Azerbaijan,2024-05-06,Premium,6237.76
5333,Rebecca Clark,cmartinez@example.com,Turkey,2020-08-21,Standard,4176.66
5334,Timothy Perez,barbarabuchanan@example.org,Guinea-Bissau,2024-08-29,Basic,4653.42
5335,Erica Choi,sjensen@example.com,South Africa,2024-03-24,Basic,7357.22
5336,Krista Middleton,ubooth@example.org,Yemen,2022-03-30,Basic,8922.02
5337,Eric Jackson,joshuasalas@example.com,Luxembourg,2022-06-18,Standard,2742.29
5338,Rhonda Baker,johnsonclarence@example.net,Northern Mariana Islands,2023-08-24,Basic,8450.86
5339,Jamie Morrison,omar10@example.net,Papua New Guinea,2023-08-07,Basic,8643.76
5340,Vincent Mueller,dianamontgomery@example.net,Pitcairn Islands,2023-04-11,Standard,317.46
5341,Mark Anderson,jessica44@example.net,Russian Federation,2025-12-10,Premium,3011.01
5342,Dawn Jacobs,qdeleon@example.org,Kyrgyz Republic,2022-03-17,Premium,7495.78
5343,Andrew Silva,rcampbell@example.net,Dominican Republic,2020-09-01,Basic,7011.32
5344,Larry Ryan,jacquelineross@example.net,Tanzania,2023-12-26,Basic,5724.09
5345,Richard Page,andrewschristopher@example.com,Kenya,2020-08-27,Premium,2286.42
5346,Nichole Smith,susanstephens@example.net,San Marino,2025-11-26,Premium,3988.92
5347,Rachel Knight,angela72@example.net,Cocos (Keeling) Islands,2023-01-29,Standard,3769.80
5348,Joshua Harvey,joanna30@example.com,Libyan Arab Jamahiriya,2022-05-11,Basic,3799.78
5349,Barbara Ruiz,russell70@example.com,Svalbard & Jan Mayen Islands,2022-07-21,Premium,6425.39
5350,Aaron Flowers,gordonamber@example.com,Saint Helena,2023-02-02,Standard,8208.25
5351,Katelyn Castillo,grahamcharles@example.com,Azerbaijan,2025-07-04,Basic,173.61
5352,Melissa Taylor,vramos@example.net,Saint Barthelemy,2020-05-09,Basic,5049.07
5353,Andrew Reed,joanne72@example.com,Turks and Caicos Islands,2024-11-23,Basic,7596.74
5354,Jerry Dixon,jason60@example.net,Kenya,2023-08-16,Basic,7948.80
5355,Abigail Vargas,thomas81@example.org,British Virgin Islands,2022-03-08,Standard,680.47
5356,Kimberly Watson,jonesmichael@example.com,Angola,2020-10-30,Standard,618.61
5357,Michael Lam,jeff90@example.net,Serbia,2024-03-03,Basic,6551.49
5358,Karen Lam,maxwellthomas@example.org,French Polynesia,2022-02-28,Basic,6583.54
5359,Kara Fox,james95@example.com,Romania,2022-12-27,Standard,8160.06
5360,Deanna George,hoffmannathan@example.com,El Salvador,2025-02-14,Standard,4588.13
5361,Kristina Scott,jburnett@example.org,Israel,2021-12-03,Standard,9685.20
5362,Leslie White,iriley@example.com,Cayman Islands,2020-07-06,Basic,9549.93
5363,Amber Rhodes,william57@example.net,Korea,2020-03-01,Basic,258.36
5364,Kevin Carlson,lindafox@example.org,Antarctica (the territory South of 60 deg S),2022-08-16,Premium,7164.76
5365,Brandon Perry,michelleholmes@example.net,Svalbard & Jan Mayen Islands,2021-07-19,Basic,2486.89
5366,Brian Klein,rachelbenson@example.com,Samoa,2023-12-18,Basic,7245.13
5367,Mr. Benjamin Perez,matthew60@example.com,United States of America,2024-08-02,Standard,3148.00
5368,Jennifer Herman,vdominguez@example.net,Maldives,2022-12-27,Standard,11.38
5369,Thomas Rodriguez,hughessheri@example.org,Guam,2023-02-11,Basic,9502.87
5370,Lawrence Clark,smithjustin@example.com,Czech Republic,2022-10-22,Premium,2328.30
5371,Janet Sutton,burkeann@example.com,Martinique,2021-03-21,Basic,8642.38
5372,Erin Leblanc,millermaria@example.org,Micronesia,2020-07-26,Standard,9508.97
5373,Susan Molina,robert61@example.org,Dominican Republic,2022-04-08,Standard,7303.22
5374,Christopher Archer,dakota93@example.org,Nigeria,2021-04-27,Premium,1986.81
5375,Toni King,travis15@example.org,Kazakhstan,2025-05-19,Standard,6137.87
5376,Guy Reeves,brandyballard@example.org,Egypt,2025-10-09,Standard,8137.81
5377,Sara Robinson,ariel23@example.org,Angola,2021-09-25,Standard,7680.25
5378,Amy Martin,james13@example.com,Jordan,2025-10-12,Standard,7074.15
5379,Scott Smith,jamesevans@example.com,Peru,2025-07-06,Basic,672.43
5380,Sean White,brandon00@example.org,Kuwait,2025-12-01,Premium,6483.59
5381,Erica Ramirez,diazmary@example.net,Belarus,2021-01-03,Standard,3230.72
5382,Amy French,,Congo,2025-05-04,Standard,8676.78
5383,Seth Huffman,hopkinspaul@example.org,Mali,2020-12-14,Basic,4486.36
5384,Angela Mcdonald,richardgoodman@example.org,Russian Federation,2022-01-23,Standard,7789.69
5385,Brian Brown MD,rodriguezmichael@example.com,Zimbabwe,2025-07-01,Standard,5066.51
5386,Sarah Gomez,baileycheryl@example.com,Finland,2020-07-21,Basic,7599.72
5387,Mark Hampton,ashleyramsey@example.com,Bahamas,2021-05-29,Basic,5629.79
5388,Edwin King,omiller@example.com,Belize,2021-09-06,Standard,232.16
5389,Valerie King,tproctor@example.com,Trinidad and Tobago,2025-09-04,Premium,1327.80
5390,Phillip Tanner,edwardwilliams@example.net,Oman,2021-07-18,Standard,2216.17
5391,Sarah Schmitt,robertgutierrez@example.com,Mayotte,2021-08-28,Basic,594.22
5392,Mr. Michael Kelly,garciaheather@example.com,Niger,2024-05-24,Basic,6783.71
5393,Tracy Caldwell,vpearson@example.com,Venezuela,2024-02-16,Premium,1542.99
5394,Toni Brooks,xcollier@example.org,Oman,2025-01-04,Standard,545.80
5395,Monica Lewis,anthony78@example.net,Turks and Caicos Islands,2024-01-06,Basic,3862.15
5396,Donald Smith,janice45@example.org,Puerto Rico,2022-04-30,Standard,2703.64
5397,Amanda Jackson,clarkelizabeth@example.org,Cook Islands,2025-05-17,Basic,3552.83
5398,Jody Jones,wanda95@example.com,Cameroon,2025-10-29,Basic,8797.13
5399,Brian Robinson,moodykristen@example.com,India,2025-06-03,Standard,8092.04
5400,Gwendolyn Deleon,isantos@example.org,Cote d'Ivoire,2023-02-21,Standard,6013.47
5401,Russell Edwards,okeller@example.org,Cameroon,2023-05-03,Standard,9868.24
5402,Andrew Meadows,audreyrussell@example.com,Brazil,2021-10-17,Standard,252.51
5403,Corey Gomez,stevenflores@example.com,Niue,2023-10-03,Standard,1548.87
5404,Dawn Hanna,jose03@example.com,Central African Republic,2025-02-02,Standard,2088.48
5405,Michael Good,wjones@example.org,Russian Federation,2023-05-19,Standard,5071.08
5406,Jeremy Pope,melissahatfield@example.org,Honduras,2023-06-23,Standard,7406.67
5407,Anne Williams,brownjason@example.net,San Marino,2024-07-17,Standard,3265.63
5408,John Cross,robert63@example.org,Indonesia,2025-06-04,Standard,9800.33
5409,Patricia Peters,dixonkelly@example.com,Kuwait,2024-04-01,Standard,6876.88
5410,Kristine Vasquez,sbaker@example.net,Bermuda,2023-07-05,Standard,9792.80
5411,Paul Miller,jonathansimmons@example.com,Mozambique,2020-12-17,Premium,153.68
5412,Sarah Barnett,monicahall@example.net,Peru,2024-12-30,Standard,2668.87
5413,Jay Moreno,ronniefoster@example.org,Morocco,2021-02-01,Standard,7030.38
5414,Elizabeth Riley,maldonadobryan@example.net,Malaysia,2024-04-20,Standard,8889.27
5415,Lauren Kelly,hughesdavid@example.net,Cook Islands,2025-11-17,Standard,5555.88
5416,Collin Marquez,zwilliams@example.org,French Southern Territories,2020-07-10,Standard,4743.34
5417,Samuel Henry,asmith@example.org,Malaysia,2020-02-12,Basic,7028.72
5418,Jason Mejia,stephen65@example.com,Andorra,2025-04-08,Basic,4184.01
5419,Diana Bradley,sullivannancy@example.com,Saint Pierre and Miquelon,2020-08-14,Standard,1394.05
5420,Jessica Bailey,jennifer65@example.com,Ghana,2023-09-05,Basic,3156.10
5421,James Parker,rwatkins@example.com,Djibouti,2020-09-01,Standard,2602.41
5422,Christina Taylor,thomastara@example.net,Netherlands,2025-11-14,Basic,6161.12
5423,Cameron Brown,christine09@example.org,Israel,2020-03-07,Premium,5525.36
5424,Emily Young,fordmelissa@example.org,Congo,2021-03-31,Standard,686.11
5425,Kevin Lane,jeremy81@example.net,Slovenia,2020-06-09,Standard,7813.45
5426,Brandon Bauer,nicolas78@example.com,Haiti,2022-01-28,Standard,1150.37
5427,David Miller,edeleon@example.com,Cook Islands,2022-11-22,Standard,7068.11
5428,Mr. Peter Mitchell,tracey56@example.org,Cook Islands,2025-09-08,Premium,6122.53
5429,Ethan Hart,csolomon@example.org,Romania,2020-01-27,Standard,4188.10
5430,Richard Hampton,mperez@example.com,Somalia,2020-05-18,Basic,5371.49
5431,Brent Wong,bowens@example.com,Belgium,2021-04-29,Premium,8563.44
5432,Rose Sheppard,cristinasalazar@example.org,Papua New Guinea,2025-01-24,Standard,3002.60
5433,Shannon Simmons,diazapril@example.net,Brunei Darussalam,2020-08-22,Basic,8764.88
5434,Eric Richardson,tamaramccullough@example.org,Northern Mariana Islands,2023-09-12,Basic,1521.28
5435,Christian Stevens,kristina09@example.org,Gambia,2020-01-25,Standard,5017.90
5436,David Sanchez,osmith@example.org,Botswana,2025-01-09,Standard,8843.18
5437,Jesus Kelly,rbrown@example.com,Timor-Leste,2022-02-17,Basic,316.99
5438,Robert Blanchard,johnsonlee@example.com,Djibouti,2023-02-14,Standard,7325.80
5439,Valerie Harris,jonathansanchez@example.org,Maldives,2021-05-01,Premium,3012.41
5440,David Martin,jacobspamela@example.org,Vanuatu,2021-03-17,Premium,7063.87
5441,Samantha Ramirez,xtaylor@example.net,Bangladesh,2022-04-13,Premium,8756.32
5442,Joshua Howard,tiffany19@example.org,Turks and Caicos Islands,2022-01-25,Standard,156.11
5443,Tammy Bray,leslie91@example.net,Micronesia,2020-07-30,Basic,7230.37
5444,Linda Stevens,nlee@example.net,Fiji,2021-06-06,Basic,4515.84
5445,Troy Sanchez,kelleyjustin@example.org,Belgium,2020-11-30,Standard,3503.44
5446,Harry Lamb,brandon59@example.com,Sudan,2025-06-04,Basic,1198.53
5447,Shane Williams,nichole37@example.org,Egypt,2024-02-18,Basic,3574.75
5448,Jennifer Best,allenkurt@example.org,Russian Federation,2022-02-22,Standard,2160.27
5449,Austin Barnes,sherrynguyen@example.com,Slovenia,2022-06-13,Premium,7235.96
5450,Sara Simpson,torreskatrina@example.org,Belgium,2023-10-07,Standard,9913.62
5451,Lindsey Hopkins,robertcooper@example.net,Mayotte,2023-04-20,Standard,1866.33
5452,David Boyd,christopher23@example.org,Mongolia,2021-05-17,Standard,475.55
5453,Brian Hall,brandy16@example.com,Mongolia,2025-01-24,Basic,1463.29
5454,Kimberly Rose,brandonhernandez@example.net,Lebanon,2022-04-20,Premium,7470.00
5455,Jessica Lee,thomasnavarro@example.net,New Caledonia,2024-11-29,Standard,2023.97
5456,Julie Johnson,lindablake@example.com,Slovenia,2024-08-12,Standard,5119.59
5457,Alexis Moore,wdavis@example.net,South Africa,2021-07-23,Basic,9361.63
5458,Sandra Humphrey,jonesjeremy@example.com,Lao People's Democratic Republic,2021-02-12,Basic,7437.00
5459,Jody Ellis,sarahhodge@example.com,Kazakhstan,2023-11-19,Basic,4094.40
5460,Alexis Jones,dshaw@example.net,United Kingdom,2020-12-23,Standard,2605.69
5461,Kimberly Gould,qcox@example.net,Cocos (Keeling) Islands,2025-03-07,Premium,3034.50
5462,Kristine Powell,fhammond@example.com,San Marino,2022-06-03,Standard,8628.39
5463,Joel Baldwin,smithmegan@example.org,Bhutan,2024-05-08,Basic,4941.67
5464,Jean Wright,randalljames@example.com,American Samoa,2023-08-09,Standard,9888.12
5465,Victor Choi,nwebb@example.org,Indonesia,2020-06-22,Premium,6381.37
5466,Steven Anderson,johnnunez@example.org,Bolivia,2022-02-18,Basic,5791.56
5467,Mr. Jeffery Frost,gwalker@example.org,Sudan,2025-12-12,Premium,3552.03
5468,Autumn Powell,walkertammy@example.org,Ethiopia,2020-08-10,Premium,8511.83
5469,Paul Ferguson,patrick40@example.com,United States Minor Outlying Islands,2021-10-05,Standard,8603.15
5470,Christopher James,samanthajones@example.net,Cook Islands,2025-07-12,Standard,6266.80
5471,Adam Anthony,juliescott@example.net,Swaziland,2023-10-01,Premium,6716.97
5472,Tyrone Dennis,curtis14@example.org,Israel,2021-10-09,Basic,417.59
5473,Mitchell Silva,smithjames@example.com,Armenia,2025-03-31,Basic,127.71
5474,Elizabeth Brown,robertgarcia@example.com,Wallis and Futuna,2022-09-30,Standard,5076.08
5475,John Allison,wallacejonathan@example.net,Belize,2020-01-12,Standard,1340.42
5476,Jeff Johnson,drowe@example.net,Vanuatu,2021-07-07,Basic,1806.34
5477,Teresa Wallace MD,rgreen@example.net,Finland,2021-11-02,Basic,2432.42
5478,Sandra Phillips,aharrington@example.net,Lithuania,2023-11-06,Premium,4994.81
5479,Lisa Becker MD,zwilliams@example.net,French Guiana,2025-04-28,Premium,7449.88
5480,Jennifer Blanchard,thomaspotts@example.org,Aruba,2025-12-24,Standard,6230.87
5481,Grant Smith,shermantaylor@example.org,Panama,2024-05-09,Basic,676.45
5482,Mark Aguilar,sharon48@example.org,Belize,2022-04-14,Premium,8466.30
5483,Amy Allen,allenmelissa@example.net,Belarus,2025-03-24,Standard,2355.70
5484,Crystal Ross,bochoa@example.net,Pitcairn Islands,2024-04-04,Standard,6237.85
5485,Eddie Nicholson,vanessa38@example.net,Dominican Republic,2025-09-09,Basic,8152.53
5486,Mrs. Stephanie Acevedo,ynelson@example.com,Christmas Island,2025-10-29,Standard,344.50
5487,Kyle Walker,nnelson@example.org,Kuwait,2021-03-02,Standard,7293.97
5488,Billy Cummings,patrick41@example.com,Korea,2021-08-27,Standard,781.76
5489,Molly Weeks,xbenson@example.com,Pitcairn Islands,2021-03-16,Basic,8242.03
5490,Sue Smith,xparker@example.com,Cook Islands,2021-10-08,Basic,1968.88
5491,Sean Banks,elizabetholsen@example.com,Cyprus,2020-08-19,Standard,3334.01
5492,Heidi Sheppard,tsexton@example.org,Cambodia,2023-01-05,Basic,9814.86
5493,Joshua Henson,kennethadkins@example.net,Latvia,2021-05-14,Basic,651.80
5494,Heather Wilson,wmartinez@example.net,Madagascar,2022-07-02,Premium,2773.51
5495,Nicholas Johnson,jameskemp@example.net,Cuba,2024-04-19,Standard,8026.13
5496,Mary Andrews,evanstimothy@example.org,Luxembourg,2020-04-22,Standard,1500.82
5497,Kayla Smith,patriciareynolds@example.net,Guyana,2024-11-01,Standard,6724.08
5498,Wendy Horn,ramosjason@example.org,Kazakhstan,2025-04-16,Premium,8180.52
5499,Michael Russell,dyoung@example.com,Ukraine,2023-02-22,Standard,1127.81
5500,Isaiah Oliver,rachelmiller@example.com,Guyana,2025-09-20,Premium,2514.34
5501,Andrew Allen DDS,vedwards@example.org,Korea,2025-10-19,Standard,2736.17
5502,Brandon Michael,zcooper@example.org,China,2024-09-09,Standard,5331.65
5503,Jennifer Swanson,raymondmartin@example.com,Palestinian Territory,2022-11-03,Basic,5806.45
5504,Randy Rivera,rowlandvincent@example.net,Afghanistan,2022-06-04,Standard,6589.55
5505,Samuel Thompson,ohernandez@example.net,Puerto Rico,2022-07-24,Basic,1550.69
5506,Sarah Jones,jesus94@example.org,Uruguay,2022-01-30,Standard,718.91
5507,Stacey Anderson,qwilliams@example.com,Samoa,2020-12-17,Basic,1390.75
5508,Shawn Phillips,zthompson@example.net,Austria,2023-05-27,Standard,3254.59
5509,Scott Walter,romanroger@example.net,Namibia,2020-06-16,Standard,5699.75
5510,Andrea Holt,kathleen33@example.com,British Indian Ocean Territory (Chagos Archipelago),2024-10-31,Basic,7064.26
5511,Rebecca Rollins,blackjose@example.org,Norway,2023-08-22,Basic,6732.87
5512,Trevor Myers,dennis69@example.com,Cayman Islands,2021-02-06,Standard,4631.71
5513,Tiffany Shaffer,obrienjonathan@example.net,Saint Helena,2021-06-11,Standard,5644.22
5514,Joshua Morrison,evan57@example.org,Gabon,2021-06-04,Standard,7929.54
5515,Shawn Guzman,maurice91@example.com,Saint Vincent and the Grenadines,2023-10-24,Premium,3991.04
5516,Edward Harper,sarah81@example.org,Monaco,2024-07-02,Basic,7985.20
5517,Emily Austin,xanderson@example.org,Micronesia,2025-03-05,Basic,1467.46
5518,Cole Fowler,elizabeth66@example.org,Belize,2020-10-16,Basic,4890.82
5519,Joseph Smith,kedwards@example.com,Montenegro,2025-12-28,Basic,140.31
5520,Anthony Cabrera,ejackson@example.org,Jamaica,2024-01-04,Standard,7313.66
5521,Dr. Brandon Espinoza,aaron89@example.org,Norfolk Island,2021-10-04,Standard,7758.42
5522,Christine Bell,smithrobert@example.net,Colombia,2024-01-18,Standard,3299.66
5523,Gregory Bender,sherrycolon@example.com,Isle of Man,2021-04-29,Standard,1059.16
5524,Ashley Evans,jeremycherry@example.org,Mayotte,2024-01-01,Standard,1640.11
5525,Mark Fields,ryancoleman@example.com,Saint Lucia,2024-02-07,Premium,9215.53
5526,Dorothy Lee,christopherreed@example.org,Guyana,2024-08-06,Basic,5657.34
5527,Ryan Ward,jstanley@example.com,Timor-Leste,2020-10-22,Standard,5947.07
5528,Alejandra Allen,moraleswilliam@example.net,Sudan,2020-04-27,Basic,6336.24
5529,Clifford Doyle,michael98@example.org,Singapore,2023-02-23,Standard,79.63
5530,Linda Gray,johnmurphy@example.net,Saint Helena,2024-04-10,Standard,1083.26
5531,Cassandra Douglas,monique87@example.org,Pakistan,2021-10-25,Standard,9673.45
5532,Ian Kelly,karen33@example.net,British Virgin Islands,2021-10-20,Premium,6487.65
5533,Jeffery Haney,hardingjoel@example.org,Bahamas,2022-01-08,Standard,4196.57
5534,Eric Burns,andrew18@example.org,Angola,2024-04-15,Standard,5243.85
5535,Carolyn Price,natasha86@example.com,Cameroon,2024-03-23,Standard,1714.06
5536,Heather Carpenter,james24@example.org,Saint Vincent and the Grenadines,2022-08-08,Standard,3701.15
5537,Christopher Lewis,doris45@example.net,Tunisia,2021-01-22,Standard,2683.45
5538,Erin Stevens,grahamnicole@example.net,Botswana,2020-02-13,Standard,1958.06
5539,Ashley Conner,craigsmith@example.net,Belize,2020-06-12,Standard,3922.50
5540,James Gray,sdiaz@example.net,Rwanda,2022-02-03,Basic,2176.09
5541,Brent Lopez,ijordan@example.org,American Samoa,2021-03-07,Premium,918.52
5542,Joshua Fuller,amy07@example.com,Uganda,2023-11-11,Premium,911.76
5543,Jimmy Smith,adam75@example.net,China,2021-08-01,Standard,4508.89
5544,Andrew Simpson,adamsjeremy@example.org,Solomon Islands,2023-02-04,Basic,5946.86
5545,Kathryn Smith,sarah24@example.net,Yemen,2020-08-13,Premium,3571.81
5546,Ashley Richardson,williamssteven@example.com,Saint Lucia,2021-07-06,Premium,2542.28
5547,Rachel Thomas,xdixon@example.net,Qatar,2020-04-18,Premium,56.80
5548,Brian Ruiz,nicholasclark@example.org,Togo,2022-03-08,Standard,8665.40
5549,Thomas Wall,michael93@example.org,United States Minor Outlying Islands,2021-10-21,Basic,5580.30
5550,Andrew Jones,nortega@example.com,Dominica,2022-05-23,Standard,848.63
5551,Angela Byrd,brownlaura@example.org,Tokelau,2020-08-30,Standard,9199.57
5552,Shawn Hamilton,jbuckley@example.net,Papua New Guinea,2024-02-11,Standard,5542.04
5553,Brian Bradford,hannah98@example.org,Serbia,2024-03-27,Standard,2470.20
5554,Lindsey Watson,mwarren@example.org,Uruguay,2022-05-24,Standard,5414.85
5555,Peter Allen,cliffordcross@example.org,Jamaica,2020-09-03,Basic,2563.83
5556,Christina Choi,derekbeck@example.net,Estonia,2024-09-21,Standard,1431.84
5557,Kyle Black,phillipskari@example.com,United Arab Emirates,2024-02-09,Basic,1314.48
5558,Michael Miller,phillipfarmer@example.net,United States of America,2020-08-27,Premium,5363.81
5559,Eric Schaefer,gordondouglas@example.org,Sudan,2025-10-15,Standard,2027.21
5560,Neil Guzman,vhoffman@example.org,Israel,2023-06-07,Standard,7467.81
5561,Ms. Kayla Grant,williamseduardo@example.com,French Polynesia,2023-06-14,Basic,2777.76
5562,Joshua Mata,fmorgan@example.org,Svalbard & Jan Mayen Islands,2024-01-17,Standard,9837.77
5563,Brian Hamilton,christina72@example.com,British Virgin Islands,2021-03-31,Standard,8517.96
5564,Stephen Simpson,johnsonrobert@example.com,Switzerland,2023-04-19,Premium,5650.50
5565,Jennifer Morris,david77@example.net,Bulgaria,2021-09-10,Standard,2571.42
5566,Beth Archer,williamsholly@example.org,Maldives,2022-09-03,Premium,9640.75
5567,John Adams,victoriasmith@example.com,Cambodia,2020-01-20,Premium,4182.85
5568,Robert Snyder DDS,zmichael@example.net,Cameroon,2020-05-14,Standard,285.88
5569,Jeremy Smith,qbrown@example.org,Equatorial Guinea,2022-06-03,Standard,5505.59
5570,Marcus Butler,john56@example.com,Swaziland,2020-04-14,Standard,4805.17
5571,Lisa Smith,lewisbarbara@example.net,Libyan Arab Jamahiriya,2020-09-06,Standard,2407.77
5572,Catherine Berger,olivia02@example.net,Micronesia,2024-09-21,Basic,2439.60
5573,Peggy Morales,gonzalezlauren@example.com,Saudi Arabia,2025-02-16,Basic,3491.76
5574,David Dyer,benjaminpowell@example.org,Hong Kong,2023-04-25,Standard,8803.14
5575,Jake Wong,milessusan@example.com,Myanmar,2023-06-25,Basic,6411.06
5576,Martin Thomas,bethlucas@example.org,Brunei Darussalam,2021-03-27,Basic,2608.60
5577,Sara Shelton,howellbill@example.com,Israel,2020-03-15,Standard,6220.64
5578,Kevin Lara,dfranklin@example.org,Burkina Faso,2024-03-08,Basic,7333.80
5579,Sydney Novak,nathancarter@example.com,Senegal,2020-07-10,Basic,9160.07
5580,Jimmy Fox,myersdenise@example.net,Iraq,2025-05-10,Basic,3328.60
5581,Sergio Anderson,kristen30@example.net,Aruba,2025-09-01,Standard,6228.63
5582,Debra Peterson,andrew08@example.org,Greece,2022-04-05,Standard,6404.35
5583,Brandon Collins,willismichael@example.com,Maldives,2025-05-14,Standard,3345.81
5584,John Mills,annettemay@example.net,United States of America,2025-12-29,Premium,1580.80
5585,Mr. Michael Hoffman Jr.,frank16@example.net,Comoros,2022-03-16,Standard,2850.89
5586,Laura Simon,davisthomas@example.com,Costa Rica,2020-11-15,Basic,5856.30
5587,Heather Roy,lleon@example.org,United Kingdom,2024-10-30,Premium,655.98
5588,Crystal Roberts,grace25@example.com,Croatia,2020-07-15,Basic,1654.71
5589,Derek Snyder,festes@example.com,Afghanistan,2020-08-17,Standard,9249.42
5590,Donna Herring,maryvazquez@example.com,Mali,2025-06-16,Premium,9786.00
5591,Michael Grant,aaron69@example.net,French Guiana,2025-08-04,Standard,1403.69
5592,Charles Mills,jill47@example.org,Suriname,2024-04-22,Basic,2525.75
5593,Laura White,tracyjohnson@example.org,Malaysia,2025-02-04,Standard,5648.33
5594,Sara Berger,allen87@example.org,Sao Tome and Principe,2020-02-15,Standard,7212.53
5595,Margaret Ward,tlogan@example.com,Liberia,2021-04-20,Standard,1302.07
5596,Yolanda Hayes,johnsilva@example.com,Oman,2021-09-24,Standard,9644.12
5597,Jesse Barron,gonzalesedward@example.net,Antigua and Barbuda,2021-09-22,Standard,1058.68
5598,David Beltran PhD,juliemiller@example.com,United States Minor Outlying Islands,2023-08-17,Standard,8203.84
5599,Rachel Martinez,garciawillie@example.com,Bulgaria,2025-03-19,Basic,4497.15
5600,Andrea Barnes,kzamora@example.com,Portugal,2025-07-10,Standard,7705.54
5601,Donna Hamilton,roywebb@example.net,French Polynesia,2023-04-12,Standard,6766.48
5602,Joseph Jimenez,kwillis@example.org,Yemen,2021-05-24,Basic,5927.92
5603,Sarah Williamson,ijohnson@example.net,Turkmenistan,2021-04-14,Standard,7356.37
5604,Lydia Hamilton,ibruce@example.net,Slovenia,2024-07-01,Basic,1253.38
5605,Christina Boone,velezrobert@example.net,Ecuador,2023-08-05,Standard,4643.27
5606,Ronald Page,margaret08@example.net,North Macedonia,2022-06-02,Standard,9117.29
5607,Kaitlin Rios,theresaschneider@example.com,Argentina,2024-09-14,Premium,5016.66
5608,Leah Ramirez,rmiller@example.net,Seychelles,2022-05-27,Premium,4451.57
5609,Linda Wallace,jay57@example.org,Libyan Arab Jamahiriya,2022-02-24,Basic,2262.63
5610,Chad Cochran,laura08@example.com,Barbados,2025-07-19,Standard,4238.27
5611,Melissa Mccoy,westamanda@example.net,South Africa,2024-12-06,Basic,1558.47
5612,Ann Arnold,,France,2021-04-01,Premium,7538.45
5613,Steven Brown,nguyenharry@example.net,Mozambique,2024-07-09,Standard,1087.06
5614,David Wallace,gdixon@example.net,Venezuela,2021-11-03,Standard,2745.48
5615,Jaime Lee,david54@example.org,Haiti,2022-07-23,Basic,5565.31
5616,Benjamin White,harveymatthew@example.org,Senegal,2025-11-20,Standard,4969.56
5617,Monique Casey,lamberttanya@example.com,Philippines,2024-11-29,Standard,8534.98
5618,Tony Patel,csilva@example.net,Svalbard & Jan Mayen Islands,2022-08-31,Standard,1197.09
5619,Mrs. Olivia Pena,daniel16@example.com,Jordan,2025-03-07,Standard,8717.99
5620,Anthony Sherman,richardhinton@example.org,Moldova,2023-04-08,Standard,818.73
5621,Jennifer Fernandez,allenriley@example.net,Algeria,2020-09-25,Premium,9397.81
5622,Richard Lee,danielbennett@example.net,Hungary,2020-08-28,Standard,4127.49
5623,Amber Gonzalez,kimcarney@example.net,Guadeloupe,2025-12-02,Standard,2017.13
5624,Brandon Bennett,hholmes@example.com,Lao People's Democratic Republic,2023-04-05,Basic,7927.14
5625,Richard Keller,wilsonjoy@example.com,French Southern Territories,2023-12-02,Basic,6836.32
5626,David Santana,james38@example.org,British Indian Ocean Territory (Chagos Archipelago),2022-04-23,Standard,8785.05
5627,James Moreno,donnaterry@example.org,Thailand,2022-12-23,Standard,8330.36
5628,Danielle Best,emily44@example.org,Sri Lanka,2023-12-13,Standard,4172.27
5629,Rachael Lee,simmonsapril@example.com,Korea,2022-11-14,Standard,5108.55
5630,Casey Gallegos,urobinson@example.net,Panama,2022-10-06,Standard,8999.84
5631,Dillon Mueller,ifrederick@example.net,Belize,2023-03-11,Standard,7276.09
5632,Eric Friedman,zblevins@example.org,Benin,2024-03-22,Premium,5218.98
5633,Christine Norton,rsantana@example.com,Montserrat,2025-05-12,Basic,7421.38
5634,Kelly Harris,qmorgan@example.net,Lithuania,2020-02-15,Standard,5443.66
5635,Janice Bowman,paulhill@example.org,Cape Verde,2025-08-29,Premium,111.36
5636,Daniel Jones,martinjoshua@example.com,Guinea,2024-11-27,Standard,2401.73
5637,Shelby Lopez,sheila66@example.org,Libyan Arab Jamahiriya,2025-11-11,Premium,9609.27
5638,Mary Lopez,emmajones@example.net,Eritrea,2024-08-10,Basic,5164.82
5639,Katie Pratt,johnsonshelby@example.org,Australia,2020-11-25,Standard,6092.92
5640,Pamela Brewer,wjackson@example.com,Tanzania,2023-03-05,Standard,2523.84
5641,Alvin Martinez,guysmith@example.org,Heard Island and McDonald Islands,2021-03-03,Standard,1385.21
5642,Brendan Gomez,awise@example.net,Netherlands,2022-07-04,Basic,2726.05
5643,Jacqueline Soto,,Sao Tome and Principe,2023-06-04,Premium,6443.11
5644,Wayne Zimmerman,gallaghernina@example.net,Turks and Caicos Islands,2022-02-21,Basic,7418.70
5645,Jeffrey Simon,hubercristian@example.com,Liberia,2024-04-29,Standard,4165.22
5646,Martha Gray,taraperez@example.org,Iraq,2022-12-14,Standard,8304.97
5647,Joyce Adams,achavez@example.org,Sri Lanka,2025-10-14,Basic,4124.67
5648,Kirsten Cole,campbelltamara@example.com,Bahamas,2023-09-21,Standard,2793.34
5649,Jennifer Murphy,kylemeyer@example.org,United States Minor Outlying Islands,2022-11-25,Premium,510.70
5650,Madison Vasquez,vcowan@example.org,Uzbekistan,2025-05-04,Standard,8760.40
5651,Stephen West,othomas@example.org,Australia,2020-04-01,Standard,3826.34
5652,Cynthia Wallace,jaclynmoore@example.org,British Virgin Islands,2023-09-19,Standard,4537.71
5653,Victor Peters,rowens@example.org,Turkmenistan,2020-06-27,Basic,6612.26
5654,John Harris,lawrenceberry@example.net,Gibraltar,2022-09-27,Premium,8044.56
5655,Danielle Allen,qnunez@example.org,Antigua and Barbuda,2021-08-07,Standard,261.80
5656,Eric Gates,henry04@example.com,Dominican Republic,2025-08-20,Basic,9030.09
5657,Amy Mckee,colleen72@example.net,Benin,2023-07-04,Basic,4382.77
5658,Autumn Berry,tracy45@example.com,Cote d'Ivoire,2022-01-01,Standard,7266.57
5659,Daniel Morrison,gcook@example.org,Lebanon,2025-01-29,Standard,8324.69
5660,Mason Yang,ashley41@example.net,Montserrat,2025-10-05,Basic,9063.22
5661,Trevor Miller,zlittle@example.net,Zambia,2023-09-27,Standard,725.89
5662,Matthew Elliott,melissa23@example.com,Guadeloupe,2022-02-14,Basic,9578.60
5663,Paul Patel,griffinmary@example.net,China,2020-01-04,Standard,6726.65
5664,Debbie Case,kristyholt@example.org,Bolivia,2025-12-19,Standard,3356.19
5665,Bill Avila,thomasjones@example.net,Svalbard & Jan Mayen Islands,2023-02-06,Standard,6628.23
5666,Brent Roberts,edward98@example.com,British Indian Ocean Territory (Chagos Archipelago),2023-06-03,Basic,1354.86
5667,Trevor Mosley,scott86@example.com,Saint Martin,2025-02-09,Standard,4717.73
5668,Zachary French,dwalsh@example.org,Cote d'Ivoire,2023-12-11,Standard,6300.71
5669,Anna Reynolds DDS,robert47@example.org,Cayman Islands,2024-04-04,Standard,8500.74
5670,Colleen Summers,oking@example.net,Niue,2024-10-14,Standard,179.79
5671,Zachary Carlson,robin75@example.org,Zimbabwe,2024-11-29,Premium,8001.68
5672,Amber Davis,cmarks@example.net,Cook Islands,2025-10-05,Premium,4473.00
5673,Amanda Lewis,ybarnes@example.org,Sri Lanka,2022-08-30,Premium,1323.24
5674,Gregory Hernandez,james48@example.net,Burundi,2020-11-16,Basic,7806.08
5675,Robert Smith,osanders@example.org,Belarus,2021-12-07,Standard,5652.22
5676,Rebekah Beasley,hudsonheidi@example.net,Christmas Island,2022-10-28,Standard,9409.32
5677,Kenneth Sullivan,hernandezevelyn@example.org,Lithuania,2023-07-14,Standard,5356.58
5678,James Coffey,jeremybarron@example.net,Heard Island and McDonald Islands,2023-08-25,Standard,7117.77
5679,Debra Zimmerman,perezpatricia@example.net,Western Sahara,2024-11-26,Basic,1394.68
5680,Erica Sanchez,gking@example.org,Niue,2023-01-02,Standard,6916.39
5681,Mark Bennett,psmith@example.net,Serbia,2025-05-06,Basic,5421.29
5682,Thomas Booker,leah96@example.net,Singapore,2021-03-21,Basic,8732.16
5683,Elizabeth Smith,justin50@example.com,Grenada,2021-12-22,Standard,5818.19
5684,Heather Rose,hilljoel@example.org,Chile,2023-03-16,Standard,609.98
5685,Patricia Bradley,alvaradochristopher@example.org,Marshall Islands,2021-09-17,Standard,2479.56
5686,Amy Fuentes,jgutierrez@example.net,Fiji,2022-12-08,Standard,5240.28
5687,David Lopez,christophersmith@example.net,Morocco,2024-05-26,Standard,8433.34
5688,Samuel Bell,susanwillis@example.org,Heard Island and McDonald Islands,2023-05-08,Standard,4456.21
5689,Stephanie Ferguson,shawn44@example.org,United States Minor Outlying Islands,2025-06-13,Standard,6033.34
5690,Lawrence Silva,martinamy@example.org,Latvia,2021-11-01,Standard,7525.00
5691,Daniel Hernandez,joanmiller@example.net,Portugal,2022-08-25,Standard,7421.88
5692,Miss Sherri Fox,shelly93@example.org,Cambodia,2022-01-24,Basic,2604.69
5693,Sandra Edwards,derekchristensen@example.com,Israel,2020-02-19,Basic,8266.56
5694,Anthony Cook,alexandra45@example.com,Barbados,2020-06-28,Standard,9509.97
5695,Laura Richardson,fordmathew@example.net,Mongolia,2021-04-23,Standard,8084.78
5696,Cameron Rosario,halldennis@example.com,Myanmar,2020-12-07,Basic,9077.85
5697,Joseph Johnson,nclark@example.net,Uzbekistan,2025-04-28,Standard,8234.72
5698,Brenda Carr,munozthomas@example.com,Ukraine,2025-02-23,Premium,4079.66
5699,Kayla Davis,myersrebecca@example.net,Cameroon,2024-01-13,Basic,5828.54
5700,Adam Robles,sean59@example.org,France,2023-11-29,Basic,1574.44
5701,David Juarez,wileykiara@example.com,Saint Barthelemy,2022-08-01,Basic,6981.59
5702,Juan Anderson,qjimenez@example.com,Brazil,2025-03-04,Basic,7540.69
5703,Lindsey Phillips,ryankathleen@example.com,Netherlands,2022-07-29,Basic,7495.40
5704,Sabrina Gutierrez,scannon@example.org,Isle of Man,2020-09-23,Basic,2165.20
5705,Christina Thomas,christopherjohnson@example.net,Turkmenistan,2024-11-23,Basic,8930.71
5706,Jeffrey Garrison,matthew96@example.com,United States of America,2022-09-04,Premium,666.33
5707,Jacob Chen,grayjoseph@example.com,Saint Lucia,2023-06-27,Basic,5714.35
5708,Lisa Castillo,cookbrooke@example.net,Bahamas,2024-06-28,Premium,6227.67
5709,Kenneth Hawkins,peterskelly@example.net,Niger,2024-07-06,Basic,6762.76
5710,Jasmine Patterson,rcastro@example.com,Slovakia (Slovak Republic),2025-10-13,Standard,2102.74
5711,Dr. Jesse Bryan DDS,omckinney@example.com,United States Virgin Islands,2022-11-06,Standard,761.21
5712,Terry Oconnor MD,brandonhumphrey@example.org,Saint Lucia,2022-11-02,Standard,1358.37
5713,Gabriella Stephens,ricky73@example.org,Botswana,2023-11-16,Basic,5006.14
5714,Veronica Brady,crystal82@example.com,Malawi,2021-07-30,Basic,7781.93
5715,Lisa Wallace,stephaniestrong@example.net,Paraguay,2024-09-17,Basic,973.79
5716,Aaron Howe,betty62@example.org,Macao,2021-08-06,Premium,7164.80
5717,Kenneth Stephens,joanne45@example.org,Bulgaria,2023-03-05,Standard,2762.01
5718,Garrett Richardson,lindsay43@example.net,Estonia,2023-11-15,Premium,6087.12
5719,Robert Sanchez,lindseyolivia@example.org,Portugal,2023-06-24,Standard,1311.84
5720,John Briggs,hayeselizabeth@example.org,United States of America,2022-01-05,Premium,6210.04
5721,John Johnson,kevin53@example.net,Philippines,2023-10-13,Standard,7996.12
5722,Jessica Rojas,zrivera@example.org,Papua New Guinea,2020-05-12,Standard,5083.75
5723,Gloria Myers,jennifer95@example.com,Hong Kong,2025-05-30,Standard,7556.80
5724,Jesse Foster,allenjoseph@example.org,Cyprus,2024-09-14,Basic,2200.73
5725,Lisa Howell,wattsmaria@example.net,Antigua and Barbuda,2025-04-11,Premium,4050.11
5726,Troy Johnson,davisjeremy@example.net,Angola,2025-04-21,Standard,9239.86
5727,Stacy Nelson,jmartinez@example.net,Czech Republic,2020-10-27,Basic,5433.07
5728,Shirley Davis,wadekevin@example.com,Venezuela,2021-03-26,Basic,0.77
5729,Karen Pollard,kwalker@example.org,Czech Republic,2020-12-20,Standard,9255.36
5730,Curtis Hooper,whitebobby@example.net,Seychelles,2023-01-22,Basic,2162.98
5731,Jessica Suarez,james24@example.net,Bolivia,2021-05-15,Premium,215.41
5732,Christopher Garcia,wmacdonald@example.net,Panama,2023-09-07,Premium,919.40
5733,Hayden Mcintyre,pamelaharper@example.net,Panama,2025-07-30,Standard,3970.85
5734,Christina Garcia,mlyons@example.net,Canada,2022-01-08,Standard,2203.09
5735,Thomas Beck,timothy12@example.com,Tunisia,2025-06-03,Premium,5700.96
5736,Jason Webster,johnathanfisher@example.com,Germany,2025-03-25,Standard,2476.24
5737,Maria Smith,blevinssean@example.org,Cote d'Ivoire,2021-11-16,Basic,9964.54
5738,William Cooper,tsmith@example.com,Bhutan,2025-03-30,Premium,3018.23
5739,Ronald Cook,tracyhoward@example.net,Reunion,2020-08-02,Standard,1469.12
5740,Michelle Copeland,debraball@example.org,Slovakia (Slovak Republic),2023-12-14,Standard,7.05
5741,William Hudson,nbooth@example.org,Malaysia,2021-10-20,Standard,2893.62
5742,David Rice,susanhodge@example.net,Palestinian Territory,2020-07-10,Basic,6568.63
5743,Joseph Trujillo,burnsstephanie@example.com,United States Virgin Islands,2020-02-12,Standard,6699.88
5744,Stacey Blackburn,jeffrey07@example.com,Burkina Faso,2021-03-19,Basic,5944.41
5745,Raymond Smith,evan08@example.com,Western Sahara,2023-06-29,Basic,7444.14
5746,Christina Preston,ysimon@example.com,Burkina Faso,2025-12-05,Basic,5608.09
5747,Anna Davis,zgreene@example.org,Iraq,2022-11-03,Premium,1728.68
5748,Dr. Deanna Lane,hannah68@example.com,Mauritania,2022-03-18,Standard,3696.83
5749,Lori Washington,suarezalec@example.com,Togo,2021-01-22,Premium,4869.79
5750,Dennis Jefferson,oarellano@example.net,Tajikistan,2022-02-20,Standard,8919.33
5751,Crystal Ross,hortondavid@example.net,Guatemala,2023-08-31,Standard,5143.79
5752,Stephen Edwards,fernandezdonna@example.org,Brunei Darussalam,2021-04-08,Premium,1773.45
5753,Anthony Byrd,ysmith@example.com,Montenegro,2025-12-28,Standard,721.42
5754,Jose Harrison,millerdavid@example.com,Togo,2025-06-17,Premium,7452.47
5755,Wesley Hughes,haydenbrad@example.com,Bahrain,2021-07-20,Standard,2030.00
5756,Katherine Armstrong,madison03@example.net,Senegal,2023-09-15,Premium,8087.90
5757,Robert Rush MD,henrymichael@example.org,Canada,2025-05-17,Basic,4990.51
5758,Sherry Perez,emma56@example.com,New Zealand,2021-07-03,Premium,2386.12
5759,William Frederick,juliehunter@example.com,Guinea-Bissau,2025-01-12,Premium,9666.82
5760,Melissa Smith,justin15@example.com,Honduras,2020-02-01,Standard,3857.68
5761,Evan Whitaker,denisewillis@example.com,Haiti,2023-03-24,Standard,8598.41
5762,Kimberly Howell,tracyfoster@example.net,Holy See (Vatican City State),2021-11-25,Standard,9851.22
5763,Lisa Mcdonald,spayne@example.com,Bosnia and Herzegovina,2022-07-20,Basic,4081.36
5764,Luke Turner,qfields@example.com,Nepal,2024-11-04,Standard,7637.94
5765,Brianna Cannon,vbrown@example.org,Netherlands,2023-06-13,Standard,6736.42
5766,Erica Jones,michaeldavis@example.net,Zambia,2023-02-18,Premium,9826.97
5767,Jeanne Ortiz,terri13@example.net,New Caledonia,2021-06-07,Basic,6253.83
5768,Michelle West,allenchristine@example.org,Azerbaijan,2022-01-16,Premium,80.85
5769,Matthew Brown,payneangela@example.com,Gibraltar,2023-04-12,Standard,6885.71
5770,Vicki Wilson,wrightdeanna@example.com,Grenada,2021-06-30,Premium,8670.32
5771,William Martinez,taylorramos@example.net,Moldova,2021-02-01,Basic,6217.28
5772,Robert Thornton,bgreen@example.net,Bahrain,2020-04-30,Standard,673.89
5773,Ryan Lynn,rodriguezariel@example.net,Malaysia,2025-04-16,Standard,6052.03
5774,Juan Nguyen,ralph93@example.com,Djibouti,2020-09-09,Premium,5169.71
5775,Christine Lewis,rebecca20@example.net,Lesotho,2025-02-18,Basic,9205.78
5776,Amy Gonzales,arroyojustin@example.org,Paraguay,2023-04-06,Standard,442.62
5777,Justin Wilkerson,hornangela@example.com,Falkland Islands (Malvinas),2025-06-20,Standard,6810.15
5778,Kimberly Stokes,stevensmatthew@example.com,Netherlands Antilles,2022-03-06,Standard,4134.12
5779,Justin Baker,angelamorris@example.net,Brazil,2022-04-22,Standard,3696.78
5780,Gail Olsen,timothy74@example.com,Isle of Man,2021-11-15,Basic,2059.18
5781,Jeffrey Robinson,jamesharris@example.org,Colombia,2024-09-16,Premium,419.74
5782,James Mendoza,peter44@example.org,Tajikistan,2020-04-27,Premium,5528.90
5783,Kelly Estrada,scurtis@example.net,Syrian Arab Republic,2024-11-15,Basic,9117.31
5784,Paula Perez,melissa19@example.org,Kenya,2020-02-25,Premium,6599.33
5785,Wayne Williams,hdavies@example.net,Sao Tome and Principe,2023-09-19,Standard,7994.96
5786,Tina Schneider,brewerholly@example.org,Namibia,2025-03-23,Premium,8976.23
5787,Tonya Hickman,oortiz@example.com,Burundi,2020-10-08,Standard,6980.93
5788,Christopher Hansen,hobbsdavid@example.org,Northern Mariana Islands,2024-03-16,Basic,4097.45
5789,Justin Cantrell,philip10@example.net,Montenegro,2021-11-07,Standard,4691.95
5790,Claudia Rogers,garciajacqueline@example.net,Jamaica,2021-12-02,Standard,4240.86
5791,Ryan Carter,pedromurphy@example.org,Guatemala,2021-03-21,Premium,147.49
5792,Cynthia Moreno,patriciajames@example.org,Mongolia,2020-10-02,Basic,8559.73
5793,Dr. Joshua Torres Jr.,ubarr@example.com,Lesotho,2022-01-15,Standard,2837.99
5794,Alexander Watkins,reneedean@example.com,Germany,2021-10-16,Standard,1828.38
5795,Colin Riley,graydonald@example.com,Uzbekistan,2024-05-16,Standard,9710.60
5796,Brian Coleman,michelle06@example.com,United States Virgin Islands,2020-03-08,Premium,3622.38
5797,Aaron Everett,qsutton@example.net,Sierra Leone,2022-06-22,Standard,1137.29
5798,Brenda Peterson,buckleydavid@example.com,Estonia,2022-08-04,Standard,7946.47
5799,Douglas Lloyd,uconway@example.com,Pakistan,2023-06-09,Premium,9404.97
5800,Paula Bean,zsmith@example.net,Bosnia and Herzegovina,2023-08-09,Basic,7941.17
5801,Amber Garner,nicholaswilliams@example.net,Iran,2025-11-11,Standard,2206.96
5802,Kara Lewis,julian80@example.org,Central African Republic,2021-01-08,Basic,8353.49
5803,Deborah Jenkins,kimberly12@example.com,Macao,2021-03-08,Standard,4215.94
5804,Joshua Smith,hannah08@example.net,Mauritius,2020-10-03,Standard,2221.79
5805,Tommy Schwartz,shellymurphy@example.org,Chile,2021-12-18,Basic,6165.39
5806,Mario Black,haileylopez@example.com,Guyana,2024-01-25,Standard,2418.86
5807,Laura Martinez,rlyons@example.net,Finland,2022-06-06,Premium,897.99
5808,Scott Palmer,markhopkins@example.com,South Georgia and the South Sandwich Islands,2025-12-08,Standard,6756.69
5809,Jose Johnson,nromero@example.com,Sudan,2020-01-30,Standard,5594.50
5810,Robin Mckenzie MD,bpage@example.org,Suriname,2024-06-05,Premium,5928.46
5811,Shelby Roberts,christine93@example.org,Liberia,2022-02-16,Premium,3042.59
5812,Juan Thompson,johnsonkaren@example.com,Russian Federation,2024-05-22,Standard,567.84
5813,James Gutierrez,sandraphillips@example.net,France,2025-07-20,Standard,8260.69
5814,Cynthia Ward,stephengreen@example.com,Mayotte,2024-03-21,Standard,8755.07
5815,Maria Miller,cherylbryant@example.com,Australia,2024-12-18,Standard,7756.54
5816,Christina Gray,lgibbs@example.org,Cocos (Keeling) Islands,2024-09-27,Standard,1177.36
5817,Raymond Anderson,lramirez@example.com,Dominica,2022-02-27,Basic,5197.14
5818,Jordan Burke,fordmichael@example.org,Equatorial Guinea,2023-12-14,Standard,2162.43
5819,Theresa Conway,awilliams@example.org,Armenia,2021-05-06,Premium,1114.11
5820,Jason Carlson,halltamara@example.com,Guernsey,2020-01-03,Standard,4025.52
5821,Pam Johnson,aacosta@example.net,Greece,2024-11-19,Standard,7206.85
5822,Joseph Johnson,hollandjeffrey@example.net,Dominican Republic,2020-01-22,Standard,1988.64
5823,Mary Davis,nwalker@example.org,Brazil,2024-05-17,Standard,8642.43
5824,Allen Harrison,smithmatthew@example.org,Thailand,2020-04-22,Basic,9206.27
5825,Jeremy Roberson,justin97@example.net,Montserrat,2023-08-31,Basic,9518.87
5826,Matthew Winters,tammy17@example.org,Kenya,2023-12-13,Premium,1567.88
5827,Jessica Moore,laura55@example.org,Mongolia,2021-09-05,Basic,2719.22
5828,William Robertson,vspencer@example.org,Sierra Leone,2023-01-26,Standard,4671.36
5829,Todd Gomez,xcooper@example.net,Qatar,2022-01-23,Standard,999.76
5830,Jason Ortiz,hendersonjessica@example.com,Puerto Rico,2024-12-31,Basic,3085.17
5831,Thomas Brown,deborahknight@example.net,Swaziland,2024-06-17,Premium,1973.82
5832,Randy Bell,william62@example.org,Dominican Republic,2020-12-12,Premium,9602.51
5833,Nathaniel Fitzgerald,hursttyler@example.com,Cote d'Ivoire,2022-10-29,Standard,4487.42
5834,Victoria Huang,danielle22@example.com,Austria,2020-12-01,Premium,1730.13
5835,Matthew Russell,cmason@example.com,United States of America,2020-03-13,Basic,4836.35
5836,Becky Thompson,wangronald@example.org,Kyrgyz Republic,2022-09-10,Premium,2219.34
5837,Dan Goodwin,ngonzalez@example.net,Belgium,2022-05-25,Premium,9757.08
5838,David Lamb,kramerpatrick@example.net,Burkina Faso,2021-10-15,Basic,9695.39
5839,Heather Parker,elliottallen@example.net,Reunion,2024-08-31,Basic,9125.67
5840,Kelli Mullins,patricia54@example.org,Guinea-Bissau,2023-06-12,Standard,7739.89
5841,Courtney Alvarado,jasonkelly@example.net,China,2020-12-22,Standard,3847.70
5842,Andrew Arias,jacksontheresa@example.com,Cayman Islands,2023-04-13,Standard,2231.05
5843,Anita Wilkins,brian54@example.com,Argentina,2022-10-11,Standard,1875.72
5844,Vicki Martinez,mario10@example.com,Sudan,2024-11-12,Standard,9665.62
5845,Megan Allen,scott00@example.net,Belize,2021-09-11,Premium,1169.27
5846,George Myers,hcallahan@example.net,Thailand,2024-05-20,Premium,3913.79
5847,Amanda Nguyen,stephaniemora@example.org,Cameroon,2025-10-30,Standard,6416.14
5848,Regina Rodriguez,ramosjamie@example.com,Ghana,2025-08-25,Standard,5789.90
5849,Raymond Robertson,william15@example.com,Seychelles,2025-07-02,Standard,3606.00
5850,Phillip Haney,xstanton@example.net,Romania,2025-01-12,Standard,2395.95
5851,Marc Harvey,bstewart@example.net,French Guiana,2025-03-22,Standard,4371.26
5852,Ryan Simpson,christopher55@example.com,Christmas Island,2025-05-01,Premium,9722.34
5853,Whitney Ritter,nharris@example.net,Sudan,2023-12-19,Standard,7551.29
5854,Amy Hobbs,perezlaura@example.org,Iceland,2020-11-07,Standard,3545.03
5855,Emily Harrison,georgeloretta@example.org,Niger,2024-10-29,Basic,6862.09
5856,Edward Rivera,felicia11@example.org,France,2024-03-07,Premium,8162.03
5857,Phillip Davis,lyonsaustin@example.net,Nauru,2025-01-08,Premium,1875.07
5858,Amy Mills,keverett@example.org,United States Minor Outlying Islands,2022-11-14,Premium,4116.78
5859,Brian Mcconnell,williamsedward@example.org,Spain,2025-06-18,Premium,4649.02
5860,Harold Miller,eric41@example.org,Saint Martin,2022-09-09,Standard,6207.94
5861,Brian Reed,meyerjerry@example.net,Myanmar,2021-02-07,Standard,3699.17
5862,Leroy Frye,hurleyanthony@example.net,San Marino,2021-10-17,Standard,8379.12
5863,Debbie Ramos,shannonharris@example.org,Gabon,2021-05-25,Standard,762.75
5864,Theresa Kelly,fieldsrobert@example.com,Timor-Leste,2024-12-06,Basic,7453.54
5865,Christopher Campbell,,Antigua and Barbuda,2024-07-25,Standard,6564.50
5866,Jessica Brandt DVM,jonathansimpson@example.net,Mongolia,2025-07-21,Standard,3283.13
5867,Mrs. Meghan Marquez DDS,rbishop@example.net,Costa Rica,2024-08-29,Standard,4143.79
5868,Benjamin Aguilar,qjones@example.org,Kiribati,2021-11-29,Standard,1352.53
5869,Laura Crane,annamoore@example.org,Niue,2021-08-15,Basic,3539.25
5870,David Wise,qrussell@example.net,Poland,2022-09-22,Standard,6006.18
5871,Michael Le,johngonzalez@example.com,Finland,2023-02-09,Standard,7204.54
5872,Lori Hansen,deborahholden@example.com,New Zealand,2023-02-14,Standard,9644.73
5873,Kayla Mcguire,karigarcia@example.net,Moldova,2025-01-05,Basic,9797.20
5874,Kara Doyle,alexis40@example.net,Bahrain,2021-11-07,Premium,8071.15
5875,Mrs. Mary Kline,warnershawn@example.net,Bahrain,2021-05-20,Standard,1303.35
5876,Lindsay Kline,gonzalezmorgan@example.org,Antarctica (the territory South of 60 deg S),2024-12-31,Standard,3089.47
5877,Daniel Adkins,misty73@example.org,Bahrain,2021-12-26,Standard,4154.18
5878,Anne Davis,caitlinrussell@example.com,Fiji,2024-02-21,Basic,5618.95
5879,Omar Martin,teresacarlson@example.org,Somalia,2023-08-19,Standard,1367.41
5880,Steven Larson,kennedymichael@example.org,Hungary,2022-10-17,Standard,4420.09
5881,Christopher Johnson,angelagonzalez@example.net,Afghanistan,2025-12-14,Standard,1890.97
5882,Deanna Jordan,zdoyle@example.org,Palestinian Territory,2022-10-14,Standard,4592.12
5883,Christina Johnson,charles45@example.com,Congo,2022-06-13,Basic,870.36
5884,Jennifer Santiago,mjackson@example.net,Paraguay,2020-06-16,Standard,1905.17
5885,Eileen Huang,margaret35@example.net,Cayman Islands,2025-01-01,Basic,6342.72
5886,Debra Lloyd,tracy26@example.com,Malta,2023-11-12,Standard,1354.22
5887,Jessica Rodriguez,daniellewis@example.com,Marshall Islands,2024-03-01,Standard,9394.09
5888,Amber Brown,ubrewer@example.org,Holy See (Vatican City State),2024-01-16,Basic,9296.40
5889,William Rodriguez,bartonjames@example.org,Korea,2023-08-23,Premium,8717.10
5890,Anthony Mills,mooreaaron@example.com,New Zealand,2023-09-22,Standard,3377.98
5891,Mrs. Chelsea Greene,heatherrobinson@example.net,Spain,2023-03-08,Standard,5258.44
5892,Nicholas Smith,howardmelinda@example.com,Grenada,2025-02-24,Standard,8967.68
5893,Robert Mckee,nprice@example.org,Cyprus,2021-09-24,Premium,5391.95
5894,Kevin Vega,rosejeffery@example.net,Australia,2022-01-08,Premium,1249.91
5895,Zachary Day,laurieblair@example.com,Turks and Caicos Islands,2022-01-26,Basic,5929.97
5896,Katie Sutton,sharonyoung@example.org,Liechtenstein,2020-12-24,Standard,2035.51
5897,Cody Lawrence,ipeterson@example.org,Nauru,2020-12-21,Basic,4598.77
5898,Zachary Allen,yhester@example.org,Cote d'Ivoire,2024-06-16,Standard,4918.96
5899,Amanda Garner,carlsondarlene@example.org,Ukraine,2025-12-20,Standard,1798.42
5900,Sara Smith,broberson@example.net,British Indian Ocean Territory (Chagos Archipelago),2024-09-03,Premium,7995.61
5901,Felicia Johnson,christopherpowell@example.com,New Caledonia,2023-01-08,Standard,1355.17
5902,Gregory Wilson,lfry@example.org,Syrian Arab Republic,2021-04-08,Basic,9059.72
5903,Casey Davidson,wperry@example.net,Namibia,2021-12-13,Standard,415.69
5904,Thomas Tran,egibson@example.net,Zambia,2021-06-28,Premium,4444.90
5905,Alyssa Shaffer,hallreginald@example.com,Romania,2021-02-09,Standard,5690.97
5906,Alexandria Short,simmonsjamie@example.com,El Salvador,2020-07-30,Standard,1846.75
5907,Anthony Carter,ksheppard@example.com,Ghana,2023-08-23,Basic,8212.66
5908,Justin Knight,bvincent@example.com,Papua New Guinea,2022-04-27,Basic,3159.72
5909,Stephen Banks,wharris@example.net,Grenada,2024-01-26,Premium,7527.16
5910,Patricia Potter,carias@example.org,Azerbaijan,2022-06-30,Standard,7801.50
5911,Thomas Hodges,lopezraymond@example.org,Belize,2024-05-08,Basic,1465.09
5912,David Day,hansonricky@example.org,Estonia,2024-09-08,Premium,6310.26
5913,Jason Smith,vtorres@example.net,Equatorial Guinea,2025-06-27,Standard,8217.03
5914,Allison Webb,kathyprice@example.com,Uganda,2023-01-11,Standard,2958.36
5915,Cheryl Williams,xgray@example.net,Uganda,2023-11-16,Standard,8091.05
5916,Rebecca Vasquez,tbishop@example.org,Slovenia,2022-05-31,Standard,3563.77
5917,Jonathan Snyder,jonesjoseph@example.net,Mayotte,2023-03-11,Standard,9090.63
5918,Gary Nichols,dholloway@example.org,Cambodia,2024-12-28,Premium,9333.93
5919,Wanda Rodriguez,kimberlystephens@example.net,Cocos (Keeling) Islands,2021-03-21,Standard,3209.91
5920,Christopher Smith,veronica38@example.com,Heard Island and McDonald Islands,2021-04-20,Premium,1324.58
5921,Stephanie Newman,rfisher@example.com,Tonga,2024-01-08,Basic,7945.48
5922,Mary Walton,gsutton@example.net,Saint Vincent and the Grenadines,2024-12-14,Standard,1610.80
5923,Nancy Alvarez,bpalmer@example.com,Romania,2023-09-19,Standard,7223.21
5924,Marissa Simpson,jmcpherson@example.org,Puerto Rico,2022-03-27,Standard,5361.15
5925,Rachael Hill,john08@example.net,Slovakia (Slovak Republic),2024-05-25,Standard,9735.50
5926,Sarah Drake,qcoleman@example.net,Austria,2021-05-09,Premium,7493.13
5927,Adam Franklin,carlapineda@example.org,Somalia,2023-08-01,Basic,5833.64
5928,Alejandra Kennedy,simmonsjody@example.net,Oman,2021-05-04,Standard,2828.81
5929,Cory Wolfe,gabrielporter@example.com,Falkland Islands (Malvinas),2024-09-05,Premium,7204.45
5930,Paula Lang MD,brendaperkins@example.net,Tonga,2024-06-20,Basic,3656.99
5931,Alyssa Anderson,timothyburns@example.com,Mauritius,2020-05-27,Basic,4124.90
5932,Vanessa Pearson,dorothy21@example.com,Uruguay,2025-02-19,Standard,2598.67
5933,Robert Anderson,krystal66@example.net,Egypt,2021-02-10,Standard,8391.91
5934,Steven Alexander,phillipmartin@example.org,United States Minor Outlying Islands,2025-09-16,Standard,1143.65
5935,Michelle Fowler,shill@example.com,Uganda,2025-08-26,Standard,7708.75
5936,Maria Mitchell,jennifer00@example.com,Armenia,2023-01-25,Premium,7662.53
5937,Catherine Medina,kimberly90@example.com,Fiji,2024-03-07,Standard,6275.46
5938,Joseph Smith,vmckinney@example.com,Saint Barthelemy,2024-06-03,Basic,9897.53
5939,Melissa Becker,joycemariah@example.net,Uganda,2023-06-22,Standard,8056.65
5940,John Guzman,john85@example.org,San Marino,2020-02-13,Standard,5123.33
5941,Raymond Banks,michael39@example.org,Albania,2021-09-29,Premium,796.43
5942,Lisa Edwards,ugreen@example.org,Congo,2020-07-19,Basic,8472.58
5943,Jessica Walker,vgriffin@example.com,Finland,2025-12-01,Standard,3179.68
5944,Mary Smith,pachecotimothy@example.net,Costa Rica,2023-09-28,Standard,1003.90
5945,Alexander Leblanc,millerlisa@example.org,Turkmenistan,2024-11-29,Standard,5818.45
5946,Leah Brown,tylerchavez@example.net,Taiwan,2021-10-11,Standard,4839.95
5947,Erin Tucker,karaserrano@example.com,Sao Tome and Principe,2022-10-07,Standard,6147.54
5948,Robert Schultz,kyle08@example.com,Dominican Republic,2025-12-05,Standard,8250.01
5949,Nicole Johnson,fergusontimothy@example.org,Isle of Man,2023-12-13,Standard,4346.00
5950,Julia Lee,kperez@example.org,Malta,2025-01-07,Standard,2709.73
5951,Sarah Daniel,langkaitlin@example.net,Iraq,2020-09-10,Standard,7524.01
5952,Virginia Lee,martinezmelissa@example.com,Bangladesh,2020-05-31,Premium,1941.67
5953,Ashley Diaz,leegina@example.com,Palau,2025-01-06,Standard,3324.65
5954,Kayla Smith,jessica19@example.net,Germany,2024-08-05,Premium,8521.54
5955,David Delgado,tcarter@example.org,Tunisia,2023-11-25,Standard,2239.30
5956,James Allen,patelnathan@example.org,Cuba,2022-10-18,Standard,2588.16
5957,Vincent Jackson,lopezandrew@example.org,Brazil,2020-08-16,Standard,7327.97
5958,Amber Wallace,dmarshall@example.org,Iceland,2023-05-03,Premium,9193.16
5959,Cassandra Oconnor,parkdavid@example.com,Mali,2022-01-29,Standard,2175.68
5960,Phillip Bennett,hwhitehead@example.com,Comoros,2022-04-10,Premium,7698.47
5961,Paula Lawrence,caleb65@example.net,Nepal,2025-02-07,Standard,388.01
5962,Catherine Bell,jasmine01@example.net,Svalbard & Jan Mayen Islands,2020-03-30,Basic,2574.82
5963,Jesse Rodriguez,bsanchez@example.net,Iceland,2022-05-24,Standard,346.31
5964,Brandy Dixon,smithamanda@example.com,Korea,2024-02-18,Standard,4514.55
5965,Donald Meyers,jessicabanks@example.org,Netherlands,2021-11-17,Premium,2937.52
5966,Meagan Lopez,kellyhernandez@example.com,Venezuela,2024-03-06,Basic,7804.77
5967,Jeffery Norman,rwells@example.org,Russian Federation,2023-04-14,Basic,2381.60
5968,Kevin Perez,emilylogan@example.net,Malta,2022-01-07,Standard,2117.46
5969,Karen Sellers,barreraerin@example.com,Dominica,2023-04-12,Standard,9486.07
5970,Christy Le,morganrobert@example.org,Marshall Islands,2021-05-06,Basic,1277.65
5971,Eric Arnold,amack@example.net,British Indian Ocean Territory (Chagos Archipelago),2022-01-17,Premium,8072.40
5972,Michael White,heathchristine@example.net,Bulgaria,2023-04-28,Basic,1165.76
5973,Lance Fields,gnewton@example.org,Lebanon,2024-11-25,Premium,3998.19
5974,Dr. Julian Cowan Jr.,angela83@example.org,Myanmar,2025-05-02,Standard,4318.68
5975,Brenda Martinez,lisaescobar@example.org,Netherlands,2021-09-18,Standard,9452.28
5976,Meghan Whitney,qlove@example.com,British Indian Ocean Territory (Chagos Archipelago),2021-03-17,Standard,4760.10
5977,Gabriel Horne,joshua56@example.net,Romania,2023-04-07,Standard,9848.19
5978,Jo Johnson,ulindsey@example.net,Turkmenistan,2022-10-08,Standard,2456.27
5979,Cameron Davis,shannon20@example.net,Cambodia,2020-01-23,Standard,2724.41
5980,Johnathan Mendoza,jamescase@example.org,Fiji,2023-01-18,Premium,6979.76
5981,Jeff Brown,dmatthews@example.net,Puerto Rico,2021-05-29,Standard,4854.20
5982,Ryan Bates,seth10@example.com,Hungary,2022-08-23,Standard,6225.24
5983,Alan May,melissa27@example.com,Tonga,2020-03-17,Standard,4356.55
5984,Paula Brown,hmcdonald@example.com,Saint Helena,2020-07-28,Standard,4994.86
5985,Paul Wallace,bowersjason@example.com,Belarus,2023-11-11,Premium,4167.70
5986,Danielle Lambert,williamsregina@example.net,Equatorial Guinea,2025-10-01,Standard,5607.28
5987,Christine Underwood,debra33@example.net,Taiwan,2020-12-09,Basic,1646.19
5988,William Dean,christopher37@example.org,Rwanda,2024-09-12,Basic,4111.74
5989,Kristen Edwards,brookssamantha@example.com,Saint Martin,2021-10-28,Standard,5496.88
5990,Alexandra Hudson,tlee@example.com,Norfolk Island,2023-08-03,Standard,5220.73
5991,Scott Smith,trevoraustin@example.net,Macao,2025-09-02,Standard,652.17
5992,Holly Matthews,johnsonjared@example.net,Estonia,2021-07-22,Standard,1984.88
5993,Juan Arroyo,vlewis@example.com,Sao Tome and Principe,2024-05-06,Standard,7756.30
5994,Nicole Austin,sullivansara@example.net,Haiti,2023-05-22,Basic,9387.57
5995,Juan Yoder,dcox@example.org,Syrian Arab Republic,2021-05-22,Basic,5800.32
5996,Rhonda Oconnor,guzmanjeffrey@example.org,Paraguay,2025-09-23,Basic,4991.81
5997,Daniel Holland,eric31@example.org,Paraguay,2023-09-20,Standard,3788.10
5998,Joshua Moreno,yweaver@example.com,Western Sahara,2021-01-11,Standard,955.92
5999,Gabriel Yang,proctorshawn@example.com,Liberia,2020-07-11,Basic,7687.50
6000,Martin Jordan,michellelopez@example.com,French Southern Territories,2025-07-15,Basic,2268.18
6001,Rebecca Cortez,sschmidt@example.net,United States of America,2022-03-13,Standard,5128.99
6002,David Kelley,kruegerjacob@example.net,Venezuela,2020-08-29,Standard,1015.75
6003,Jodi Jackson,timothylane@example.org,French Guiana,2021-08-24,Basic,8289.40
6004,Erin Estrada,howardjennifer@example.net,Faroe Islands,2020-02-21,Standard,7584.17
6005,Debra Reese,greenlaura@example.com,Marshall Islands,2022-05-27,Standard,8695.80
6006,Christopher Maldonado,ycurry@example.org,Cuba,2023-05-25,Premium,8211.22
6007,Julia Lewis,rodneygibson@example.com,Cuba,2020-06-06,Premium,6829.34
6008,Carl Schneider,phillip46@example.org,Guernsey,2022-08-15,Premium,3421.90
6009,Johnny Yang,kmclaughlin@example.com,Ireland,2025-04-27,Standard,2076.67
6010,Sherry Hardy,kimberlyphelps@example.com,Cayman Islands,2025-12-26,Basic,4781.26
6011,Michael Bradley,lacey86@example.org,Malawi,2022-09-14,Basic,7236.15
6012,Dr. Daniel Carter,david08@example.com,Uzbekistan,2022-06-27,Standard,6147.36
6013,Sean Mcconnell,cooktodd@example.net,Cyprus,2024-07-07,Premium,8077.35
6014,Timothy Perkins,tammyjohnson@example.org,Belgium,2020-03-27,Standard,1799.88
6015,Jonathan Barr,mark05@example.net,Antigua and Barbuda,2021-04-20,Premium,3314.36
6016,David Peters,hrodriguez@example.net,Philippines,2021-03-23,Standard,9347.59
6017,Christina Leach,kellyrodriguez@example.org,Kuwait,2024-06-15,Standard,8294.25
6018,Eric Zhang,rporter@example.com,Turkmenistan,2024-01-19,Standard,2237.82
6019,Joseph Gonzalez,dthompson@example.com,Nigeria,2024-10-03,Standard,5171.65
6020,Joanna Higgins,vpark@example.com,United States Virgin Islands,2025-06-17,Standard,1460.74
6021,Stephanie Elliott,maxwellkelsey@example.net,Togo,2024-03-09,Standard,1295.03
6022,Janet Villanueva,jodi92@example.org,Saint Lucia,2023-01-07,Premium,6238.70
6023,Cole Brock,amber51@example.com,Greenland,2022-01-12,Premium,452.64
6024,Anne Smith,wyattarthur@example.com,Bermuda,2024-11-12,Basic,4221.58
6025,Benjamin Pearson,michaelperez@example.org,Thailand,2022-03-10,Basic,2931.99
6026,Lindsay Sanchez,freemansteven@example.org,Mali,2020-08-29,Standard,146.77
6027,Olivia Brown,williamsrebecca@example.net,Cuba,2024-05-22,Premium,352.06
6028,Joyce Ford,valentinealex@example.com,North Macedonia,2020-10-01,Standard,4669.40
6029,Carrie Spence,kari86@example.org,Lao People's Democratic Republic,2025-04-19,Premium,455.66
6030,Benjamin Rodriguez,kennethbarnes@example.net,Libyan Arab Jamahiriya,2023-05-15,Basic,7304.37
6031,Dillon James,turnerjaclyn@example.net,United Kingdom,2021-10-16,Standard,8288.77
6032,Patricia Moody,vwood@example.net,Guinea-Bissau,2021-02-03,Standard,8171.45
6033,Christie Barry,tammywilliams@example.org,Timor-Leste,2020-09-19,Premium,2663.86
6034,Daniel Warner,natalie25@example.net,Vietnam,2022-05-25,Basic,920.81
6035,David Graham,nicole09@example.com,Saint Vincent and the Grenadines,2025-01-14,Basic,3303.90
6036,Chad Haley,marywilliams@example.net,Greece,2024-04-20,Basic,4319.36
6037,Vanessa Mccarty,lzimmerman@example.net,Uruguay,2024-10-31,Standard,933.77
6038,Jennifer Hunter,dennis72@example.com,Germany,2020-05-17,Standard,4322.21
6039,Taylor Perez,rmarsh@example.com,Mexico,2024-06-05,Basic,9893.82
6040,Kevin Jones,marksdavid@example.com,Mexico,2021-07-28,Standard,5706.31
6041,Kelly Phillips,tanner79@example.org,Bahamas,2022-07-03,Standard,5683.69
6042,Brandon Aguilar,efigueroa@example.com,Syrian Arab Republic,2021-08-20,Basic,180.04
6043,Dustin Knight,nhernandez@example.com,United States Minor Outlying Islands,2024-01-16,Basic,1153.09
6044,Marie Mitchell,jeffreycardenas@example.net,Syrian Arab Republic,2025-11-20,Premium,9109.57
6045,Julie Howard,usanford@example.net,Christmas Island,2023-07-23,Standard,2984.62
6046,Steven Hall,deleoncrystal@example.com,Mozambique,2023-02-07,Basic,8072.17
6047,Bridget Rodriguez,jessica10@example.org,Sweden,2020-09-14,Standard,6730.28
6048,Sarah Compton,sandra27@example.com,Thailand,2025-12-12,Premium,4397.53
6049,Tracy Walker,zacharywilson@example.org,Montserrat,2021-01-10,Premium,8450.88
6050,Kenneth Wagner,michael42@example.net,Estonia,2021-05-03,Basic,5530.55
6051,Dr. Caleb Hayden,wiseandrea@example.net,Syrian Arab Republic,2020-09-17,Basic,5765.61
6052,Jacob Santos,lindagutierrez@example.net,Albania,2023-12-08,Standard,5920.07
6053,Dr. Steve Flynn,hendersonrobert@example.net,Malaysia,2022-06-04,Standard,1831.80
6054,Derek Good,reesetiffany@example.com,Brazil,2023-03-03,Premium,6734.10
6055,Corey Conrad,luiswong@example.net,Puerto Rico,2020-05-27,Basic,4666.32
6056,Emily Hartman,garciaglenda@example.org,Libyan Arab Jamahiriya,2024-04-14,Premium,6600.80
6057,Barbara Garza,zmoore@example.net,Vietnam,2024-10-10,Standard,361.28
6058,Amanda French,shawnlewis@example.org,Taiwan,2021-02-27,Standard,5629.62
6059,Emily Cruz,katrina56@example.org,Slovakia (Slovak Republic),2022-01-19,Standard,1301.13
6060,Megan Davis,brian26@example.org,Korea,2021-03-20,Standard,9494.06
6061,Brenda Padilla,edward70@example.com,United Arab Emirates,2023-07-31,Premium,8058.63
6062,Sean King,ambermorton@example.net,Sweden,2023-03-19,Standard,6136.74
6063,Rachel Oconnor,johnsondouglas@example.net,Faroe Islands,2021-03-27,Basic,2322.35
6064,Jamie Salas,daltonjason@example.net,Norfolk Island,2023-02-27,Standard,3030.70
6065,Mitchell Cannon,peterprice@example.org,Jordan,2025-05-22,Basic,9920.97
6066,Alan Johnson,thomasdavis@example.com,Belgium,2023-11-09,Basic,7766.85
6067,Mario Torres,bakercody@example.org,Lao People's Democratic Republic,2023-03-11,Standard,2262.70
6068,Jeff Savage,smithcameron@example.com,Kuwait,2025-11-22,Standard,5744.46
6069,William Luna,erinvasquez@example.net,Nepal,2022-06-02,Standard,8700.52
6070,Diane Harris,gwendolyn35@example.com,Bahamas,2024-10-23,Basic,6771.03
6071,Courtney Roberts,rebekah49@example.com,Vanuatu,2020-05-08,Standard,2553.82
6072,Logan Lutz,joseph98@example.net,Aruba,2023-04-23,Standard,7941.50
6073,Andre Hunt,qhammond@example.org,Bhutan,2024-06-20,Premium,7201.89
6074,Jennifer Matthews,joycejason@example.net,Vietnam,2020-03-05,Basic,6767.56
6075,Darren Morgan,brian58@example.com,Bahrain,2021-06-19,Standard,8079.51
6076,Amanda Barber,gregory61@example.net,Germany,2021-08-20,Standard,9140.94
6077,Michael Johnson,chad59@example.net,Spain,2021-05-16,Standard,8377.30
6078,Cheryl Garrett,collinsjose@example.org,Netherlands Antilles,2022-11-04,Basic,6651.27
6079,Michael Hernandez,estanley@example.org,Reunion,2025-12-29,Basic,2319.89
6080,Lance Mcintosh,gutierreztiffany@example.org,Malta,2024-07-21,Standard,9783.62
6081,Christopher Fleming,stacynguyen@example.net,Anguilla,2024-07-26,Standard,5080.50
6082,Stephanie Harris,bcraig@example.org,Belarus,2023-11-24,Standard,2536.53
6083,Wayne Walker,ypotter@example.org,Norway,2025-03-14,Premium,6256.80
6084,Calvin Williams,pedrosteele@example.net,Brazil,2022-10-02,Standard,2798.40
6085,Lee Coleman,deannadaniel@example.org,Chile,2022-12-22,Basic,695.45
6086,Marc Mcclure,nguyenmanuel@example.com,India,2024-04-10,Standard,7217.68
6087,Shari Horton,featon@example.com,Cuba,2024-01-12,Basic,9168.89
6088,Brian Jones,yrichmond@example.com,French Polynesia,2023-02-09,Premium,8846.07
6089,Joan Cardenas,margaret36@example.org,Saint Helena,2021-06-18,Standard,8864.00
6090,Melissa Taylor,nicholsrebecca@example.net,Belarus,2024-04-24,Standard,7274.68
6091,Isabella Kramer,toliver@example.com,Bulgaria,2020-11-19,Basic,9625.13
6092,Thomas Stout,vpatterson@example.org,Belarus,2025-03-07,Basic,6216.14
6093,Luke Long,ydyer@example.net,Romania,2022-08-02,Basic,7057.29
6094,Wendy Houston,barbaravelez@example.org,Kiribati,2021-06-07,Premium,9037.38
6095,Kelly Mitchell,cameronwilliams@example.net,Faroe Islands,2023-05-30,Basic,2666.25
6096,Kimberly Harris,howardjessica@example.net,Benin,2022-01-07,Standard,5240.60
6097,Darryl Franklin,ksherman@example.com,Colombia,2021-02-25,Standard,6669.78
6098,Randall Carter,wwallace@example.org,Saint Martin,2024-01-30,Premium,4615.59
6099,David Curry DVM,brianward@example.org,Suriname,2020-05-07,Premium,6079.86
6100,Julie Snyder,davidgreene@example.org,Vietnam,2022-02-27,Standard,8383.91
6101,Christina Rich,zacharyburke@example.org,Uruguay,2022-01-22,Basic,266.02
6102,Travis Richmond,cynthia00@example.com,Antigua and Barbuda,2023-05-23,Basic,7660.51
6103,Vincent Anderson,ajohnson@example.com,Italy,2022-03-20,Basic,9798.66
6104,Wendy Richardson,psanchez@example.com,Congo,2021-07-19,Basic,3894.07
6105,Catherine Lutz,sarahuang@example.org,Hong Kong,2020-02-14,Standard,3580.75
6106,Anthony Walker,bhernandez@example.net,Vietnam,2024-05-15,Standard,9637.40
6107,Michael Glass,mchoi@example.com,Nauru,2020-07-08,Standard,5147.60
6108,Carrie Roth,jberry@example.net,Sweden,2022-10-04,Standard,5526.34
6109,Cassidy King,estradajean@example.com,Timor-Leste,2021-11-15,Premium,6556.84
6110,Frank Cuevas,kathryn07@example.org,Cayman Islands,2023-12-18,Basic,9518.37
6111,Cheryl Thomas,fchurch@example.net,Mozambique,2024-05-05,Premium,8169.10
6112,Nicholas Dean,wmiller@example.org,Armenia,2020-07-24,Standard,5773.88
6113,Stephen Harrison,thomasmario@example.net,Cambodia,2023-11-23,Standard,245.61
6114,Joseph Bass,chadlopez@example.net,Saint Vincent and the Grenadines,2024-11-29,Standard,7329.52
6115,Daniel Moore,aaron39@example.org,Brunei Darussalam,2021-01-06,Basic,136.20
6116,John Giles,fholmes@example.org,Austria,2021-11-19,Premium,6750.03
6117,Nancy Martin,jacob70@example.org,Chad,2022-04-11,Standard,8918.96
6118,Michael Hubbard,peter74@example.net,Macao,2023-11-15,Standard,5961.31
6119,Donna Mitchell,stephanie28@example.net,Netherlands Antilles,2023-04-20,Basic,1392.58
6120,Christina Middleton,richardrichard@example.org,Taiwan,2022-11-09,Basic,8903.65
6121,Kerry Perry,cynthiawiley@example.org,Luxembourg,2025-04-27,Standard,9216.31
6122,Amanda Turner,twilliams@example.net,Saint Pierre and Miquelon,2022-05-23,Premium,7425.46
6123,Adam Gibson,emily84@example.org,Cayman Islands,2020-08-09,Standard,6729.69
6124,Lisa Gonzalez,jennifer69@example.org,Slovakia (Slovak Republic),2021-05-14,Standard,2121.30
6125,Taylor Riley,davidharrison@example.com,Guinea,2021-12-11,Standard,2327.47
6126,Sharon Brown,monicagaines@example.net,Netherlands,2021-10-30,Standard,1847.40
6127,Sarah Davis,michaelwilliams@example.org,Heard Island and McDonald Islands,2022-02-09,Standard,1833.19
6128,Wayne Smith,khines@example.net,Cook Islands,2023-02-27,Basic,7257.46
6129,Elizabeth Ayala,wardmarc@example.org,Turks and Caicos Islands,2022-12-24,Standard,1667.28
6130,Jennifer Smith,jennifercurry@example.com,Grenada,2024-04-17,Standard,7866.14
6131,Aaron Brown,toddphillip@example.net,Kuwait,2021-02-11,Basic,1643.00
6132,Daniel Hernandez,kennedyjoanne@example.org,Uganda,2025-05-20,Standard,7529.15
6133,Mitchell Todd,goneal@example.net,Ghana,2025-06-02,Basic,6181.27
6134,Caleb Becker,laurachan@example.org,Serbia,2024-02-26,Standard,5582.50
6135,Luis Spears,thomasterri@example.org,Spain,2022-01-02,Standard,8295.03
6136,Angel Benson,charleschelsea@example.org,Belarus,2023-12-01,Standard,5384.04
6137,Amanda Kidd,james87@example.net,Albania,2025-01-16,Standard,7231.65
6138,Deborah Vargas,nashregina@example.org,Burkina Faso,2024-07-31,Basic,2019.95
6139,Mr. Ryan Ford MD,shane83@example.org,United States Virgin Islands,2020-03-21,Standard,6213.38
6140,Gavin Wilkins,mrowland@example.com,New Zealand,2024-10-18,Premium,5586.37
6141,Julie Scott,james28@example.com,Niue,2024-06-12,Basic,4212.66
6142,Phillip West,ihess@example.net,Puerto Rico,2021-05-01,Basic,7248.47
6143,Ruth Lee,rasmussenjennifer@example.org,Cape Verde,2024-09-25,Basic,2544.96
6144,Colleen Scott,woodmatthew@example.com,Iran,2023-05-03,Standard,1558.11
6145,Cheyenne Davenport,yforbes@example.net,Reunion,2025-04-17,Premium,3857.02
6146,Karen Good,smithapril@example.net,Martinique,2021-02-24,Standard,6629.07
6147,Julian Peterson,josejackson@example.net,Greece,2022-02-02,Basic,2042.67
6148,Shaun Thomas,melissaibarra@example.com,Iran,2022-07-02,Basic,461.22
6149,Shelby Miller,michael13@example.com,Saint Vincent and the Grenadines,2022-07-21,Standard,7951.10
6150,Michelle Duarte,mmunoz@example.net,Cameroon,2025-06-01,Basic,1020.06
6151,Taylor Allison,mooneyjeffery@example.com,Tunisia,2025-12-08,Standard,4593.59
6152,Jennifer Scott,denise09@example.org,Czech Republic,2022-11-07,Standard,6560.48
6153,Christine Bridges,riveratimothy@example.org,Venezuela,2020-02-22,Standard,2508.22
6154,Terry Johnson,novaklisa@example.com,Lao People's Democratic Republic,2024-07-31,Basic,7202.23
6155,Susan James,zlopez@example.org,Belgium,2025-06-26,Premium,486.29
6156,Jerry Andrews,tingram@example.org,Saint Lucia,2025-11-19,Premium,1298.59
6157,Lori Simpson,dominiquewhite@example.net,Hong Kong,2025-04-21,Basic,3003.93
6158,Steven Villanueva,mstone@example.com,Sri Lanka,2022-06-23,Standard,6566.72
6159,Cynthia Smith,ataylor@example.com,Brazil,2024-12-30,Basic,8292.12
6160,Hayley Robinson,careyanthony@example.com,Austria,2023-02-03,Standard,5326.69
6161,Rachel Gibson,christopherjackson@example.net,Yemen,2024-07-31,Premium,881.01
6162,Gregory Garrett,jaredshepard@example.org,Nicaragua,2022-05-04,Basic,6422.77
6163,Charles Guerra,cummingssamuel@example.com,French Southern Territories,2025-11-16,Standard,115.60
6164,Lacey Jones,sdudley@example.com,Lao People's Democratic Republic,2021-04-30,Basic,8797.61
6165,Stephanie Leblanc,johnathan73@example.org,Gabon,2025-10-31,Standard,9527.46
6166,Chad Reeves,michelle51@example.com,Korea,2022-10-30,Standard,4898.92
6167,James Carroll,amyhughes@example.net,Isle of Man,2025-07-09,Standard,6617.69
6168,Miguel Miller,lshort@example.org,Hungary,2021-10-19,Standard,7398.26
6169,Amanda Thomas,krystaldouglas@example.org,United States Virgin Islands,2024-05-16,Standard,4255.71
6170,Amanda Fletcher,kenneth44@example.com,Chile,2021-11-21,Premium,5916.14
6171,Rhonda Walter,frederick87@example.net,Gambia,2025-11-12,Standard,9252.37
6172,Kimberly Buckley,katrina20@example.net,Martinique,2025-11-19,Basic,7423.12
6173,Michael Solis,tnelson@example.com,Pakistan,2021-09-25,Basic,266.21
6174,John Reynolds,greeneric@example.com,Cayman Islands,2021-02-19,Basic,7900.15
6175,Jonathan Morgan,stephenhull@example.com,Niue,2024-05-14,Standard,3605.91
6176,Samuel Reynolds,tray@example.net,Macao,2022-07-31,Premium,3283.23
6177,Francisco Wilson,emilylove@example.net,Singapore,2021-01-18,Standard,7707.57
6178,Anna Brown,ryangonzalez@example.com,Panama,2024-01-15,Premium,923.01
6179,Alexis Sanchez,vwelch@example.org,Brunei Darussalam,2024-05-08,Standard,2753.71
6180,Victor Thomas,daviddaniels@example.com,Dominican Republic,2022-08-26,Basic,2097.08
6181,Dr. Miranda Elliott,cheryl01@example.com,United Arab Emirates,2021-08-18,Basic,64.60
6182,Jeremiah Davis,wwilson@example.org,Turkey,2022-08-15,Basic,1013.87
6183,Molly Robbins,qhawkins@example.org,Italy,2021-10-06,Premium,4373.19
6184,Kristin Rose,olopez@example.org,Micronesia,2021-02-22,Basic,8280.00
6185,Louis Turner,davidkirby@example.net,France,2023-01-18,Premium,6093.50
6186,Benjamin Crawford,upage@example.com,Gambia,2023-08-31,Standard,289.25
6187,Cody Contreras,ricardo97@example.com,Senegal,2024-05-21,Premium,9628.18
6188,Ashlee Martin,dcollins@example.net,South Georgia and the South Sandwich Islands,2023-07-10,Standard,6178.52
6189,Ashley Martin,vromero@example.net,Isle of Man,2024-12-29,Basic,8090.39
6190,Sarah Peters,spencervalerie@example.net,United States Virgin Islands,2024-12-03,Premium,1330.27
6191,Sarah Campos,mporter@example.net,Malawi,2022-11-18,Premium,2589.88
6192,Ryan Levine,michellebenson@example.com,Vanuatu,2020-02-09,Premium,2134.98
6193,David Prince,johnsonjon@example.com,Gambia,2025-06-02,Standard,9746.08
6194,Patrick Collins,charles44@example.com,Palestinian Territory,2020-02-01,Basic,1697.66
6195,Dr. John Perez,david51@example.org,Saint Helena,2023-05-30,Standard,5593.78
6196,Philip Bishop,fergusonandrea@example.net,Cameroon,2021-12-22,Basic,4370.38
6197,Ashley Greer,choffman@example.org,Bosnia and Herzegovina,2020-11-27,Basic,3348.67
6198,Bradley Smith DDS,ptaylor@example.net,Timor-Leste,2025-04-14,Premium,731.09
6199,Danielle Jones,ashley49@example.com,Uzbekistan,2023-03-27,Basic,2159.97
6200,Catherine Sampson,dhunt@example.net,Luxembourg,2020-11-18,Basic,8294.66
6201,Amanda Gomez,lisacollins@example.com,Korea,2023-07-17,Basic,7988.35
6202,Daniel Mcmillan,devinlopez@example.org,France,2021-07-16,Basic,776.67
6203,Lori Johnson,jason62@example.net,Denmark,2023-08-23,Basic,359.86
6204,Darren Pugh,ericanderson@example.net,Micronesia,2023-08-16,Basic,4968.72
6205,Julie Jackson,james57@example.org,Benin,2021-10-10,Premium,175.45
6206,Susan King,carolynnichols@example.org,French Guiana,2021-04-15,Standard,2496.46
6207,Lauren Pratt,pgriffith@example.com,British Indian Ocean Territory (Chagos Archipelago),2023-07-30,Basic,7941.72
6208,Andrew Rodriguez,martinaustin@example.com,Singapore,2024-06-29,Standard,2380.20
6209,Christopher Murphy,nmcclain@example.com,Western Sahara,2022-09-25,Standard,3078.38
6210,Scott Erickson,rosalesanna@example.com,Tokelau,2021-05-15,Standard,1548.50
6211,Brittany Hanson,mercadoerika@example.com,El Salvador,2023-07-10,Premium,4126.93
6212,Robert Harris,karenmartin@example.org,Ukraine,2023-04-24,Standard,2160.79
6213,Dr. Cheryl Bell,smithsamuel@example.net,Barbados,2025-02-01,Basic,2243.82
6214,Nathan Brennan,zachary26@example.net,Saint Kitts and Nevis,2020-09-23,Premium,8682.52
6215,Anthony Cruz,charlessydney@example.org,Panama,2024-09-23,Standard,8283.94
6216,Sean Francis,christopher67@example.net,Slovenia,2020-08-26,Standard,49.95
6217,Nicholas Martinez,wcarlson@example.com,Albania,2020-01-29,Basic,7724.58
6218,Shelia Shields,marcusmitchell@example.org,Tunisia,2020-06-18,Standard,4634.69
6219,Donna George,jonathan50@example.net,China,2020-09-26,Standard,8495.43
6220,Thomas Snyder,fdrake@example.net,South Georgia and the South Sandwich Islands,2022-08-31,Basic,569.17
6221,Claire Smith,zgarner@example.org,Montenegro,2025-11-30,Premium,6765.82
6222,Carmen Gray,smithjoseph@example.net,Bermuda,2025-03-04,Basic,9928.25
6223,Anthony Campos,bakerelizabeth@example.net,Yemen,2025-08-24,Basic,5595.89
6224,John Johnson,susan03@example.org,Equatorial Guinea,2021-05-26,Standard,2201.54
6225,Emily Kelly,ramirezbrett@example.net,Benin,2024-04-12,Basic,8855.43
6226,Martin Hughes,dlong@example.net,United Kingdom,2024-08-01,Standard,1191.43
6227,Wendy Clarke,rhonda97@example.net,Lithuania,2023-09-09,Basic,7111.17
6228,Brian Wheeler,cheyennefuller@example.net,Qatar,2024-02-23,Basic,844.37
6229,Derrick Young,hgibson@example.org,Guam,2024-06-03,Premium,2914.81
6230,Louis Delgado,shawnsilva@example.net,Iraq,2023-01-21,Standard,9468.98
6231,Stephanie Lee,arielwerner@example.org,Gambia,2020-07-12,Standard,6120.90
6232,Mary Reese DVM,holmestiffany@example.com,Saint Kitts and Nevis,2021-10-08,Basic,2473.11
6233,Wesley Moore,brucechad@example.net,Guam,2020-12-07,Standard,2034.20
6234,Vanessa Thompson,kristopher74@example.org,Indonesia,2022-02-09,Standard,9559.15
6235,Aaron Khan,travis22@example.net,Hong Kong,2023-10-31,Standard,4108.34
6236,Calvin Galvan,michelecrawford@example.org,Russian Federation,2024-01-20,Basic,4250.50
6237,Ariel Alvarez,nathan67@example.com,Tanzania,2025-08-09,Basic,8997.73
6238,David Rogers,katie98@example.org,Bulgaria,2020-04-11,Standard,9509.95
6239,Kevin Reynolds,hlowery@example.com,El Salvador,2025-09-07,Standard,9631.89
6240,Amanda Maldonado,faith12@example.org,Aruba,2021-06-08,Premium,1890.92
6241,James Gonzalez,mary62@example.com,Greenland,2025-12-23,Premium,1479.22
6242,Courtney Sutton,williamkhan@example.com,Sierra Leone,2025-05-14,Standard,9424.37
6243,Brian Williams,quinnjon@example.net,United Kingdom,2025-04-04,Standard,2767.46
6244,William Evans,stevensrobert@example.net,Argentina,2020-07-23,Basic,2749.95
6245,Jacqueline Wright,rebeccablackburn@example.com,Finland,2020-05-04,Basic,4698.39
6246,Brooke Sims,peterskyle@example.net,Congo,2023-01-13,Basic,3244.43
6247,Leslie Spears,amanda89@example.com,Portugal,2020-05-12,Standard,2297.35
6248,Robert Reed,wandarussell@example.com,Guernsey,2022-09-24,Standard,7724.82
6249,Amanda Bradley,wgutierrez@example.com,Andorra,2024-04-20,Standard,3570.17
6250,Timothy Walker,ryanevans@example.com,Gambia,2020-02-05,Premium,2970.63
6251,Allison Hendricks,ortiznathaniel@example.net,Grenada,2021-11-04,Premium,31.96
6252,Sue Davila,vlewis@example.org,Micronesia,2020-05-26,Standard,3320.80
6253,Sarah Mckinney,michaelsmith@example.com,Ghana,2021-09-24,Standard,8103.05
6254,Danielle Cox,leebrianna@example.org,Iraq,2023-12-25,Standard,2681.06
6255,Brittany Alexander,qnelson@example.org,Vietnam,2020-07-07,Basic,386.20
6256,Cassandra Valdez,xbriggs@example.org,Cook Islands,2023-09-20,Standard,8622.96
6257,Donna Lopez,gyoung@example.com,Uruguay,2023-05-15,Standard,9433.23
6258,Donna Anderson,debbie98@example.org,Singapore,2021-10-20,Standard,4106.15
6259,Jose Joseph,brett45@example.net,Luxembourg,2024-09-24,Basic,8998.23
6260,Deborah Acevedo,ryanhernandez@example.net,Bangladesh,2023-02-06,Standard,2761.28
6261,Kimberly Klein,kstrong@example.org,American Samoa,2020-04-19,Standard,4377.01
6262,Scott Erickson,laurencrawford@example.com,Germany,2020-08-29,Standard,7657.15
6263,Barbara Riley,jonesdebra@example.org,Japan,2023-10-14,Standard,4184.68
6264,Dawn Johnson,aliciabennett@example.net,Mayotte,2020-01-10,Premium,8086.79
6265,Angel Carlson,jonlopez@example.net,Bahrain,2021-07-20,Standard,3925.34
6266,Anita Whitehead,kevinyoung@example.net,Serbia,2020-03-29,Standard,8108.48
6267,Stephen Leonard,ryanrobinson@example.com,South Georgia and the South Sandwich Islands,2024-08-18,Basic,5213.77
6268,Shawn Smith,brett64@example.com,Vanuatu,2025-07-06,Basic,6307.31
6269,Brenda Mcknight,vowens@example.com,Namibia,2025-06-16,Standard,7240.47
6270,Adam Griffith,melissa63@example.org,Madagascar,2024-01-03,Premium,6653.00
6271,David Dean,stephanie57@example.org,Singapore,2020-07-20,Standard,6572.90
6272,Jenny Thompson,stonesusan@example.com,Luxembourg,2025-07-18,Basic,8045.77
6273,Mrs. Amy Snyder,danielroman@example.org,Lao People's Democratic Republic,2020-05-07,Standard,7005.87
6274,Felicia Jackson,raymond20@example.org,Bouvet Island (Bouvetoya),2023-01-11,Standard,6485.06
6275,Mary Mckee,johnrodriguez@example.com,Libyan Arab Jamahiriya,2025-10-02,Standard,8432.81
6276,Max Brown,zacharysolomon@example.net,Georgia,2020-07-20,Standard,2962.52
6277,Rhonda Baker,rwalker@example.com,Dominica,2023-07-09,Standard,3794.28
6278,Christian Thornton,hartmanrobert@example.org,Uganda,2023-02-08,Basic,3702.08
6279,Gregory Martin,ucarroll@example.org,Canada,2021-12-14,Basic,6102.69
6280,Alan Hardy,carterjason@example.net,Sierra Leone,2020-11-13,Basic,7739.16
6281,Cody Barnes,lmaxwell@example.net,Australia,2021-04-25,Premium,1383.41
6282,Christopher Mann,swilkinson@example.com,Samoa,2021-10-07,Basic,9631.34
6283,James Charles,thompsonbenjamin@example.net,Zimbabwe,2020-06-15,Premium,8359.53
6284,Amber White,jennasanchez@example.net,Canada,2022-11-12,Standard,1350.91
6285,Tracey Owen,smithlarry@example.com,Marshall Islands,2024-01-21,Basic,9463.10
6286,David Robbins,sean90@example.com,Guyana,2020-11-30,Premium,2445.83
6287,Steven Thomas,brendadecker@example.org,Turks and Caicos Islands,2025-12-18,Premium,1536.24
6288,Rachael Singleton,jenkinschristian@example.net,Venezuela,2021-09-01,Basic,9569.01
6289,Andrew Gallagher,susanhernandez@example.net,San Marino,2022-10-22,Standard,4749.17
6290,Olivia Guzman,kaylafarley@example.org,Croatia,2024-11-06,Basic,1096.12
6291,Michele Jones,ayalaregina@example.net,Djibouti,2023-11-23,Standard,5645.84
6292,Robert Rice,brentshelton@example.net,Gabon,2023-06-10,Basic,6697.65
6293,Michael Patel,nrodriguez@example.net,Nepal,2022-04-28,Standard,8133.02
6294,April Terry,heathermartinez@example.net,Maldives,2022-03-09,Basic,4535.12
6295,Susan Lutz,cynthia80@example.org,Tuvalu,2020-05-14,Basic,2993.71
6296,Bobby Smith,nicholas78@example.com,United States Virgin Islands,2020-09-11,Basic,314.09
6297,Mary Johnson,villarrealfrank@example.org,Kazakhstan,2025-01-29,Standard,3121.33
6298,Jaime Ray,choward@example.org,Sao Tome and Principe,2021-08-29,Basic,5881.46
6299,Shane Bentley,zhall@example.org,Cape Verde,2020-12-10,Premium,8446.45
6300,Scott Parker,hunterbradley@example.com,Brazil,2022-04-20,Standard,1.41
6301,Dana Maldonado,harrischristian@example.com,Nicaragua,2024-05-29,Standard,8177.87
6302,Jeremiah Ford,erindelgado@example.com,Tonga,2021-10-07,Basic,6294.35
6303,Caitlyn James,timothyrubio@example.com,Isle of Man,2021-12-08,Premium,6192.88
6304,Gabriella Ortiz,shawnharding@example.com,Saint Barthelemy,2022-12-24,Basic,7479.68
6305,Randy Fowler,thahn@example.com,Mauritania,2024-05-11,Basic,6590.87
6306,David Wheeler,donaldibarra@example.com,Guadeloupe,2024-04-22,Basic,4416.16
6307,Mrs. Dana Johnston,andrea97@example.org,Comoros,2021-05-08,Basic,8428.21
6308,Dawn Smith,qevans@example.org,Guernsey,2020-07-02,Standard,7877.03
6309,Sara Lewis,stephencollins@example.com,Timor-Leste,2021-08-30,Basic,5324.32
6310,Kelly Moore,nicholasmorgan@example.net,Guyana,2025-09-05,Standard,5760.79
6311,Bobby Mason,amanda09@example.com,Andorra,2024-07-28,Standard,9801.45
6312,Kerry Porter,kpalmer@example.net,Bahamas,2024-08-12,Standard,1688.20
6313,Gina Mccormick,campbellcourtney@example.org,Zimbabwe,2020-06-01,Basic,4179.34
6314,Diana Fernandez,heather10@example.net,Philippines,2021-06-26,Standard,6645.28
6315,Darius Anderson,ofloyd@example.com,French Southern Territories,2020-03-04,Basic,2695.64
6316,Kim Allen,barry45@example.org,Christmas Island,2025-03-24,Standard,3297.47
6317,Alexis Lopez,tinahernandez@example.net,Saint Barthelemy,2023-04-15,Standard,7710.97
6318,Destiny Anderson,thomas14@example.com,Samoa,2022-04-13,Standard,3891.19
6319,Alyssa Watts,kylie75@example.net,Timor-Leste,2022-11-25,Standard,8205.42
6320,Christine Dickson,asmith@example.com,Trinidad and Tobago,2022-05-06,Standard,7509.96
6321,Edward Adams,kristinamonroe@example.net,Maldives,2023-10-06,Standard,9456.45
6322,Beth Martinez,davissarah@example.com,United Kingdom,2024-08-20,Standard,6127.89
6323,Pamela Wallace,samantha22@example.com,Finland,2020-05-25,Standard,544.23
6324,Brett Bryant,clarkcraig@example.net,Libyan Arab Jamahiriya,2025-03-14,Basic,8563.28
6325,Travis Norton,epotter@example.net,Yemen,2024-05-04,Standard,5732.87
6326,Christopher Thompson,yrodriguez@example.net,Kyrgyz Republic,2021-04-18,Standard,3991.07
6327,Jennifer Jackson,danielspencer@example.com,Costa Rica,2023-08-15,Standard,9522.56
6328,Daniel Vargas,anna77@example.org,Brazil,2025-03-09,Basic,4037.69
6329,Deborah Patterson,melissaedwards@example.org,Nauru,2024-11-05,Basic,8735.28
6330,Madison Scott,darryl88@example.com,New Caledonia,2023-05-04,Basic,2066.48
6331,Katherine Jones,jose11@example.com,Suriname,2020-03-20,Premium,4376.42
6332,Adrian Wilkerson,jessica23@example.org,Turkey,2021-02-10,Premium,6734.70
6333,Krista Harris,kathy51@example.net,Vietnam,2020-04-13,Standard,1947.97
6334,Kristine Rodriguez DVM,hernandezdouglas@example.net,Isle of Man,2024-12-07,Basic,143.65
6335,Jeremy Beck,christopherburns@example.net,United States of America,2025-03-19,Basic,2792.68
6336,Felicia Martinez,gentryedward@example.net,United Arab Emirates,2023-02-11,Basic,1380.12
6337,Linda Palmer,nathan32@example.net,Antarctica (the territory South of 60 deg S),2020-06-27,Basic,5943.89
6338,Rebecca Newton,bmonroe@example.net,Montenegro,2021-11-24,Standard,4891.03
6339,Mr. Johnathan Casey,rstephenson@example.com,Bahrain,2021-01-31,Premium,8573.60
6340,Brian Gallegos,ccummings@example.org,Kenya,2020-11-06,Standard,8892.73
6341,Xavier Jackson,alexlong@example.org,Italy,2021-09-14,Basic,7650.54
6342,Charles Barnett,alyssa80@example.org,Germany,2024-12-21,Standard,2056.67
6343,George Berry,walter13@example.com,Aruba,2022-08-24,Standard,4111.91
6344,Carolyn Hernandez MD,adamsdavid@example.com,Nicaragua,2024-06-03,Premium,5493.79
6345,Valerie Garcia,bryanttravis@example.org,Somalia,2023-08-31,Standard,9701.39
6346,Jon Washington,christina33@example.com,Seychelles,2023-07-05,Standard,3895.10
6347,Mark Mcbride,pgarza@example.com,Colombia,2023-05-19,Standard,7816.64
6348,Michael Madden DDS,jason98@example.com,Vietnam,2024-06-17,Basic,3048.58
6349,Lisa Estrada,ritterkathryn@example.org,Reunion,2020-06-07,Premium,3949.52
6350,Stephanie Newton,kevin65@example.net,Eritrea,2023-10-19,Standard,6665.26
6351,Jasmine Hooper,michealchan@example.com,Namibia,2020-07-12,Standard,6681.34
6352,Bruce Fuller,heather58@example.net,South Africa,2023-06-01,Premium,4490.57
6353,Holly Miller,dwilson@example.com,Guadeloupe,2020-10-18,Premium,4692.09
6354,Peter Saunders,melvin82@example.net,India,2024-05-29,Standard,9418.57
6355,Patrick Lane,zriley@example.com,Grenada,2025-10-07,Premium,2435.04
6356,William Gentry,mirandacynthia@example.net,Liberia,2022-03-02,Standard,1776.98
6357,Christopher Scott,,Norway,2020-06-06,Standard,356.32
6358,Amanda Webb,sharon07@example.org,Libyan Arab Jamahiriya,2020-03-20,Standard,5147.51
6359,Joshua Mercer,garciabrian@example.com,Saint Helena,2021-12-27,Standard,9937.12
6360,Rachel Macias,tamarascott@example.net,Lesotho,2022-03-24,Standard,2488.99
6361,Charles Williams,michaelescobar@example.net,Turkmenistan,2020-05-11,Standard,8229.89
6362,Tammie Leblanc,kellyhardy@example.com,Ecuador,2022-02-02,Premium,2157.76
6363,Mary Conley,cmckenzie@example.org,Gambia,2022-09-10,Standard,195.67
6364,Alan Humphrey,gwood@example.net,Timor-Leste,2022-07-25,Premium,7258.50
6365,Todd Schmidt,susanharmon@example.com,Burundi,2025-02-18,Standard,7029.53
6366,Mr. Zachary Mercer,nancy75@example.org,Afghanistan,2020-01-12,Basic,4285.16
6367,Alicia Santos,wolferandy@example.org,Namibia,2022-08-13,Basic,6337.24
6368,Megan Rodriguez,kyle40@example.org,Heard Island and McDonald Islands,2023-03-29,Basic,580.19
6369,Victoria Wallace,jeffreyturner@example.net,Taiwan,2022-04-23,Basic,4243.07
6370,Heather Smith,whitneybailey@example.org,Heard Island and McDonald Islands,2025-04-13,Premium,5410.84
6371,Mark Flores,andrew36@example.com,Spain,2022-03-14,Standard,9906.11
6372,Jessica Wyatt,garciaadam@example.com,Indonesia,2020-01-19,Premium,973.37
6373,Paul Oneal,christopherpearson@example.org,Central African Republic,2024-11-26,Standard,5619.22
6374,Stacey Ritter,allenjeremy@example.net,Iceland,2022-02-26,Basic,4290.52
6375,Emily Bailey,pmaldonado@example.org,Guadeloupe,2023-03-25,Standard,6247.60
6376,Steven Wolfe,zgeorge@example.net,Burundi,2020-11-13,Premium,1790.71
6377,Mary Miller,vmunoz@example.com,Cook Islands,2024-07-03,Standard,5926.23
6378,Adam Gray,trevorsanchez@example.org,Kiribati,2023-12-05,Premium,9643.80
6379,Wendy Mcgee,robinsonstephen@example.org,Saint Vincent and the Grenadines,2021-10-09,Premium,7156.47
6380,Eric Potts,pgonzales@example.net,Samoa,2022-09-26,Standard,2973.29
6381,Joshua Ward,carpenterdonna@example.org,Mali,2020-12-21,Standard,5151.77
6382,Alexis Kaiser,devinhenderson@example.com,Myanmar,2020-04-29,Premium,2266.63
6383,Michael Garcia,jennifer69@example.com,British Indian Ocean Territory (Chagos Archipelago),2023-10-16,Basic,6117.06
6384,Kari Brooks,shelby03@example.org,Saint Helena,2024-02-07,Premium,8043.43
6385,Frank Guerra,howens@example.org,Egypt,2021-11-25,Basic,1385.39
6386,Ashley Rowe,,Nauru,2024-04-08,Standard,5756.65
6387,James Young,perryaustin@example.org,Svalbard & Jan Mayen Islands,2022-04-27,Basic,8354.67
6388,Thomas Lane,tracy09@example.org,Kiribati,2022-05-19,Standard,427.60
6389,Eric Page,hartdakota@example.net,Maldives,2021-05-15,Standard,4915.37
6390,Peter Johnson,katrina20@example.net,Saint Pierre and Miquelon,2021-02-01,Standard,1823.67
6391,Frances Martinez,bcruz@example.net,Switzerland,2021-02-12,Basic,6304.54
6392,Vicki Williams,garrettmunoz@example.net,Guernsey,2023-10-09,Basic,5963.84
6393,Andrew Diaz,rodneymcconnell@example.com,Yemen,2022-02-19,Standard,1068.11
6394,Bob Wong,yvonne79@example.org,Nauru,2020-12-23,Basic,906.88
6395,Cole Erickson,christinepadilla@example.net,Eritrea,2025-05-02,Standard,3266.43
6396,Sarah Harrison,coryperez@example.com,Liberia,2021-12-12,Standard,4690.02
6397,Adrienne Lee,gerald75@example.org,Northern Mariana Islands,2024-06-30,Standard,7818.78
6398,Blake Thompson,rachelthompson@example.net,Comoros,2025-10-27,Standard,1469.25
6399,Terry Serrano,miguelrichardson@example.net,Ecuador,2020-11-21,Basic,9586.10
6400,Paula Marks,nicolemanning@example.net,Greenland,2022-06-02,Standard,7255.41
6401,Anthony Brown,kathrynmccoy@example.net,Honduras,2020-01-20,Basic,2630.28
6402,Deanna Cooper,kelseyhill@example.net,Ecuador,2020-01-05,Basic,3226.67
6403,Bryan Mcdaniel,hicksshelley@example.net,Turkmenistan,2025-12-12,Standard,7788.52
6404,Cameron Lester,wjennings@example.net,Jordan,2022-06-12,Standard,6340.11
6405,Margaret Hamilton,michaelwashington@example.com,Armenia,2020-08-18,Standard,5269.39
6406,Ronald Murphy,meyerstimothy@example.org,Indonesia,2025-03-27,Premium,264.66
6407,Eric Oneill III,ccampbell@example.net,Cook Islands,2022-06-19,Standard,9120.59
6408,Christine Tucker,julianross@example.org,Uruguay,2021-07-01,Premium,5996.07
6409,Joanna Harvey,courtneybell@example.net,Uganda,2025-08-09,Standard,1721.41
6410,Larry Townsend,coxbeth@example.com,Mexico,2020-12-19,Basic,2665.88
6411,Garrett Ross,bburns@example.org,China,2020-09-04,Basic,480.89
6412,Darrell Mills,nicholaskelly@example.net,United Kingdom,2023-06-24,Standard,3050.17
6413,Brian Clark,dwright@example.org,Liechtenstein,2021-01-30,Standard,7244.08
6414,Nicole Chapman,sanchezwilliam@example.net,Vietnam,2024-10-04,Standard,7765.38
6415,Stephanie Duncan,tjackson@example.com,Botswana,2025-09-02,Basic,8032.20
6416,Michelle Wilcox,christine74@example.com,Nigeria,2023-11-21,Standard,1493.31
6417,Keith Dunn,brittany81@example.org,Anguilla,2020-05-05,Standard,6404.97
6418,Jonathan Kelly,gregorybowen@example.com,Panama,2023-07-05,Standard,3813.42
6419,Michael Jimenez,geraldwilliams@example.net,Thailand,2025-03-30,Standard,9542.60
6420,Lisa Hall,melanie80@example.com,Jamaica,2023-08-21,Basic,5380.16
6421,Kimberly Bailey,mitchelljon@example.org,Montserrat,2021-02-02,Premium,897.72
6422,David Keith,mitchelljesus@example.org,Kenya,2020-02-15,Basic,4349.71
6423,Christopher Holder,michael76@example.com,Iceland,2023-11-13,Premium,4453.04
6424,Deborah Brewer,ryannathan@example.com,Nicaragua,2022-05-30,Premium,2879.21
6425,Valerie Brown,susanburke@example.net,Kyrgyz Republic,2021-09-30,Basic,3044.08
6426,Joseph Collins,mollyzamora@example.com,Marshall Islands,2025-01-08,Premium,1143.73
6427,Debra Johnson,nicholassmith@example.org,Anguilla,2022-02-14,Premium,2306.43
6428,Joseph Boyd,kayla82@example.net,Monaco,2023-06-05,Standard,1979.20
6429,Sarah Simmons,bwright@example.com,Poland,2020-10-11,Premium,8061.27
6430,Jessica White,doughertykatelyn@example.net,Mauritius,2021-03-28,Premium,7864.29
6431,Brian Moyer,travisjohnson@example.net,Lesotho,2025-08-24,Premium,7362.45
6432,Tara Archer,pamelamiller@example.com,Holy See (Vatican City State),2021-10-30,Basic,9295.06
6433,Amanda Davis,william49@example.net,Netherlands,2025-06-06,Basic,3876.37
6434,Lisa Mason,qnielsen@example.org,Cameroon,2024-09-20,Standard,9724.46
6435,Mr. Mark Hampton,batesmark@example.org,Tunisia,2020-09-10,Standard,2517.23
6436,Daisy Rosario,nelsonalvin@example.org,Palestinian Territory,2023-11-05,Basic,3058.39
6437,Elizabeth Garcia,keithphillips@example.net,Romania,2024-09-06,Standard,6665.64
6438,Ryan Martinez,zbrown@example.com,Thailand,2024-06-11,Standard,1539.39
6439,Bianca Sandoval,david89@example.org,Mongolia,2020-11-08,Basic,5792.52
6440,Jake Patton,gcohen@example.com,Somalia,2022-02-12,Premium,4497.94
6441,Cheyenne Ibarra,melissa59@example.net,Timor-Leste,2022-02-16,Premium,4282.54
6442,Terry Lawrence,dgaines@example.net,Nauru,2024-02-01,Standard,503.74
6443,Lindsay Jones,kpace@example.com,Taiwan,2022-03-05,Standard,8221.86
6444,Dr. Tanner Wells DDS,alex59@example.org,Saint Barthelemy,2023-02-17,Basic,6591.28
6445,Trevor Schmidt,hubbardmatthew@example.org,Fiji,2024-03-09,Standard,4281.55
6446,Jimmy George,tgutierrez@example.net,Georgia,2024-06-03,Basic,6636.53
6447,Katrina Hoffman,lori11@example.org,Sweden,2024-09-10,Standard,5975.57
6448,Melissa Turner,gbarker@example.net,Spain,2025-05-08,Basic,4032.52
6449,Maria Willis,fthompson@example.com,Guernsey,2022-01-16,Standard,9706.87
6450,Jessica Stout,paulshelton@example.net,France,2024-05-08,Standard,6848.61
6451,Rhonda Lopez,rochaleslie@example.com,Ireland,2020-06-09,Premium,2600.65
6452,Scott Brown,ykim@example.net,Sri Lanka,2025-03-04,Standard,8574.96
6453,Michael Hall,lopezhenry@example.net,Cayman Islands,2023-04-21,Basic,5154.58
6454,Melanie Haley,veronica18@example.com,Burkina Faso,2023-05-18,Standard,1804.58
6455,Steven King,bradleyelizabeth@example.org,Chile,2023-01-11,Basic,220.08
6456,Jessica Brown,brownmary@example.org,North Macedonia,2023-11-01,Standard,6620.35
6457,Amber Salas,shermandonna@example.org,Bahamas,2020-04-29,Standard,2925.63
6458,Meredith Rodriguez,smithcharles@example.com,Bahamas,2025-12-06,Standard,8386.29
6459,Marie Tucker,kenneth64@example.net,Antigua and Barbuda,2024-03-18,Basic,3144.83
6460,Melissa Curtis,ghudson@example.com,Samoa,2024-03-23,Basic,9544.01
6461,Jessica Burke,darrenwalter@example.net,Malta,2020-09-06,Standard,304.68
6462,Joseph Hicks,wolfjoshua@example.com,Kenya,2020-05-05,Premium,5195.70
6463,Vicki Mclaughlin PhD,brianbennett@example.com,Uganda,2025-03-05,Standard,5986.91
6464,Claire Hensley,johnsonrachel@example.org,Mauritania,2022-06-23,Standard,7100.36
6465,Angela Taylor,bburton@example.org,Marshall Islands,2023-06-15,Premium,7005.03
6466,Michael Smith,kristine66@example.com,Haiti,2020-04-19,Standard,5350.00
6467,Kelly Vargas,hernandezmichael@example.com,Tajikistan,2020-09-12,Premium,7646.78
6468,Michele Booth,wilsonstephanie@example.com,French Polynesia,2021-02-14,Basic,7897.00
6469,Brandy Torres,egomez@example.org,Kiribati,2022-11-02,Standard,1929.54
6470,Alicia Peters,ukim@example.net,Ukraine,2025-12-30,Premium,9018.54
6471,Stephanie Martin,phelpskimberly@example.net,Tuvalu,2021-09-21,Basic,8216.18
6472,Pamela Elliott,mendezernest@example.org,Finland,2021-04-16,Basic,6164.05
6473,Chad Franklin,joseph33@example.com,Cote d'Ivoire,2025-02-06,Standard,8263.83
6474,Anthony Hinton,lopezalyssa@example.net,Sri Lanka,2025-11-17,Basic,4300.67
6475,Melissa Fisher,patrickholt@example.net,Holy See (Vatican City State),2022-11-27,Standard,9081.14
6476,Chase Snyder,julie96@example.com,Liberia,2020-02-06,Basic,3274.52
6477,Rose Williams,margaret60@example.org,Lesotho,2025-12-13,Premium,7345.76
6478,Kristine Allen,john60@example.org,Costa Rica,2022-12-26,Standard,1437.92
6479,Frank Cowan,nelsondavid@example.org,Martinique,2020-11-21,Standard,1391.29
6480,Jaclyn Thornton,gina18@example.com,Italy,2020-05-14,Basic,2236.46
6481,Christopher Hunter,michaeljohnson@example.net,Montserrat,2020-10-20,Standard,5676.77
6482,William Alexander,montgomerylisa@example.net,Armenia,2025-10-14,Basic,8526.39
6483,Makayla Mccarthy,wallacerobert@example.com,Monaco,2021-05-15,Standard,5072.39
6484,Mrs. Tasha Charles,william12@example.net,Guyana,2022-07-02,Basic,3601.60
6485,Shawn Bowers,mistyjohnson@example.org,Nicaragua,2024-06-27,Standard,1567.24
6486,Arthur Rogers,davislaura@example.net,British Virgin Islands,2023-05-25,Standard,2060.36
6487,Laura Kaiser,justinhoward@example.com,Vietnam,2023-10-02,Basic,7615.44
6488,Rodney Mcdonald,xgutierrez@example.org,Cuba,2025-01-23,Basic,623.88
6489,Danielle Willis,osbornebryan@example.com,Maldives,2020-04-23,Standard,677.43
6490,Patricia Jackson,christopherparker@example.org,Martinique,2023-09-30,Standard,7184.09
6491,Frederick Tate,brian09@example.com,Syrian Arab Republic,2020-03-10,Standard,9391.50
6492,Amber Haas,gregoryalejandra@example.net,United States Minor Outlying Islands,2020-07-11,Standard,8277.21
6493,Vanessa Arias,lrasmussen@example.com,Kazakhstan,2020-09-29,Standard,976.41
6494,Katherine Hartman,samantha96@example.org,Saudi Arabia,2024-04-11,Basic,3534.79
6495,Debra Torres,ronaldroth@example.net,Iraq,2021-05-28,Premium,4533.89
6496,Ryan Chambers,elaine79@example.org,Guernsey,2021-03-09,Standard,8391.11
6497,Dana Floyd,lisa22@example.com,Belize,2020-08-07,Standard,1474.27
6498,Lisa Peterson,lewisjonathan@example.org,Saint Helena,2021-07-08,Standard,4839.10
6499,Alejandro Anderson,zhughes@example.net,Kenya,2025-03-15,Standard,1945.42
6500,Kelly Roberts,lsanders@example.com,Malaysia,2022-09-10,Premium,6650.87
6501,Daniel Parker,pfletcher@example.com,Tanzania,2023-03-16,Basic,1710.87
6502,Paul Bell,whitney75@example.org,Togo,2023-12-23,Basic,7149.63
6503,Steven Howell,perezjanice@example.com,Norway,2023-06-24,Basic,3606.02
6504,Jonathan Howard,catherine90@example.com,Jamaica,2021-05-08,Standard,6374.63
6505,Patrick Owens,melissa31@example.org,Reunion,2023-10-08,Standard,5687.72
6506,Amy Prince,williamsjeffrey@example.org,Yemen,2020-02-21,Premium,7209.02
6507,Tonya Lowe,yperez@example.com,Jordan,2024-05-16,Basic,762.36
6508,Erica Brown,matthewjimenez@example.com,Guam,2020-06-23,Premium,2090.91
6509,Shannon Randolph,kimberlybrooks@example.org,United States of America,2022-04-20,Basic,9036.68
6510,Cindy Mccarthy,irodriguez@example.org,Hungary,2023-10-16,Standard,8671.27
6511,Jorge Bryant,pgriffith@example.org,Guatemala,2022-12-22,Standard,5459.92
6512,Maria Robertson,hramirez@example.com,Pitcairn Islands,2022-03-18,Basic,1185.30
6513,Lisa Holloway,dawn99@example.com,Turkmenistan,2023-11-12,Premium,1758.23
6514,Steve Bennett,joshuawatson@example.com,Guatemala,2023-07-16,Standard,488.18
6515,Michael Hale,jeremy90@example.com,Reunion,2021-12-04,Standard,3027.85
6516,Amanda Hobbs,christianclements@example.org,Slovenia,2021-01-23,Premium,4927.80
6517,Sherry Wiggins,esalazar@example.com,Cyprus,2023-02-11,Standard,5063.59
6518,Nicole Orozco,jonesralph@example.net,Oman,2024-02-17,Standard,8996.75
6519,Kevin Anderson,elliottemily@example.com,Chile,2024-06-03,Premium,7303.55
6520,Tiffany Clark,brianna55@example.net,Latvia,2020-04-11,Premium,786.91
6521,George Flores,kellyanthony@example.com,Pitcairn Islands,2022-09-06,Standard,5022.27
6522,Donna Bonilla,faith21@example.org,Luxembourg,2022-08-25,Basic,7494.54
6523,Alexis Cruz,obarron@example.com,Ghana,2022-03-13,Premium,6331.21
6524,Steven Rhodes,ndunlap@example.net,Lithuania,2021-06-07,Basic,3130.95
6525,Kelly Marquez,weaverjoshua@example.org,Greece,2024-04-12,Standard,1635.78
6526,Abigail Williams,vanessa87@example.org,Antarctica (the territory South of 60 deg S),2025-04-29,Basic,9531.36
6527,Jason Hughes,johnhorne@example.com,Tunisia,2024-02-02,Basic,3643.30
6528,Angela Wiley,marcus96@example.net,Croatia,2022-11-28,Standard,1102.89
6529,Joseph Carter,kaylajones@example.com,Belgium,2020-01-13,Standard,5041.55
6530,William Robinson,cameron44@example.net,Bulgaria,2020-02-06,Standard,616.02
6531,Mr. Matthew Hawkins,claudia33@example.com,Somalia,2022-05-29,Standard,1618.10
6532,Linda Leonard,jacksonjonathan@example.com,Lesotho,2021-04-14,Standard,6353.25
6533,Jamie Gray,matthewsimmons@example.com,Kenya,2024-06-01,Standard,980.19
6534,Carlos Lindsey,mark04@example.org,Korea,2021-04-20,Premium,4385.84
6535,Raymond Dominguez,jennifer21@example.com,Bolivia,2025-07-04,Standard,5115.96
6536,Joseph Bell,johnsonmartha@example.com,Cape Verde,2022-12-09,Standard,3178.67
6537,Bryan Shelton,donna61@example.net,Nigeria,2023-08-12,Premium,7305.66
6538,Jose Martin,ecarey@example.com,Kuwait,2021-06-12,Standard,8156.03
6539,Brenda Dixon,tcurtis@example.org,Isle of Man,2024-07-03,Premium,3471.27
6540,Daniel Rivera,hchandler@example.org,Guyana,2025-01-27,Basic,5027.49
6541,Adrienne Clay,kiara04@example.com,Paraguay,2024-04-03,Basic,5105.76
6542,Amy Vargas,saustin@example.org,Haiti,2021-01-31,Standard,5098.95
6543,Mary Warren,spencetheresa@example.net,Ecuador,2024-05-26,Premium,9475.17
6544,Herbert Kennedy,cervantespatricia@example.com,Cambodia,2024-07-25,Standard,818.93
6545,John Bryant,ekelley@example.org,South Africa,2025-05-04,Premium,6016.45
6546,Amanda Porter,gonzalesdavid@example.org,Guinea,2022-12-24,Basic,5605.34
6547,Molly Robles,mike67@example.org,Jersey,2021-12-15,Standard,7573.95
6548,Misty Gomez,christina04@example.org,Sri Lanka,2024-04-11,Standard,2314.85
6549,Laura Lozano,jacksonjohn@example.org,United States Virgin Islands,2022-07-11,Premium,1074.32
6550,Matthew Brooks,johnjones@example.net,Congo,2022-12-27,Standard,9019.65
6551,Emily Burke,qdougherty@example.net,Slovenia,2021-05-31,Standard,7236.32
6552,David Hartman,david11@example.net,Marshall Islands,2020-06-01,Basic,9118.60
6553,James Daniel,amanda66@example.net,United States Virgin Islands,2021-09-30,Premium,2453.92
6554,Cody Edwards,matthew52@example.net,Wallis and Futuna,2020-07-20,Standard,9876.12
6555,Matthew Nelson,susan21@example.net,Saint Pierre and Miquelon,2020-01-31,Basic,4442.52
6556,Michael Martin,lopezsheryl@example.net,Bangladesh,2022-08-24,Premium,5908.33
6557,John Thomas,obaker@example.com,Bahamas,2022-04-25,Basic,5914.79
6558,Krystal Hayden,harrisshannon@example.net,Norfolk Island,2020-09-06,Standard,29.84
6559,Miss Kristina Mann,ebrown@example.org,Kuwait,2023-08-08,Premium,2197.43
6560,Kyle Morgan,boydjames@example.net,Saint Helena,2023-06-05,Premium,3650.76
6561,Randy Howell,gcobb@example.org,Kenya,2025-07-15,Premium,6172.94
6562,April Mcclure,robinsondaniel@example.org,Cocos (Keeling) Islands,2023-04-17,Standard,4991.24
6563,Vanessa Ross,shirley66@example.com,Dominican Republic,2024-04-09,Standard,1709.76
6564,Debra Montes,keith48@example.org,Afghanistan,2022-07-18,Basic,8696.97
6565,Meredith Hardy,martinebony@example.net,Croatia,2021-12-18,Basic,6973.82
6566,Charles Hall,drobbins@example.com,Mali,2023-09-16,Premium,9399.48
6567,Jonathan Martin,sherry41@example.net,Greece,2022-11-19,Premium,2038.41
6568,Nathaniel Kane,jill20@example.org,Colombia,2022-10-11,Basic,9609.18
6569,Donna Bernard,jessica45@example.com,Monaco,2022-08-23,Standard,9017.15
6570,Cassandra Thompson,brandon42@example.org,Montserrat,2025-11-18,Standard,1472.98
6571,Terry Williams,zunigamichelle@example.net,Aruba,2024-09-19,Basic,2357.08
6572,Kevin Burch,leemichael@example.org,Turks and Caicos Islands,2020-03-29,Standard,9234.76
6573,Willie Lee,tiffanyjones@example.org,Guernsey,2021-12-07,Basic,8709.18
6574,Patricia Reed,jenniferzuniga@example.org,Turks and Caicos Islands,2020-02-29,Standard,650.20
6575,Dawn Andrews,heatherrobles@example.com,Saudi Arabia,2024-03-17,Standard,4569.70
6576,Blake Herring,marcus79@example.net,Ukraine,2025-05-20,Basic,33.39
6577,Cathy Allen,nromero@example.net,Saudi Arabia,2025-12-13,Basic,563.20
6578,Nicole Brown,jennifercox@example.net,Maldives,2023-05-20,Premium,7616.75
6579,Daniel Wright,stephanie01@example.org,Maldives,2024-07-29,Standard,3911.47
6580,Mark Gallegos,daniel20@example.com,Ghana,2023-06-02,Standard,3045.19
6581,Alexandria Roberts,jessica68@example.net,Netherlands,2022-11-11,Premium,8329.20
6582,Nathaniel Page,ericberger@example.com,Anguilla,2025-09-06,Basic,6813.92
6583,Donald Flowers,mroberts@example.com,Timor-Leste,2025-08-14,Premium,8949.77
6584,Kristina Mendez,davisgene@example.org,Portugal,2022-03-05,Premium,2786.91
6585,Diane Allen,icarroll@example.net,Norfolk Island,2020-05-31,Basic,3737.31
6586,Jodi Rogers,powelljohn@example.com,Heard Island and McDonald Islands,2021-12-02,Basic,8976.50
6587,Anthony Austin,osbornerobert@example.net,Mali,2020-12-30,Standard,9858.58
6588,Mary Petty,,Nepal,2023-12-04,Standard,7582.66
6589,Michael Gregory,william86@example.net,Spain,2022-01-07,Basic,6776.03
6590,Brandon Kelley,marshalljulian@example.org,Moldova,2025-06-06,Premium,1154.12
6591,Steven Mills,nboone@example.org,Kazakhstan,2021-02-22,Premium,7116.21
6592,Tammy Davis,stevenortiz@example.org,Norfolk Island,2024-01-23,Basic,7389.87
6593,Shannon Simpson,crystal93@example.net,Dominican Republic,2020-04-03,Standard,7936.57
6594,Nicholas Ruiz,cmoon@example.org,Cocos (Keeling) Islands,2022-02-16,Standard,1550.37
6595,Michael Hayes,jose62@example.org,Senegal,2024-12-05,Basic,8393.83
6596,Andrew Figueroa,halepatricia@example.net,Papua New Guinea,2023-01-01,Standard,9840.13
6597,Julie Tran,morgancalhoun@example.org,Taiwan,2021-04-19,Premium,4983.54
6598,Martin Evans,judith93@example.com,Libyan Arab Jamahiriya,2020-04-21,Premium,9719.82
6599,Sara Deleon,martinkelly@example.net,Congo,2025-07-15,Basic,1551.46
6600,Richard Mendez,caleb54@example.com,San Marino,2023-11-06,Standard,6720.38
6601,Ryan Harris,cynthiawallace@example.com,Turks and Caicos Islands,2021-06-02,Standard,4758.35
6602,John Mcgee,popeshelby@example.org,Bolivia,2025-02-27,Standard,3374.22
6603,Haley Cooper,hroberts@example.net,Liechtenstein,2020-11-16,Standard,3533.08
6604,William West,floresjonathan@example.org,Uganda,2023-04-20,Premium,5884.39
6605,Trevor Gomez,lisa85@example.net,Cambodia,2025-10-25,Basic,5711.03
6606,Brittany Anderson,faith76@example.com,San Marino,2023-05-05,Standard,6359.42
6607,Kimberly Nelson,jonking@example.org,Turkey,2024-11-11,Standard,2604.59
6608,Jeremy Grimes,tmartinez@example.net,San Marino,2021-01-01,Standard,2700.68
6609,Dana Thompson,jennifer11@example.com,Mongolia,2022-12-23,Basic,8036.32
6610,Shannon Salas,christopherhenderson@example.org,Cameroon,2023-07-03,Premium,5010.55
6611,Michelle Thomas,bbernard@example.com,Sudan,2023-10-21,Premium,4549.10
6612,Virginia Orozco,olsenkeith@example.com,Botswana,2022-08-29,Standard,8698.02
6613,Mark Cantu,ajohnson@example.net,Cameroon,2022-07-09,Standard,7826.11
6614,Dr. Amy Hubbard MD,sarah15@example.net,Wallis and Futuna,2024-07-09,Standard,9623.33
6615,Michelle Ross,leblancmichael@example.org,Falkland Islands (Malvinas),2021-03-12,Standard,8200.86
6616,Allison Fischer,joseph65@example.net,Costa Rica,2025-04-06,Basic,1231.74
6617,Dawn Martin,heather03@example.com,Angola,2025-02-11,Standard,6969.67
6618,Brandi Guerra,randyperkins@example.com,Saint Lucia,2020-09-27,Basic,2542.34
6619,Katrina Bryant,hardinlisa@example.org,Romania,2020-03-10,Premium,4586.39
6620,Jonathan Thompson,michaelmonroe@example.net,Hungary,2020-10-05,Basic,4913.06
6621,Colleen Zuniga MD,larry23@example.com,Mauritius,2022-05-01,Standard,6770.37
6622,Nicole Bradley,jaclynellis@example.org,Nigeria,2020-05-21,Standard,4768.87
6623,Ashley Richardson,ihoward@example.net,South Georgia and the South Sandwich Islands,2021-01-27,Standard,434.23
6624,Brian Chambers,daniel25@example.org,Antigua and Barbuda,2024-10-24,Basic,9763.41
6625,Monica Perez,imorales@example.net,Palestinian Territory,2025-10-12,Standard,3911.51
6626,Molly Brown,hthomas@example.com,Lithuania,2021-02-16,Basic,5647.20
6627,Thomas Ramirez,mariotaylor@example.org,Saint Pierre and Miquelon,2024-07-21,Standard,451.25
6628,James Wolfe,eguerrero@example.net,Liechtenstein,2025-05-19,Basic,4205.28
6629,Alan Santiago,sandradaniel@example.com,Brunei Darussalam,2022-09-22,Basic,7357.13
6630,Daniel Russell,raymondwheeler@example.net,Finland,2021-11-30,Premium,8482.42
6631,Michael Ramos,eric81@example.com,Moldova,2022-12-14,Premium,3111.36
6632,Allen Adams,jameshernandez@example.com,Argentina,2022-01-31,Standard,6121.50
6633,Judy Ramos,foleyjennifer@example.com,Philippines,2022-02-14,Premium,7267.81
6634,Peter Lopez,efowler@example.com,United States Minor Outlying Islands,2022-05-17,Basic,867.93
6635,Natalie Maxwell,morrisjennifer@example.org,Martinique,2023-11-30,Basic,1858.70
6636,Emily Smith,briansellers@example.net,Paraguay,2022-07-25,Basic,6651.29
6637,Holly Delgado,mannmichelle@example.net,Jordan,2022-08-10,Basic,9423.07
6638,Dennis Cook,emckee@example.com,Japan,2023-05-02,Standard,5853.93
6639,Bradley Parker,amber99@example.net,Micronesia,2025-01-10,Premium,5190.20
6640,John Boyd Jr.,vneal@example.net,Guatemala,2022-05-27,Basic,5424.46
6641,Lori Barrett,theresabishop@example.net,Brunei Darussalam,2023-12-14,Standard,9169.87
6642,Leslie Peters,ccohen@example.org,Bermuda,2022-01-15,Basic,2797.08
6643,Karen Garrett,christopherkent@example.com,New Zealand,2020-04-25,Standard,3660.72
6644,Jenna Hess,ujohnson@example.com,Martinique,2023-10-21,Premium,9105.21
6645,William Flowers,robertryan@example.net,Palau,2022-04-22,Standard,9060.00
6646,Jody Brown,johnsonthomas@example.com,Monaco,2023-08-25,Basic,8297.77
6647,Christina Johnson,perrymitchell@example.net,Vanuatu,2024-07-24,Basic,27.47
6648,Sandra Nunez,zbarrera@example.com,Congo,2023-06-25,Premium,6981.78
6649,Charles Fuller,amy20@example.net,Martinique,2024-06-12,Standard,1747.18
6650,Gregory Flores,susangardner@example.net,Bhutan,2021-05-04,Premium,3224.60
6651,Michael Montoya,angela60@example.org,Argentina,2021-11-19,Standard,8440.44
6652,Katie Sanford,alambert@example.com,Cook Islands,2024-04-11,Standard,8499.41
6653,Jesus Gentry,emoran@example.net,American Samoa,2022-07-14,Premium,4546.95
6654,Bruce Woods,ericmartin@example.net,San Marino,2022-10-11,Standard,5308.78
6655,Daniel Benitez,xchapman@example.net,Monaco,2021-07-01,Basic,9446.09
6656,Jennifer Stewart,dbridges@example.org,Albania,2022-09-25,Standard,1093.78
6657,Amy Rodriguez,kelseymayer@example.net,Guatemala,2022-05-03,Premium,4280.89
6658,Elizabeth French,dianewashington@example.com,New Zealand,2023-08-17,Standard,9427.88
6659,Barbara Trujillo,marcus84@example.net,Grenada,2025-03-28,Basic,9971.18
6660,Richard Collier,mark99@example.org,Aruba,2024-02-06,Basic,8711.41
6661,James Li,sandralong@example.org,Saint Pierre and Miquelon,2025-06-02,Basic,3984.62
6662,Trevor Small,hernandezmichael@example.net,British Virgin Islands,2020-03-10,Standard,6312.83
6663,Jonathan Kidd,bellsarah@example.com,South Georgia and the South Sandwich Islands,2020-07-07,Standard,879.69
6664,Taylor Jenkins,davidmason@example.net,Estonia,2024-10-10,Premium,8848.54
6665,Diana Fleming,iadams@example.com,Djibouti,2024-04-05,Standard,1268.74
6666,Melissa Bridges,russell65@example.net,Norway,2021-09-25,Basic,6389.07
6667,Marcus Parker,cruzmelissa@example.com,France,2022-06-06,Standard,7556.70
6668,Melissa Daniels,jessica23@example.org,Nicaragua,2021-11-21,Standard,218.89
6669,Nicole Porter,kimberlymoon@example.com,Lao People's Democratic Republic,2020-04-23,Standard,1448.00
6670,Jessica Davis,deannaspencer@example.org,Angola,2023-02-03,Standard,7576.48
6671,Roger Garcia,jaredsalinas@example.org,Cuba,2020-10-10,Standard,4114.95
6672,Shane Smith,richardswhitney@example.com,Japan,2025-07-10,Standard,4920.33
6673,James Norris,emartinez@example.net,Ethiopia,2022-09-18,Standard,1521.18
6674,Beverly Davis,christinelopez@example.org,Montserrat,2025-12-27,Standard,8670.82
6675,Jill Smith,smithdavid@example.com,Macao,2022-08-13,Standard,7883.32
6676,Mallory Harrell,mark26@example.org,Venezuela,2021-03-07,Standard,3069.97
6677,Kelsey Brandt MD,john74@example.com,Uganda,2024-02-08,Standard,3507.92
6678,Michelle Strickland,sarah00@example.org,Madagascar,2022-09-08,Premium,5061.36
6679,Ricky Wolfe,jessejohnson@example.net,French Guiana,2020-09-27,Basic,6971.57
6680,Chelsea Santos,chutchinson@example.org,Costa Rica,2023-09-20,Standard,7495.35
6681,Patrick Owens,garysloan@example.net,Saint Helena,2022-06-23,Standard,329.08
6682,Bridget Wallace,uashley@example.net,Tanzania,2025-01-20,Standard,3989.19
6683,Matthew Robinson,browncarrie@example.com,Latvia,2022-10-11,Standard,5061.58
6684,Sarah Powell,hessrobert@example.net,Nicaragua,2025-11-24,Standard,3511.38
6685,Jose Romero DVM,gwright@example.org,United States of America,2024-10-15,Basic,8307.95
6686,Lucas Faulkner,christopher35@example.org,New Zealand,2022-07-01,Premium,8051.27
6687,Jason Lopez,clarksara@example.net,Faroe Islands,2020-05-24,Standard,3287.79
6688,Dale King,ohansen@example.org,Guatemala,2020-05-01,Standard,4989.66
6689,Jeffrey Hanson,xstafford@example.org,French Polynesia,2021-08-26,Standard,4844.48
6690,David Morgan,santiagocynthia@example.com,Ghana,2025-12-20,Basic,80.84
6691,Patricia Parker,andersonjames@example.org,Anguilla,2023-06-12,Standard,8230.53
6692,Robert Moss,ericrice@example.com,Hong Kong,2025-12-05,Standard,8522.33
6693,Kaitlin Smith,mbautista@example.net,Iran,2024-02-21,Premium,2084.58
6694,Jessica Knox,stanley36@example.com,Sao Tome and Principe,2022-10-13,Basic,865.06
6695,Tiffany Reynolds,cynthia28@example.com,United States Virgin Islands,2022-09-09,Standard,7725.91
6696,Brian Lawson,michael92@example.net,Nauru,2021-09-30,Standard,2107.50
6697,Paula Price,clarkjames@example.net,Mali,2021-05-29,Standard,9452.25
6698,Christopher Benson,vrodriguez@example.com,Moldova,2021-05-04,Premium,3140.15
6699,Clayton Thompson,parkerdebra@example.net,Vanuatu,2023-01-09,Basic,5064.31
6700,Jesus Thomas,chungangela@example.net,Dominican Republic,2025-12-23,Basic,9624.67
6701,Crystal Ochoa,alexanderwells@example.com,North Macedonia,2025-07-18,Premium,282.30
6702,David Boyle,shaunsnyder@example.com,Chile,2023-02-06,Premium,854.89
6703,Richard Love,lopezlindsay@example.com,Estonia,2021-11-08,Standard,9691.71
6704,Annette Williams,melissa82@example.com,Somalia,2024-05-04,Standard,3841.68
6705,Tiffany Hensley,thomasthomas@example.net,Australia,2022-09-27,Premium,2778.98
6706,Allen Neal,matthewthompson@example.com,Macao,2023-03-15,Basic,4211.12
6707,Donald Barnes,amandamckenzie@example.net,Germany,2025-05-31,Basic,6725.51
6708,Amy Price,ldalton@example.org,Sweden,2020-02-19,Standard,4641.03
6709,Eric Hale,pachecolynn@example.net,Philippines,2024-11-29,Basic,1329.74
6710,Teresa Patrick,jasoncabrera@example.org,Micronesia,2021-07-21,Standard,1917.23
6711,Anne Sanford,ywaller@example.com,Slovenia,2020-04-16,Standard,3942.59
6712,Shannon Kelley,bradleypaul@example.org,Algeria,2020-07-29,Standard,489.18
6713,Natalie Thompson,jenkinsmarcia@example.net,Portugal,2024-07-28,Premium,3696.62
6714,Donald Murphy,eturner@example.net,Jordan,2024-02-11,Basic,4918.14
6715,Omar Scott,jessica42@example.net,Martinique,2024-04-20,Premium,8096.60
6716,April Bowers,lisabenson@example.org,Uzbekistan,2021-09-03,Basic,8736.86
6717,Jamie Brown,imartinez@example.com,Saint Martin,2025-08-21,Standard,8736.06
6718,Darren Carr,teresa92@example.com,Niue,2025-05-18,Premium,2536.13
6719,Jamie Hopkins,gary74@example.net,Turks and Caicos Islands,2024-07-15,Basic,1426.81
6720,Daniel Scott,jrobinson@example.org,Slovakia (Slovak Republic),2023-06-16,Basic,4024.40
6721,Michael Berry,joshuajackson@example.net,Brazil,2025-07-12,Basic,6129.28
6722,Jason Savage,samuel93@example.com,Australia,2021-05-21,Standard,6412.69
6723,Benjamin Davis,lisadelgado@example.com,Cote d'Ivoire,2021-10-29,Premium,945.20
6724,Shawn Carney,jonathansingh@example.com,Puerto Rico,2021-01-01,Standard,5515.26
6725,Alexander Lewis,angela55@example.net,Sao Tome and Principe,2023-10-16,Basic,9109.48
6726,Cynthia Gordon,,Swaziland,2020-03-13,Basic,9217.81
6727,Danny Collins,mvazquez@example.com,Heard Island and McDonald Islands,2023-12-03,Standard,39.33
6728,Carly Long,jacobkemp@example.org,Uganda,2022-12-21,Standard,4443.35
6729,Brianna Ponce,robinsonlonnie@example.org,Norway,2021-12-22,Standard,5624.06
6730,Linda Johnson,amy56@example.net,Marshall Islands,2023-05-01,Standard,6457.85
6731,Kayla Williamson,mmitchell@example.com,Yemen,2025-08-24,Premium,5793.48
6732,Shannon Church,vcamacho@example.net,Bahrain,2023-01-17,Basic,3778.27
6733,Matthew Franklin,howarddalton@example.net,French Southern Territories,2020-02-06,Basic,278.01
6734,Jessica Hernandez,qcarey@example.com,Reunion,2021-06-07,Standard,5264.23
6735,Erica Davila,velasquezjamie@example.net,Papua New Guinea,2025-09-13,Basic,3600.60
6736,Thomas Garcia,johnschroeder@example.net,Sweden,2023-02-08,Standard,2415.95
6737,Meghan Johnson,sstevens@example.org,Saint Vincent and the Grenadines,2021-01-30,Standard,9676.71
6738,Donna Luna,timothyfrancis@example.net,Saint Kitts and Nevis,2023-07-05,Basic,4883.79
6739,Gina Wallace,davidbird@example.net,French Guiana,2021-08-01,Standard,7871.74
6740,Andrew Floyd,jonesscott@example.net,Bulgaria,2025-03-08,Standard,6120.31
6741,Mr. Charles Andrews MD,paulmorrison@example.net,French Polynesia,2020-07-15,Standard,8555.56
6742,James Barajas,vduncan@example.org,Turkmenistan,2021-03-06,Basic,656.25
6743,Madeline Byrd,eperez@example.org,Qatar,2025-10-07,Standard,8718.21
6744,Rachel Randall,corey52@example.com,Equatorial Guinea,2025-09-01,Basic,5700.36
6745,Vanessa Guerrero PhD,jamesbrown@example.net,Mayotte,2025-11-14,Basic,1198.32
6746,Brian Aguilar,lewisryan@example.org,Svalbard & Jan Mayen Islands,2020-06-10,Standard,4456.63
6747,Scott Hayes,tinawhite@example.com,Falkland Islands (Malvinas),2021-03-07,Premium,1904.27
6748,Jennifer Wells,thompsonbecky@example.com,Vanuatu,2021-01-08,Standard,1059.87
6749,Ann Sanchez,igallegos@example.com,Vanuatu,2023-05-04,Basic,6763.80
6750,Tracy Mitchell,rphillips@example.com,Turkey,2024-05-31,Premium,5120.23
6751,James Martinez Jr.,johnadams@example.net,Poland,2024-08-07,Premium,9562.62
6752,Joseph Padilla,knapprobin@example.net,Philippines,2024-01-25,Standard,8913.91
6753,Mrs. Natalie Leach MD,nparker@example.net,Costa Rica,2025-03-19,Standard,3197.97
6754,Dennis Walker,,Malta,2022-08-01,Standard,5456.17
6755,Peter Brown,andersonlaura@example.org,South Georgia and the South Sandwich Islands,2025-02-06,Basic,763.51
6756,Courtney Pennington,amanda25@example.org,El Salvador,2021-09-05,Basic,7042.61
6757,Mr. John Stevens,kimberlyyoung@example.org,Congo,2021-11-01,Standard,2174.16
6758,Michele Villanueva,murphyian@example.net,China,2025-07-12,Standard,2051.64
6759,Jennifer Brown,owensshawn@example.com,Uzbekistan,2023-09-15,Basic,9817.54
6760,Danielle Harrington,kfernandez@example.net,Saint Martin,2024-10-01,Premium,3172.36
6761,Kimberly Calderon,sandra72@example.com,Oman,2025-06-19,Premium,2149.75
6762,Daniel Garcia,johnsonjared@example.net,Czech Republic,2024-10-02,Basic,6498.39
6763,Felicia Brooks,pschmidt@example.com,Uruguay,2023-03-12,Premium,2972.35
6764,Christian Martin,chrisbell@example.org,Thailand,2022-02-14,Standard,1804.57
6765,Andrea Gregory,apowell@example.com,Guyana,2023-10-19,Basic,9219.96
6766,Ashley Mitchell,kathryncooke@example.com,Rwanda,2023-07-02,Basic,3434.17
6767,Joseph Shea,lynn72@example.org,Austria,2022-02-15,Standard,2335.84
6768,Jeffrey Payne,paul64@example.net,United States Minor Outlying Islands,2024-10-01,Basic,9327.93
6769,Jessica Carr,solisjustin@example.com,Somalia,2022-10-29,Standard,6016.37
6770,Jason Wells,webbstacey@example.org,Poland,2020-03-27,Basic,8242.98
6771,Christine Berg,bryanhuang@example.com,Bulgaria,2021-04-06,Standard,326.07
6772,Emily Henderson,werneramber@example.com,Poland,2020-06-17,Standard,7014.56
6773,Maria Lopez,hayleygoodwin@example.com,Bosnia and Herzegovina,2021-05-04,Premium,8238.86
6774,Jerry Diaz,angelapadilla@example.org,Niger,2025-03-19,Standard,6278.77
6775,Mark Brown,darius12@example.org,Vanuatu,2025-02-07,Basic,5672.52
6776,James Banks,erin24@example.com,Sierra Leone,2020-07-31,Standard,1397.55
6777,Erin Reyes,matthewgonzalez@example.org,Angola,2025-11-08,Premium,1439.74
6778,Justin Jones,rbrown@example.org,United States Virgin Islands,2021-02-23,Standard,9052.03
6779,Zachary Campbell,jacobwoodard@example.com,Czech Republic,2022-08-09,Premium,4514.24
6780,Albert Davis,wilsonjustin@example.com,Eritrea,2022-07-29,Premium,8917.26
6781,Kimberly Davidson,lynnedward@example.net,Pakistan,2022-06-28,Standard,7985.48
6782,Stephen Hopkins,patriciaharvey@example.net,Andorra,2020-09-27,Standard,9749.63
6783,Caitlin Hernandez,nguzman@example.net,Bermuda,2023-02-09,Basic,1301.87
6784,Mary Cox,smithmichele@example.com,Moldova,2023-05-21,Standard,6520.70
6785,Lisa Lee,amandacraig@example.org,Armenia,2020-05-17,Standard,5846.29
6786,Gabriel Snyder,samantha44@example.net,Libyan Arab Jamahiriya,2021-07-18,Standard,1143.27
6787,Tyler Turner,howard44@example.net,Tunisia,2022-01-27,Basic,5957.73
6788,Tiffany Sullivan,hectorwilliams@example.org,Latvia,2023-12-28,Basic,4785.48
6789,Monica Andrade,rachelscott@example.net,Taiwan,2024-06-21,Basic,2716.29
6790,Billy Hayden,dianaroberts@example.org,Cambodia,2022-06-01,Standard,9581.26
6791,Karen Romero,xpowers@example.com,Spain,2025-03-22,Premium,3982.53
6792,Gerald Smith,lucas45@example.net,Hungary,2025-02-15,Basic,5732.25
6793,Tyrone Gilbert,hamiltonhailey@example.net,Bosnia and Herzegovina,2023-08-14,Standard,5481.76
6794,Christopher Rodriguez,cainnathan@example.org,Panama,2025-07-29,Basic,6381.11
6795,Ashley Rios,tamarastevens@example.org,Svalbard & Jan Mayen Islands,2025-02-24,Standard,8657.12
6796,Donald Thomas,xkerr@example.com,Oman,2020-10-11,Basic,23.68
6797,Kelsey Burgess,hendersonjonathan@example.org,Martinique,2025-01-19,Basic,5987.09
6798,Crystal Wiggins,jose51@example.net,Kenya,2022-08-31,Premium,2231.81
6799,Kevin Martinez,qelliott@example.net,Burundi,2025-04-04,Standard,6900.33
6800,Andrew Sweeney,mooreaustin@example.com,Saint Lucia,2021-03-01,Premium,9324.84
6801,Holly Dean,vcisneros@example.org,Mexico,2023-04-04,Standard,8021.29
6802,Troy Grant,whiteamanda@example.net,Norfolk Island,2025-08-05,Standard,8282.42
6803,Kenneth Combs,mwilliams@example.org,Netherlands,2020-02-28,Basic,164.24
6804,Holly Patterson,trevorhall@example.org,Malaysia,2021-05-19,Premium,617.84
6805,Annette Sutton,lmyers@example.org,Botswana,2020-09-15,Standard,4210.44
6806,Paul Williams,sararussell@example.org,Moldova,2021-06-03,Premium,6551.30
6807,Kevin Allen,shirleywilson@example.org,Jamaica,2022-11-22,Standard,1668.14
6808,Julie Castro,alvarezjill@example.com,Namibia,2022-03-22,Basic,6062.31
6809,Valerie Woods,bryan41@example.net,Vietnam,2024-02-28,Premium,5861.06
6810,Charles Dixon,jason60@example.com,Uganda,2020-08-02,Standard,247.81
6811,Gerald Harvey III,nashtammy@example.org,Monaco,2022-10-03,Standard,1518.05
6812,William Malone,hday@example.net,Bulgaria,2021-04-10,Basic,1364.25
6813,Andrea Simpson,michelewheeler@example.com,Romania,2024-01-09,Premium,6715.86
6814,Brian Hernandez,parkamanda@example.com,Kazakhstan,2020-06-07,Premium,3590.91
6815,Jennifer Morgan,mcneildustin@example.com,Andorra,2023-03-22,Standard,6497.10
6816,Sara Barker,wanda64@example.org,Christmas Island,2023-05-14,Standard,1119.55
6817,Brittany Howe,hillemily@example.net,Indonesia,2020-04-12,Premium,3815.11
6818,Courtney Byrd,grant39@example.org,Madagascar,2025-05-17,Premium,5130.74
6819,Stephanie Taylor,qdrake@example.org,Zimbabwe,2025-05-26,Standard,2097.01
6820,Melanie Caldwell,vwaters@example.net,Vanuatu,2025-01-29,Standard,2197.96
6821,Kyle Blair,pthompson@example.net,Iceland,2021-12-31,Basic,5267.72
6822,Lisa Lucas,jenniferwilson@example.net,Suriname,2025-11-03,Standard,5292.37
6823,Thomas Erickson,melissaclark@example.org,Macao,2022-06-28,Standard,2728.59
6824,Melissa Abbott,flang@example.net,Qatar,2024-05-29,Standard,596.43
6825,Alyssa Durham,michelle43@example.net,Gambia,2024-11-07,Premium,8993.26
6826,Anthony Castillo,kennethcole@example.net,Ghana,2025-02-24,Basic,2440.87
6827,John Smith,laura43@example.net,Somalia,2023-11-29,Basic,8301.50
6828,Ashley Myers,collinssteven@example.net,Guyana,2023-03-27,Standard,771.46
6829,Nicole Mills,johnsonchristian@example.com,Gambia,2021-07-27,Basic,1847.73
6830,Dr. Jesse Hoover DDS,victormurphy@example.com,Sudan,2020-01-07,Standard,5716.21
6831,Donna Guerrero,carlosnunez@example.net,Israel,2021-05-31,Basic,8111.27
6832,Patricia Olson,carol86@example.com,Hong Kong,2023-09-05,Basic,6604.85
6833,Amanda James,kleinvalerie@example.com,Benin,2024-03-15,Premium,4909.57
6834,Megan Sanders,tmann@example.org,Greece,2023-03-02,Premium,7778.80
6835,Jonathan Williams,,Bhutan,2021-08-24,Standard,6394.43
6836,Laurie Warner,amanda25@example.com,Chile,2020-06-15,Basic,7955.98
6837,Anna Rivera,kathryncruz@example.net,Chile,2025-12-04,Standard,2328.14
6838,Lauren Williams,perezdesiree@example.org,Hong Kong,2023-02-17,Premium,3527.03
6839,Briana Johnson,kramerangela@example.net,Hungary,2025-02-25,Standard,5428.46
6840,Ryan Harris,hruiz@example.com,Egypt,2025-11-01,Standard,3993.83
6841,John Miller,powelljoseph@example.org,Belgium,2020-09-20,Standard,820.61
6842,Stephen Orr,jmorales@example.org,Bouvet Island (Bouvetoya),2024-01-12,Standard,2023.81
6843,Jonathan Velez,erin20@example.org,Spain,2024-06-21,Premium,3350.03
6844,Ryan Lopez,shelly30@example.com,Norway,2021-08-11,Premium,3112.45
6845,Chad Grimes,mtorres@example.net,Colombia,2020-06-08,Premium,9346.01
6846,Nicholas Gilmore,jeffrey31@example.net,Aruba,2020-01-31,Standard,5004.43
6847,Taylor Powell,xmiller@example.org,Myanmar,2020-11-25,Standard,2619.10
6848,David Kelly,brandon03@example.net,Congo,2022-06-05,Standard,9802.98
6849,Ann Davis,adamstyler@example.com,Guyana,2020-02-15,Standard,8871.38
6850,Steven Torres,jfigueroa@example.org,El Salvador,2022-09-21,Standard,7428.40
6851,Brian Reynolds,kstrickland@example.com,Ecuador,2024-07-20,Standard,6257.92
6852,Francisco Gonzalez,anthonyhansen@example.org,Niue,2020-02-23,Basic,6850.30
6853,Emily Rice,fgriffin@example.com,Hong Kong,2025-03-08,Basic,3176.84
6854,Alexander Williams,heather15@example.com,Serbia,2020-05-09,Basic,41.59
6855,April Boyd,rogerskatrina@example.org,Lebanon,2021-09-16,Standard,6965.98
6856,Madison Rodriguez,vwhite@example.org,Norfolk Island,2025-06-21,Basic,5384.91
6857,Susan Garcia,carlmoore@example.com,French Polynesia,2024-01-21,Basic,9988.72
6858,Lacey Moran,fpetty@example.net,Turks and Caicos Islands,2020-03-08,Standard,1301.65
6859,David Evans,hernandezangelica@example.org,Dominican Republic,2023-09-29,Standard,6052.47
6860,Cody Brown,yshepard@example.org,Fiji,2020-06-23,Premium,1873.92
6861,Jackie Brown,franciscolin@example.net,Moldova,2024-04-20,Standard,4204.16
6862,Joseph Davis,diana88@example.org,Mauritania,2023-06-28,Basic,9845.12
6863,Charles Pena,cameron80@example.org,Mayotte,2022-01-08,Basic,2318.74
6864,Elizabeth Johnson,jesse92@example.net,Tuvalu,2025-10-06,Premium,5216.41
6865,Keith Morgan,dhicks@example.org,Vietnam,2025-04-17,Basic,6708.22
6866,Julie Davila,npeters@example.org,Lesotho,2022-02-10,Standard,927.90
6867,Heather Kelly,juantorres@example.org,Malaysia,2021-08-29,Basic,1355.01
6868,Eric Moses,tnichols@example.org,Turkey,2020-08-03,Basic,7641.07
6869,Phillip Stanley,amy65@example.com,Grenada,2021-10-31,Premium,2169.79
6870,Brandon Rice,ewilliams@example.net,Namibia,2023-08-16,Standard,5692.52
6871,Angela Smith,steven72@example.org,Bouvet Island (Bouvetoya),2025-09-03,Basic,9761.19
6872,Kari Walker,vjarvis@example.net,Guam,2023-12-28,Standard,2047.19
6873,Joseph Dunn,vadams@example.net,Bahamas,2023-07-15,Standard,9069.74
6874,Mr. Mark Nelson,cheryllevy@example.net,Czech Republic,2022-04-24,Basic,3316.45
6875,David Farmer,dennismeadows@example.org,Bhutan,2025-06-27,Standard,5803.93
6876,Amanda Nguyen,jose87@example.net,Costa Rica,2021-12-01,Standard,6572.07
6877,Cynthia Wilcox,heather67@example.net,Kyrgyz Republic,2024-05-02,Basic,7108.20
6878,Eric Banks,greentyrone@example.org,Cuba,2020-11-24,Basic,9515.02
6879,Lori Mcintosh,blairnicole@example.org,Saint Kitts and Nevis,2025-09-04,Basic,5406.82
6880,Joshua Johnson,tanya03@example.net,Andorra,2024-09-14,Premium,8405.88
6881,Breanna Coffey,ylee@example.net,Gibraltar,2024-03-29,Standard,8386.49
6882,Thomas Jones,richardsonjamie@example.com,Nigeria,2024-10-02,Premium,9057.50
6883,Thomas Olson,jason18@example.net,United States of America,2025-05-06,Premium,9059.08
6884,David Gray,hwoodard@example.net,Eritrea,2021-06-13,Standard,7134.58
6885,Tracy Kelly,hornlori@example.net,Senegal,2024-04-27,Standard,3567.25
6886,Billy Watkins,griffithwalter@example.com,French Southern Territories,2025-01-23,Standard,4942.44
6887,Christian Escobar,wbush@example.org,Tajikistan,2023-08-16,Standard,6771.88
6888,Douglas Ferguson,amy83@example.com,Ecuador,2020-02-25,Basic,2972.65
6889,Dr. Tamara Whitehead DDS,melendeztimothy@example.net,Namibia,2022-10-15,Premium,9220.87
6890,Danielle Myers,lhall@example.net,Montenegro,2021-04-02,Standard,3663.16
6891,Andrew Clark,cunninghamjasmine@example.org,Argentina,2020-04-26,Basic,8516.50
6892,Jon Tran,bairdwilliam@example.net,Serbia,2021-03-25,Standard,7333.85
6893,Jeffrey Cain,ktyler@example.net,Benin,2020-03-23,Standard,4645.23
6894,Barbara Shaw,mcgrathsteven@example.com,Kazakhstan,2022-01-16,Standard,6768.61
6895,Christopher Nguyen,danielle97@example.net,Ukraine,2025-02-28,Premium,8071.60
6896,James Thompson,loweangela@example.com,Grenada,2022-01-24,Basic,7723.52
6897,Chris Gilbert,garciamary@example.org,Saint Pierre and Miquelon,2023-03-04,Basic,933.98
6898,Joyce Gordon,bbuchanan@example.net,Korea,2021-01-15,Basic,7354.41
6899,Rachel Brown,yferguson@example.com,Northern Mariana Islands,2021-08-06,Basic,9149.88
6900,Jennifer Wagner,ramirezsarah@example.net,Chile,2024-07-10,Premium,9556.86
6901,Elizabeth Davis,jennifergomez@example.com,Colombia,2020-08-02,Standard,2186.93
6902,Ashley James,teresafoster@example.org,Gambia,2023-08-02,Standard,4977.26
6903,Brian Curtis,krocha@example.org,Uganda,2023-04-23,Standard,5427.97
6904,Alex Stein,hannah93@example.com,Niue,2022-10-27,Standard,2565.42
6905,Kevin Clark,melindanichols@example.com,Armenia,2022-01-02,Basic,6652.20
6906,Terri Mendoza,ashannon@example.com,Cook Islands,2021-03-19,Standard,7597.90
6907,Teresa Brown,patrickmiles@example.org,Kiribati,2024-07-21,Basic,5567.87
6908,Kristen Graham,luisclay@example.org,Bhutan,2020-10-22,Standard,5607.54
6909,Derrick Thompson,christine79@example.com,Ukraine,2023-12-26,Basic,1140.44
6910,Lisa Valencia,sonyaharris@example.net,Lesotho,2025-08-26,Standard,4442.17
6911,Julie Barber,gregory18@example.net,Liechtenstein,2025-02-13,Premium,1712.03
6912,Jack Gibson,stephaniecaldwell@example.com,Antarctica (the territory South of 60 deg S),2025-12-04,Standard,9610.64
6913,Susan Pham,lawsontyler@example.org,Portugal,2025-07-23,Premium,5408.27
6914,Christina Santos,nyoung@example.com,Cote d'Ivoire,2023-07-21,Premium,9366.07
6915,Kathleen Johnson,lpeters@example.org,Maldives,2024-02-23,Standard,1709.06
6916,Shannon Smith,pholloway@example.net,Mexico,2020-12-24,Standard,2808.13
6917,Kristen Carr,emily37@example.org,Monaco,2024-09-17,Standard,6493.24
6918,Julia Martin,georgenancy@example.org,Oman,2025-06-14,Premium,1310.40
6919,Cynthia Lawrence,roger70@example.org,Sao Tome and Principe,2023-12-21,Premium,8142.53
6920,Joshua Ramirez,fmoore@example.net,Saint Martin,2022-11-10,Premium,4256.55
6921,Teresa Hill,upalmer@example.org,Dominican Republic,2021-04-06,Standard,3364.43
6922,Kelly Stanley,kyle48@example.net,American Samoa,2020-10-05,Basic,2529.73
6923,Laura Jones,garciakelly@example.net,Djibouti,2020-06-19,Standard,8840.07
6924,Aaron Odom,toni40@example.org,United Arab Emirates,2022-10-07,Premium,204.81
6925,Elizabeth Miller,clinedavid@example.com,Armenia,2024-04-29,Standard,4936.81
6926,David Baker,ikramer@example.org,Qatar,2025-07-14,Basic,9473.27
6927,David Hernandez,jthompson@example.net,Cape Verde,2025-07-30,Standard,7044.48
6928,Jackie Mcbride,fvang@example.net,Czech Republic,2023-10-04,Standard,4848.33
6929,Jason Austin,dianecook@example.net,Bulgaria,2021-11-24,Standard,4422.70
6930,Robert Cross,fesparza@example.net,Hungary,2021-09-15,Basic,7552.08
6931,Susan Rose,elizabeth31@example.org,Central African Republic,2025-06-21,Premium,3350.73
6932,Erica Reyes,fball@example.org,Venezuela,2020-04-07,Basic,8070.13
6933,Ann Walters,orivera@example.net,Chad,2022-01-10,Basic,5834.02
6934,Nathan Armstrong,alyssaharris@example.net,Mauritius,2025-09-20,Premium,653.98
6935,Tammy Hall,melissa42@example.com,Syrian Arab Republic,2020-11-29,Basic,9308.06
6936,Sara Ball,andreholder@example.net,Indonesia,2024-02-20,Premium,8979.97
6937,Eric Waller,lhenderson@example.org,Lesotho,2022-10-31,Standard,4872.01
6938,Jennifer Adams,aprilmartinez@example.org,Togo,2024-01-09,Standard,1612.14
6939,James Hernandez,brandonjackson@example.com,Antarctica (the territory South of 60 deg S),2021-06-22,Standard,195.56
6940,Christy Alexander,sandramullen@example.com,Puerto Rico,2020-09-18,Premium,1060.59
6941,Jeffrey Clark,edwardorr@example.net,Mongolia,2023-08-03,Premium,504.93
6942,Kristi Johnson,frank42@example.com,Switzerland,2020-06-29,Standard,1148.91
6943,Jennifer Clark,aaronhess@example.com,Cote d'Ivoire,2022-03-13,Basic,2013.81
6944,Mallory Smith,hmack@example.com,Madagascar,2023-02-02,Standard,90.14
6945,Katrina Williams,williamsdiane@example.net,Cyprus,2023-01-19,Standard,3969.98
6946,Christopher Torres,shannondavis@example.net,Spain,2020-08-26,Standard,6392.15
6947,Ronald Lopez,bauerlogan@example.net,Tanzania,2023-08-09,Basic,91.84
6948,Leslie Lee,browndennis@example.net,Ghana,2025-02-23,Standard,8762.11
6949,Jon Brown,jenniferhenderson@example.com,Peru,2021-10-07,Basic,5653.80
6950,Noah Hernandez,gwhite@example.com,Norway,2020-03-22,Standard,3088.28
6951,Elizabeth Jones,asullivan@example.com,Canada,2022-07-24,Standard,397.29
6952,Richard Jordan,johngibbs@example.net,Indonesia,2021-10-15,Standard,949.39
6953,David Dean,williamparker@example.org,Bosnia and Herzegovina,2022-02-02,Standard,8314.14
6954,Mr. James Ross,william01@example.org,Bahamas,2025-12-20,Basic,4483.41
6955,Tyler Day,michaelbyrd@example.com,Mali,2022-03-02,Premium,8900.73
6956,Victor Mack,ryanjackson@example.com,United Kingdom,2021-05-13,Standard,1721.45
6957,Joseph White,sierrasoto@example.org,Somalia,2023-02-25,Standard,8906.51
6958,Evan White,tiffany03@example.net,Zambia,2022-04-19,Basic,4931.52
6959,Jonathan Anderson Jr.,anne45@example.org,Belgium,2023-09-16,Standard,2193.86
6960,Nathan Powell,hwalker@example.net,Tokelau,2023-07-13,Standard,7953.17
6961,Eugene Webb,petersonaaron@example.com,Cook Islands,2025-10-10,Standard,6898.31
6962,Anna Jones,lonnie75@example.net,Greece,2022-11-01,Basic,6539.58
6963,Cynthia Cobb,bdavis@example.net,Nepal,2022-02-11,Basic,8372.17
6964,James Campbell,suarezjohn@example.net,Georgia,2020-12-03,Standard,6957.15
6965,Joshua Graham,thomascampbell@example.net,Trinidad and Tobago,2020-04-11,Basic,9300.30
6966,John Cooper,omurray@example.org,Liberia,2022-06-02,Standard,1506.81
6967,Ashley Osborne,james61@example.org,Comoros,2020-12-04,Premium,3562.50
6968,Jamie Moore,wbaker@example.org,Ireland,2022-07-28,Basic,5439.12
6969,James Mendez,dominic57@example.org,Belarus,2021-11-04,Premium,7414.14
6970,Kimberly Johnson,melissa40@example.com,Niue,2020-01-23,Basic,5095.69
6971,Edwin Brown,brookehall@example.org,Honduras,2021-04-13,Basic,3590.94
6972,Richard Harris,fullerjennifer@example.com,Malaysia,2024-02-21,Standard,9123.25
6973,Matthew Gomez,duane11@example.com,Suriname,2024-03-26,Premium,7152.65
6974,Robert Lee,audreywhite@example.net,Kazakhstan,2021-05-03,Standard,2279.73
6975,Dennis Knight,annahenry@example.net,Senegal,2020-09-26,Standard,1281.04
6976,April James,williamsbeverly@example.com,Iceland,2024-12-24,Basic,286.43
6977,Virginia Patterson,zroberts@example.org,Lesotho,2021-03-02,Basic,2280.51
6978,Derek Moody,xwalker@example.org,Brazil,2020-12-29,Standard,4589.69
6979,Ruben Powers,griffinnicholas@example.com,South Georgia and the South Sandwich Islands,2025-07-08,Standard,3595.28
6980,Laurie Carter,chad47@example.org,Poland,2020-09-25,Standard,9664.84
6981,Mark Madden,stephensian@example.org,French Polynesia,2021-11-08,Premium,5247.78
6982,Angela Johnson,cheryl54@example.com,Malta,2021-10-02,Basic,5166.26
6983,Susan Andersen,igrant@example.org,Botswana,2021-07-12,Basic,3789.63
6984,John Smith,xthompson@example.net,Rwanda,2025-08-11,Basic,8987.19
6985,Angela Monroe,uperez@example.org,Suriname,2020-05-17,Premium,5867.88
6986,Desiree Hall,robertyoung@example.com,Cape Verde,2020-11-06,Standard,563.45
6987,Jeffery Smith,jillcarson@example.net,Cook Islands,2025-10-17,Premium,6408.41
6988,Angela Arnold,gali@example.net,Dominican Republic,2024-11-08,Standard,6743.19
6989,Sheila Jones,ricardofrancis@example.com,Chile,2023-03-25,Basic,4203.02
6990,Samantha Crawford,ycherry@example.org,France,2025-03-31,Standard,6049.82
6991,Timothy Franco,frazierchristopher@example.org,Norway,2024-05-28,Premium,1584.01
6992,Heather Washington,sarcher@example.com,Cote d'Ivoire,2021-06-27,Basic,5031.40
6993,Jennifer Evans,ashley20@example.com,Turkmenistan,2025-03-24,Basic,358.00
6994,Mallory Cooper,carrapril@example.com,Bouvet Island (Bouvetoya),2020-12-16,Basic,574.68
6995,Justin Burke,lmorales@example.net,Malaysia,2025-11-01,Basic,5071.20
6996,Keith Knox,anthonymiller@example.net,Cayman Islands,2022-06-30,Premium,7727.32
6997,Christopher Chang,matthewhernandez@example.net,Uganda,2020-09-03,Premium,2657.08
6998,Dominic Hull,irwinsamantha@example.net,Timor-Leste,2025-06-15,Basic,9949.59
6999,Tim Dixon,dylansmith@example.org,Vietnam,2023-01-17,Standard,1446.21
7000,Timothy Johnson,pamela86@example.org,Gambia,2021-12-07,Premium,5335.08
7001,Catherine Wright,schmidtpaula@example.org,Barbados,2021-04-13,Basic,2960.01
7002,Barry Ortiz,robert63@example.net,Afghanistan,2020-06-10,Premium,6835.72
7003,Jonathon Joseph,murphymichelle@example.org,Singapore,2025-12-19,Standard,1560.29
7004,Paul Meyers,quinncrystal@example.net,United States Minor Outlying Islands,2022-05-30,Premium,912.22
7005,Norman Mckee,stephen04@example.com,Tajikistan,2022-01-29,Standard,9390.53
7006,Amy Davenport,aedwards@example.net,Colombia,2025-03-02,Standard,5764.91
7007,Timothy Gibson,olivia26@example.org,Japan,2022-02-05,Standard,3868.40
7008,Randy Williams,alicesmith@example.net,Guadeloupe,2024-05-08,Basic,9082.05
7009,Amber Mack,franklinmiguel@example.org,Algeria,2025-05-23,Basic,3342.28
7010,John Jones,natalie06@example.com,Cocos (Keeling) Islands,2025-03-21,Standard,300.65
7011,Lisa Acosta,powersjason@example.net,Jordan,2025-06-26,Premium,5082.29
7012,Melissa Fuentes,arodriguez@example.com,Russian Federation,2024-10-28,Standard,5536.45
7013,Amanda Acosta,mccoyjoshua@example.org,Malta,2023-09-25,Premium,1486.15
7014,Dr. Brent Huff,ianderson@example.net,Argentina,2024-05-30,Basic,1015.79
7015,Andre Sanchez,lvillegas@example.net,Ireland,2024-12-10,Premium,5978.70
7016,Catherine Price,rbass@example.com,Kiribati,2023-04-12,Standard,5960.11
7017,Paul Ross,steven77@example.com,Greece,2021-09-06,Standard,768.31
7018,Wendy Tucker,meghan44@example.org,Saint Pierre and Miquelon,2022-08-21,Standard,6277.51
7019,Christopher Holloway,curtis86@example.org,Egypt,2022-06-21,Basic,2190.42
7020,Jonathan Steele,williamsjasmin@example.com,Oman,2022-10-17,Standard,735.43
7021,Kyle Johnson,marilyngarcia@example.org,Montserrat,2022-02-15,Standard,2288.49
7022,Olivia Miller,katelyn57@example.com,Namibia,2023-07-12,Standard,9033.06
7023,Ashley Werner,fhaas@example.com,Panama,2020-03-11,Standard,9196.46
7024,Debra Hunt,kaitlyn94@example.com,Yemen,2021-02-23,Standard,8429.49
7025,Dylan Pratt,benjaminhancock@example.org,Austria,2024-01-03,Basic,3821.28
7026,Philip Murphy,amberedwards@example.org,Cameroon,2024-09-04,Basic,9874.96
7027,Jonathan Adkins,froberts@example.net,Wallis and Futuna,2025-07-13,Standard,2674.39
7028,Tina Kramer,ericblack@example.com,Zimbabwe,2020-05-23,Premium,6989.93
7029,Robert Ramos MD,rachelmann@example.net,Nigeria,2024-05-22,Standard,9812.33
7030,Richard Salazar,catherine88@example.org,Croatia,2020-01-10,Premium,601.29
7031,Tammy Smith,csmith@example.com,Korea,2025-11-01,Standard,4037.92
7032,Terry Fisher,curtisharmon@example.org,Jordan,2024-01-02,Standard,363.16
7033,Richard Braun,matthewwhitaker@example.com,Egypt,2020-12-05,Basic,5556.68
7034,Joel Gallagher,davisrobert@example.org,Western Sahara,2022-12-09,Basic,835.42
7035,Mark Allen,mross@example.net,Romania,2021-01-20,Standard,1746.12
7036,Christina Shelton MD,bryan38@example.org,Finland,2020-02-09,Basic,4117.61
7037,Justin Sherman,mjohnson@example.com,Denmark,2021-03-30,Standard,671.96
7038,Denise Tucker,jenniferwilliams@example.com,Zambia,2025-09-08,Standard,429.65
7039,Robert Aguilar,aguilarwilliam@example.com,Holy See (Vatican City State),2024-07-26,Standard,6534.48
7040,David Jordan,burtonmitchell@example.com,American Samoa,2022-06-13,Basic,3761.92
7041,Sandra Fisher,zclark@example.com,Nicaragua,2020-03-26,Standard,6694.88
7042,Andrew Weiss,marymorgan@example.net,Cuba,2020-08-11,Standard,1036.68
7043,Caitlin Love,rushjason@example.net,Germany,2022-08-14,Premium,5253.78
7044,John Burns,lpotter@example.org,Slovenia,2020-07-22,Basic,1446.62
7045,Billy Hicks,michaelkrause@example.net,Kiribati,2022-11-24,Standard,4395.90
7046,Scott Pham,transheryl@example.net,Thailand,2022-04-08,Standard,8825.06
7047,Larry Smith,thompsonmichael@example.net,Guyana,2020-04-17,Basic,5112.25
7048,Tammy Benjamin,carmen30@example.net,Panama,2024-05-31,Basic,416.85
7049,Brandi Ayala,zwright@example.net,Palestinian Territory,2023-10-13,Standard,207.24
7050,Jonathan Martinez,popemichael@example.org,Reunion,2020-12-21,Standard,7565.77
7051,Deborah Schroeder,aaronmercado@example.net,Korea,2022-11-07,Basic,6977.63
7052,Sara Dickerson,apatterson@example.org,Bhutan,2020-05-11,Standard,6095.90
7053,Jamie Walker,robert72@example.org,Greece,2023-10-04,Premium,5409.00
7054,Wendy Ortiz,wcarpenter@example.org,Gabon,2021-12-21,Premium,5784.93
7055,Jeremy Fields,cookbrandon@example.com,Korea,2022-06-26,Basic,8403.77
7056,Kelly Jones,ygraham@example.org,Turkey,2024-02-27,Standard,4855.54
7057,Kenneth Smith,vjenkins@example.com,Nicaragua,2020-04-13,Basic,1850.62
7058,Rebecca Acevedo,rreyes@example.com,Saint Pierre and Miquelon,2025-11-09,Standard,1763.60
7059,Amber White,erin88@example.net,Cocos (Keeling) Islands,2021-01-29,Basic,8275.22
7060,Stacey Zuniga,dana64@example.org,Macao,2025-10-19,Premium,7239.24
7061,Michael Wright,hailey83@example.net,Malawi,2021-03-30,Standard,6740.93
7062,Bryce Knox,johnsongregory@example.net,Panama,2021-12-27,Standard,3199.98
7063,Robert Garcia,teresa54@example.com,Tokelau,2021-10-10,Standard,2239.39
7064,Sandra Adams,friedmanjessica@example.net,Niger,2023-11-28,Premium,7359.80
7065,John Owens,iflowers@example.org,Rwanda,2021-02-26,Standard,556.54
7066,Amy Wolfe,gconway@example.com,Timor-Leste,2024-08-19,Standard,1937.57
7067,Mr. Stephen Moore MD,csanchez@example.net,Finland,2020-07-28,Premium,9452.30
7068,James Adams,megan37@example.net,Bouvet Island (Bouvetoya),2023-02-08,Standard,8844.73
7069,Troy Mcclain,william92@example.org,Kenya,2023-07-05,Standard,8121.96
7070,Courtney Garrett,gonzalezmichele@example.org,Cook Islands,2025-05-20,Basic,9723.28
7071,Michele Edwards,probertson@example.net,Sri Lanka,2023-03-09,Premium,7011.68
7072,Cheryl Farmer,matthew79@example.com,Madagascar,2020-05-03,Basic,961.66
7073,Wanda Dillon,courtney19@example.net,Panama,2025-07-22,Premium,4157.33
7074,Erica Martin DDS,joshuahamilton@example.com,Georgia,2021-05-08,Standard,9279.22
7075,Brittany Miller,justin90@example.com,Luxembourg,2021-06-25,Basic,5336.86
7076,Kristin Thomas,pmorton@example.net,Latvia,2020-07-13,Standard,6309.47
7077,Elizabeth Frye,rogerskayla@example.net,San Marino,2024-10-08,Basic,3409.78
7078,Crystal Valdez,waretommy@example.net,Lebanon,2022-10-17,Basic,9755.99
7079,Kristine Porter,zlozano@example.com,United States Virgin Islands,2021-07-17,Standard,9829.65
7080,Pamela Reid,william59@example.org,Uganda,2024-01-14,Standard,219.07
7081,Ashley Silva,smalone@example.com,Guatemala,2020-05-11,Standard,2033.44
7082,Shannon Jenkins,justin89@example.org,Netherlands,2021-11-26,Standard,5173.08
7083,Gloria Mcguire,christopherlove@example.com,Barbados,2022-03-21,Standard,4427.64
7084,Deborah Ingram,jacob75@example.com,Latvia,2021-07-22,Basic,8191.43
7085,Julie Stewart,erika12@example.net,New Zealand,2025-05-24,Standard,3837.51
7086,Angela Gonzales,nicolehayes@example.org,Azerbaijan,2022-09-26,Basic,7438.63
7087,Logan Wagner,angela10@example.com,American Samoa,2020-08-02,Standard,9181.72
7088,Victor Williams,johnruiz@example.com,Palau,2020-09-23,Premium,2520.46
7089,Susan Davidson,christina44@example.org,Guatemala,2022-03-06,Basic,652.59
7090,Rachel Mckinney,ifranklin@example.org,Tokelau,2025-03-20,Standard,6984.03
7091,Nina Johnson,chooper@example.org,Albania,2024-09-05,Basic,3113.52
7092,Shannon Fisher,gcarter@example.com,Saint Lucia,2020-10-01,Basic,6008.99
7093,John Boyd,ymitchell@example.net,Czech Republic,2022-07-23,Basic,6735.07
7094,Stacy Roberts,ejones@example.org,Sierra Leone,2021-10-12,Basic,7169.76
7095,Christine Mayer,melanie32@example.com,Bermuda,2022-11-18,Premium,2317.77
7096,Carla Warren,dickersonamanda@example.com,Ecuador,2020-03-08,Premium,4953.29
7097,Steven Gardner,rowejody@example.com,Andorra,2020-01-12,Standard,8196.70
7098,Cassandra Johnson,christina27@example.org,Sweden,2024-02-05,Basic,3254.06
7099,Andrea Hall,knightchristopher@example.com,Brazil,2023-06-22,Premium,4222.05
7100,Kara Huang,woodsvictoria@example.net,New Caledonia,2021-10-16,Basic,4361.30
7101,Elizabeth Deleon,sherrymitchell@example.org,Papua New Guinea,2024-09-27,Basic,6303.09
7102,Christopher Jones,clynch@example.com,Palau,2023-06-09,Standard,2943.06
7103,Virginia Johnson,joy12@example.org,Iran,2021-12-18,Basic,388.92
7104,Laura Stein,michael49@example.com,Norway,2025-07-16,Standard,6941.58
7105,John Bean,ncampbell@example.net,Jamaica,2020-11-23,Premium,2848.84
7106,Toni Cantu,taylorwilliam@example.com,Lebanon,2024-09-17,Standard,6998.59
7107,Robert Logan,collinselizabeth@example.org,Eritrea,2025-07-29,Standard,571.04
7108,Scott Reynolds,mcleanashley@example.com,Djibouti,2022-01-05,Premium,886.77
7109,Bobby Allison,christinaoliver@example.com,Bermuda,2025-09-23,Standard,4359.86
7110,Justin Nelson,valerie18@example.org,Cuba,2021-06-02,Standard,8752.99
7111,Ashley Holland,daniel62@example.com,Uruguay,2022-04-22,Standard,4089.80
7112,Joshua Dodson,hollybriggs@example.org,Falkland Islands (Malvinas),2025-06-15,Basic,9770.38
7113,David Howe,kim08@example.com,Romania,2025-10-19,Standard,7628.06
7114,Daniel Leach,ashleywarner@example.com,Guam,2022-05-22,Premium,5397.03
7115,Thomas Perkins,taylorkrista@example.org,Tokelau,2024-10-06,Basic,2891.06
7116,Kevin Hernandez,vjohnson@example.net,Kiribati,2023-03-13,Premium,7982.70
7117,Michael Jones,alicialopez@example.com,Maldives,2024-07-06,Standard,1705.18
7118,Jason Clements,johnsonwillie@example.com,Mali,2025-08-25,Standard,3187.76
7119,Nicholas Martinez,ifox@example.net,Malaysia,2020-09-18,Premium,8135.94
7120,Alexandra Hayes,alexis34@example.net,Puerto Rico,2022-11-29,Premium,5005.48
7121,Mark Garner,lbrown@example.org,Netherlands Antilles,2020-03-31,Standard,6057.49
7122,Angela Montgomery,steven92@example.com,Jordan,2022-03-09,Basic,5327.84
7123,Tracy Douglas,klewis@example.net,United Kingdom,2020-07-03,Basic,7634.35
7124,Dalton Stuart,medinaandrew@example.com,Sao Tome and Principe,2021-04-12,Standard,1087.94
7125,Anna Marquez,katherinejenkins@example.org,Djibouti,2021-11-24,Basic,2390.52
7126,Brian Murphy,mkim@example.com,Canada,2021-05-02,Basic,2368.47
7127,Sonya Savage,lori61@example.org,Heard Island and McDonald Islands,2022-11-27,Standard,8946.64
7128,Arthur Mcdonald,taylorbrian@example.com,Pakistan,2022-05-02,Premium,2890.80
7129,Katherine Ward,rhess@example.net,Israel,2023-06-27,Standard,1069.44
7130,Mary Gardner,gonzalezdavid@example.com,Peru,2023-06-09,Standard,704.66
7131,Phillip Harrison,alansnyder@example.org,Malawi,2023-10-13,Standard,8692.50
7132,Angela Silva,fthompson@example.net,Greece,2024-11-06,Standard,8164.12
7133,Cynthia Townsend,richard99@example.com,Nauru,2025-09-07,Basic,9399.73
7134,Sheila Mcgrath,donna90@example.org,Sri Lanka,2023-01-09,Basic,2444.11
7135,Bernard Scott,luiscopeland@example.com,Brunei Darussalam,2025-07-25,Standard,9111.12
7136,Jamie Avila,othompson@example.com,Antigua and Barbuda,2022-12-28,Premium,2493.11
7137,Devin Oconnor,wujames@example.net,Togo,2021-06-09,Basic,4881.16
7138,Justin Johnson,jody15@example.org,Turkmenistan,2021-03-16,Basic,1631.27
7139,Sarah Hamilton,kellyashley@example.org,Ghana,2020-02-21,Premium,7297.60
7140,Evelyn Cummings,tonyajenkins@example.org,Heard Island and McDonald Islands,2021-02-07,Standard,3252.36
7141,Gina Fitzpatrick,melindafox@example.net,Guam,2024-05-29,Basic,3659.45
7142,Carlos Stephenson,oadkins@example.org,Saint Barthelemy,2024-11-14,Basic,7582.47
7143,Gabriel Wilkinson,holly41@example.org,Mozambique,2024-12-28,Standard,9967.98
7144,Kristen Hoover,robertnovak@example.net,Colombia,2024-06-24,Standard,8966.99
7145,Taylor Miller,riverajillian@example.org,Saint Barthelemy,2021-12-20,Premium,4630.29
7146,Michelle Hines,crodriguez@example.net,Kyrgyz Republic,2024-05-22,Basic,9985.70
7147,Diana Maxwell,nmiller@example.com,Latvia,2022-02-13,Basic,8623.54
7148,Clarence Fitzgerald,joshuawood@example.net,Costa Rica,2024-06-02,Basic,2939.73
7149,Michael Bradshaw,colonashley@example.com,Venezuela,2021-09-28,Standard,2674.90
7150,Michael Watts,bvasquez@example.net,Qatar,2023-04-29,Standard,6582.61
7151,Dr. David Mason,sharvey@example.org,United States Minor Outlying Islands,2024-04-30,Standard,4611.18
7152,Jamie Hubbard,uharvey@example.net,Spain,2025-01-19,Basic,9434.98
7153,Lee Henson,mary52@example.org,Iran,2022-06-01,Basic,4584.01
7154,Melissa Ford,juan05@example.com,Denmark,2020-01-28,Standard,6810.47
7155,Jennifer Garcia,chloestanley@example.net,Hungary,2023-07-30,Basic,2737.85
7156,Lisa Roberts,zsullivan@example.org,Falkland Islands (Malvinas),2021-11-25,Standard,9018.33
7157,James Johnson,richard37@example.org,Isle of Man,2021-04-28,Standard,1399.40
7158,Russell Miller,lawsonrebekah@example.org,Italy,2021-02-27,Standard,4181.56
7159,Terri Miller,smithkim@example.com,Papua New Guinea,2024-06-20,Standard,8766.51
7160,Shannon Lara,qbernard@example.org,Costa Rica,2023-08-31,Basic,4788.32
7161,Walter Smith,ztaylor@example.net,Guam,2021-12-23,Standard,9076.57
7162,Tina Johnson,seanritter@example.net,United States Minor Outlying Islands,2023-11-07,Basic,3405.90
7163,David Frye,garciamegan@example.net,Somalia,2025-12-24,Standard,5148.43
7164,Melanie Watson,vgarcia@example.com,Qatar,2022-01-01,Standard,5265.47
7165,Cynthia Allen,oharris@example.com,Belgium,2023-06-22,Standard,4988.63
7166,John Cole,aramirez@example.org,Niue,2025-11-03,Premium,2742.43
7167,Deborah Cunningham,yalvarado@example.org,Uganda,2025-05-02,Standard,7150.64
7168,Sharon Harvey,parkergeoffrey@example.net,Malawi,2025-06-09,Standard,6730.49
7169,Holly Walton,idavis@example.com,Tanzania,2023-08-31,Premium,8426.87
7170,Gina Brady,david84@example.com,Macao,2024-04-28,Basic,1658.21
7171,Sheila Fischer,chad31@example.com,Belgium,2023-09-14,Standard,9517.38
7172,Christine Foster,whitejason@example.net,Kiribati,2022-03-13,Premium,9195.05
7173,Tracy Cooper,william91@example.org,Falkland Islands (Malvinas),2023-02-23,Standard,1217.00
7174,Rebecca Moreno,wallacematthew@example.org,Mozambique,2024-07-15,Standard,764.17
7175,Michelle Jordan,lthomas@example.org,Tajikistan,2025-10-30,Basic,6566.36
7176,Angela Peterson,ashleyhoward@example.com,Cyprus,2024-11-26,Standard,6364.33
7177,Steven Tran,wanda55@example.org,Denmark,2022-11-19,Basic,1064.55
7178,Michael Hill DDS,michael93@example.com,Panama,2022-12-09,Premium,4106.03
7179,Terry Parker,adamstami@example.com,Guam,2025-10-15,Basic,7848.17
7180,Erin Johnson,eryan@example.org,Pitcairn Islands,2022-08-28,Basic,6272.30
7181,Vickie Williams,agrant@example.com,Turkey,2025-04-09,Standard,630.21
7182,John Rios,petersonvickie@example.com,Montserrat,2022-08-30,Premium,683.86
7183,Joshua Gilbert Jr.,aprilesparza@example.com,Montenegro,2024-04-17,Basic,8721.52
7184,Christine Miller,srobertson@example.com,Jamaica,2024-05-21,Standard,8384.44
7185,Ricardo Miller,daviscorey@example.net,Lebanon,2024-10-29,Basic,7596.77
7186,Cynthia Torres,gbrewer@example.org,Mauritius,2024-11-20,Premium,4114.01
7187,Christine Hurst,tfarrell@example.net,Gambia,2020-05-14,Standard,3225.73
7188,Michael Ramirez,veronicagrant@example.net,Nauru,2022-04-16,Premium,2739.90
7189,Sarah West,christopherwu@example.com,Chile,2024-01-23,Standard,8598.09
7190,Larry Williams,philipglover@example.net,Kiribati,2022-05-23,Standard,5843.10
7191,Jonathan Stewart,lmejia@example.com,Cote d'Ivoire,2023-04-21,Standard,9567.85
7192,Lisa Bradley,stevenmcbride@example.net,Mauritius,2020-05-19,Basic,8804.23
7193,Michael Thomas,sara95@example.net,Guyana,2020-04-02,Basic,6466.46
7194,Barry Johnson,joshuahughes@example.net,Saint Barthelemy,2022-04-15,Standard,2171.42
7195,Linda Johns,uarcher@example.org,Tajikistan,2021-11-27,Basic,1373.49
7196,Michael Hall,mmason@example.com,French Guiana,2025-07-10,Premium,6105.20
7197,Shirley Foster,andrewmiles@example.com,Japan,2025-02-22,Basic,4733.24
7198,Brenda Mason,sararussell@example.com,Croatia,2021-12-18,Standard,6488.52
7199,Kelsey Young,hawkinsmichael@example.com,Mauritania,2023-07-15,Basic,2626.14
7200,Alexandra Bush,iclark@example.net,Western Sahara,2023-05-03,Premium,8898.87
7201,Kelly Harris,jamesnelson@example.org,El Salvador,2025-10-30,Premium,3134.09
7202,Andrew Kim,qharris@example.com,Australia,2024-10-18,Standard,9832.49
7203,Christopher Rogers,garyschneider@example.org,Saint Martin,2024-02-11,Basic,2075.03
7204,Cindy Chapman,oking@example.net,Bermuda,2024-10-19,Standard,6066.24
7205,Andrea Wong,qkelley@example.com,Argentina,2025-12-25,Basic,9958.59
7206,Alan Robinson,colealexander@example.com,Switzerland,2020-04-11,Basic,5083.89
7207,Joe Jones,dhamilton@example.net,Barbados,2022-11-10,Standard,3943.35
7208,Patrick Miranda,kimberly06@example.net,Australia,2023-12-01,Standard,274.87
7209,Melissa Sutton,marksmith@example.net,Swaziland,2020-02-12,Standard,5396.29
7210,Sara Ward,michaelhayes@example.com,Greenland,2021-01-07,Standard,3822.97
7211,Christopher Holloway,zsimmons@example.net,Singapore,2023-06-14,Standard,3272.04
7212,Manuel Price,youngamy@example.org,Colombia,2021-08-10,Premium,1730.82
7213,Felicia Davis MD,edwardsshannon@example.net,Pitcairn Islands,2021-01-22,Standard,9395.48
7214,Alison Mathews,moseslarry@example.org,Antigua and Barbuda,2021-02-06,Premium,7439.52
7215,Michelle Thompson,brianbass@example.com,Saint Vincent and the Grenadines,2021-02-04,Premium,4564.20
7216,Rachel Welch,christinalyons@example.com,Cayman Islands,2021-07-01,Premium,7157.22
7217,James Schmidt,jessicaharmon@example.org,Lao People's Democratic Republic,2025-12-24,Standard,6650.97
7218,David Rodriguez MD,kelly92@example.org,British Indian Ocean Territory (Chagos Archipelago),2024-01-03,Standard,9992.11
7219,Scott Green,shannonrubio@example.org,China,2025-03-18,Standard,1015.30
7220,Anna Taylor,dlee@example.net,Somalia,2024-03-13,Basic,1978.17
7221,Donna Johnson,jessicaanderson@example.org,Denmark,2024-11-19,Standard,2073.07
7222,Jonathan Butler,denise80@example.com,Sweden,2023-05-11,Standard,9545.19
7223,Kevin Pierce,fcantu@example.net,Estonia,2021-08-30,Standard,7026.09
7224,Rachel Good,jacquelinemoran@example.com,Marshall Islands,2025-06-25,Basic,7518.34
7225,Mark Simpson,timothymcgee@example.net,Kazakhstan,2022-04-25,Standard,7540.46
7226,Victor Moore,jonesdavid@example.com,Barbados,2022-06-26,Basic,1645.32
7227,Samantha Nelson,bcole@example.org,Cocos (Keeling) Islands,2022-08-12,Basic,5192.89
7228,Linda Rodriguez,pagestephanie@example.org,Japan,2021-10-29,Standard,1436.91
7229,Vincent Fowler,tinajensen@example.net,Bulgaria,2025-11-15,Standard,9014.33
7230,Vickie Blake,pbaker@example.org,Moldova,2022-06-05,Basic,4363.79
7231,Monica Bailey,johnrice@example.com,Dominican Republic,2022-01-02,Premium,451.45
7232,Monica Thompson,novakdeborah@example.net,Jamaica,2024-05-04,Basic,8210.84
7233,Nicole Torres,patelrobin@example.com,Syrian Arab Republic,2024-01-04,Standard,9176.13
7234,Eric Richmond,george48@example.org,Gambia,2025-08-27,Standard,1262.16
7235,Dr. Misty Hernandez,robincarlson@example.net,Tokelau,2022-12-01,Standard,300.18
7236,Alyssa Christian,cassie41@example.org,Saint Helena,2023-06-28,Standard,9855.64
7237,Amy Bennett,odean@example.org,Italy,2024-09-06,Standard,8944.28
7238,Kim Gonzalez,afitzpatrick@example.org,Malta,2024-01-22,Standard,6057.33
7239,Sydney Martinez,kayla51@example.com,Uruguay,2021-04-30,Standard,5074.65
7240,Edward Evans,brownjason@example.com,Turkey,2020-01-29,Basic,2813.52
7241,Christopher Jenkins,lisa56@example.org,Madagascar,2021-04-12,Basic,4855.00
7242,Tiffany Cooley,alexander47@example.com,Congo,2024-03-09,Standard,2211.55
7243,Elizabeth Bean,colemanlauren@example.net,Bangladesh,2021-06-23,Basic,3644.37
7244,James Richards,cheyennedonovan@example.net,Burkina Faso,2025-12-07,Standard,294.36
7245,Victoria Reynolds,lzimmerman@example.org,Mauritius,2024-08-27,Standard,8485.25
7246,Jade Russell,gibbslouis@example.org,Cote d'Ivoire,2020-07-06,Standard,9703.33
7247,Jessica Bowen,edrake@example.com,Liechtenstein,2021-11-22,Basic,5881.90
7248,Bonnie Pace,egonzales@example.com,United Kingdom,2025-06-22,Standard,9884.93
7249,Ryan Bailey MD,josephwebb@example.com,Christmas Island,2025-12-18,Basic,7904.81
7250,Eric Price,dana91@example.net,Bangladesh,2020-11-09,Basic,1975.17
7251,Elizabeth Carter,troyriggs@example.net,Turkey,2025-12-20,Basic,4236.25
7252,Jordan Griffin,chris75@example.com,Liechtenstein,2021-07-03,Basic,698.19
7253,David Olson,justintaylor@example.net,Japan,2022-01-15,Standard,303.03
7254,Tina Jackson,rstephens@example.net,Colombia,2024-02-05,Basic,2947.20
7255,Teresa Curtis,robert85@example.com,Bangladesh,2023-07-30,Standard,7058.24
7256,Mark Weaver,markfisher@example.org,Spain,2020-11-02,Basic,8909.58
7257,Steven Johnson,qgray@example.net,Guernsey,2024-09-13,Basic,7444.54
7258,Mark Drake,aaronwilliams@example.net,Angola,2020-10-05,Standard,1060.80
7259,Sharon Jackson,riverajoseph@example.net,Georgia,2025-08-16,Standard,7741.32
7260,Sabrina Rogers,vpeters@example.net,Estonia,2023-12-06,Standard,1136.45
7261,Jennifer Zuniga,wattsdaniel@example.org,Armenia,2025-07-10,Premium,5098.66
7262,Destiny Cox,vegashannon@example.com,Swaziland,2020-01-13,Standard,2968.06
7263,Steven Walton,mcmillanwanda@example.com,Iraq,2022-02-25,Standard,1366.21
7264,Brett Davenport,mcdanielpatrick@example.net,Dominica,2022-05-09,Standard,3384.82
7265,Dean Hines,omar96@example.org,Saint Helena,2023-07-05,Basic,2596.80
7266,Timothy Cook,carol28@example.net,Faroe Islands,2024-05-08,Basic,8733.16
7267,Richard Garcia,hoffmanrobert@example.net,Bermuda,2025-04-01,Basic,9365.11
7268,Paul Osborne,vhawkins@example.com,Burundi,2021-08-27,Standard,1894.53
7269,Nicole Serrano,marshalltracey@example.com,Peru,2023-06-10,Standard,3174.13
7270,Kara Obrien,shannonnorris@example.com,French Southern Territories,2020-01-23,Basic,9996.32
7271,Christopher Sutton,scott44@example.org,Djibouti,2022-07-06,Basic,5047.03
7272,Isaac Patton,jasonaguirre@example.com,Greece,2023-03-28,Standard,2354.86
7273,Michael James,josephhampton@example.com,Taiwan,2021-05-14,Basic,338.37
7274,Stephanie Bowman,tina89@example.org,Mauritania,2021-05-26,Standard,2775.28
7275,Joseph Brooks,oblake@example.com,French Guiana,2024-08-27,Standard,1689.64
7276,Michael Stevens,goodmandavid@example.com,El Salvador,2025-03-14,Standard,3114.65
7277,Brenda Williams,brownchristina@example.com,Serbia,2025-10-15,Basic,5759.97
7278,Mrs. Debbie Ramirez,alankerr@example.com,Bangladesh,2020-03-12,Premium,211.78
7279,Teresa Miller,cmorgan@example.org,Slovakia (Slovak Republic),2021-05-05,Basic,939.78
7280,Kendra Lopez,nicole69@example.com,Sao Tome and Principe,2024-11-20,Basic,7646.93
7281,Shawn Montes,briggselizabeth@example.com,Saint Vincent and the Grenadines,2025-09-16,Standard,1956.84
7282,Joseph Patterson,bryanjessica@example.org,Somalia,2022-08-11,Standard,244.43
7283,Lacey Lee,thomasjohnson@example.com,Namibia,2020-12-02,Basic,8800.99
7284,Eric Martin,andrew56@example.net,Belize,2023-07-01,Basic,9334.86
7285,Lucas Howard,elizabeth77@example.org,Cuba,2021-10-05,Premium,1029.88
7286,Jonathan Cooper,dylan59@example.net,Bolivia,2025-10-28,Standard,5977.51
7287,Jessica Pham,teresawilliams@example.org,Uzbekistan,2021-02-03,Standard,5539.43
7288,Daniel Chung,kathy47@example.com,Thailand,2021-05-15,Standard,796.73
7289,Victoria Smith,webbcraig@example.com,Chile,2023-01-30,Standard,2384.70
7290,Brandy Gibson,aliciamckinney@example.org,Mongolia,2025-01-01,Basic,5749.01
7291,Henry Strong,rebecca38@example.org,Uganda,2023-06-09,Basic,536.47
7292,Thomas Martinez,danielholt@example.org,Haiti,2024-11-07,Standard,1241.48
7293,George Howe,hermanjesse@example.org,Turkmenistan,2025-11-04,Basic,2649.08
7294,Cristina Avery,msanders@example.org,Oman,2022-05-20,Premium,6138.48
7295,Jill Rivera,holmesstephanie@example.org,Guinea,2024-11-25,Basic,4780.83
7296,Michelle Herring,nayers@example.org,Ghana,2024-07-25,Basic,5812.41
7297,Joshua Anderson,daviselizabeth@example.com,Kiribati,2020-05-05,Standard,6615.71
7298,John Turner,lisa24@example.com,United States of America,2021-06-08,Standard,8033.61
7299,David Turner,jennifer43@example.com,Paraguay,2025-11-29,Standard,9526.79
7300,Anthony Hill,ubrown@example.com,United Arab Emirates,2021-11-08,Premium,9423.66
7301,Amber Singleton,kharris@example.net,Azerbaijan,2023-09-21,Basic,3515.34
7302,Paul Watts,mike20@example.com,Falkland Islands (Malvinas),2020-02-26,Standard,8866.18
7303,Stephen Steele,michaelmiller@example.org,Luxembourg,2024-11-21,Standard,5718.35
7304,Emily Webb,jonathan97@example.org,Switzerland,2023-03-24,Standard,6079.76
7305,Jennifer Kelley,jeffreywalton@example.net,El Salvador,2020-11-15,Standard,4827.81
7306,Juan Young,lynn40@example.net,Anguilla,2023-09-15,Standard,7063.67
7307,Stacie Clark,powellmark@example.org,Uruguay,2022-10-22,Standard,8477.00
7308,Cassandra Peck,andrewenglish@example.net,Solomon Islands,2023-07-20,Basic,5199.73
7309,Ashley Perez,robertarmstrong@example.org,Wallis and Futuna,2024-12-16,Standard,6934.59
7310,Jenny Armstrong,shelleywhite@example.com,Mauritius,2024-05-21,Standard,6913.02
7311,Wanda Rivera,spencerkane@example.net,Grenada,2022-05-21,Basic,3795.91
7312,Kathleen Gonzalez,graymond@example.org,Kuwait,2025-09-29,Basic,6077.75
7313,Harold White,erica81@example.net,Liberia,2024-06-30,Premium,4057.01
7314,Charles Newman,watsonlisa@example.net,Bouvet Island (Bouvetoya),2020-01-28,Basic,1122.32
7315,Roy Williams,qthomas@example.net,Uganda,2021-09-07,Basic,5632.45
7316,Linda Kelly,hbrown@example.org,Saint Martin,2023-09-22,Standard,9745.95
7317,Nicholas Walter,donnamiller@example.net,Jersey,2024-02-22,Standard,5276.91
7318,Jamie Sims,ysandoval@example.com,Qatar,2024-01-30,Standard,5882.59
7319,Francis Reyes,ambergomez@example.org,Norfolk Island,2025-06-22,Standard,9614.76
7320,Jennifer Moore,alexandrahicks@example.net,Liechtenstein,2025-03-25,Standard,2771.01
7321,Nicole Harris,andersoneric@example.net,Heard Island and McDonald Islands,2022-02-26,Premium,2460.67
7322,William Calderon,jamesford@example.org,Gibraltar,2021-02-18,Premium,7207.88
7323,Christopher Phillips,thomasjulia@example.com,Jamaica,2024-05-16,Premium,7593.32
7324,Antonio Li,dberg@example.org,Equatorial Guinea,2023-07-07,Standard,6769.76
7325,Toni Green,nicholas34@example.net,Saudi Arabia,2024-11-13,Basic,4470.28
7326,Amanda Singleton,jonesjessica@example.net,Isle of Man,2021-07-18,Premium,2631.79
7327,Lauren Simmons,andersonedward@example.com,Nauru,2020-12-24,Basic,5755.96
7328,Laura Melton,weissjerry@example.com,Estonia,2021-07-25,Premium,1718.64
7329,Carrie Lewis,hgibbs@example.org,Brazil,2020-04-25,Standard,351.45
7330,Timothy Taylor,nathanielwilkerson@example.net,Belgium,2024-01-29,Basic,4329.27
7331,Aaron Cole,jasonsanders@example.com,Sri Lanka,2022-04-07,Standard,2865.80
7332,Karen Nicholson,joseph05@example.com,Cameroon,2022-12-30,Basic,8187.86
7333,Joseph White,pamdoyle@example.com,Bermuda,2025-12-21,Basic,5424.39
7334,Mrs. Gloria Jackson,rbrooks@example.net,Guam,2022-02-28,Standard,5902.38
7335,Robert Griffith,shawn91@example.net,Palestinian Territory,2020-04-11,Premium,4236.49
7336,Megan Hunt,ivalenzuela@example.com,Guatemala,2025-04-26,Premium,5249.93
7337,Brent Daniels,josejones@example.org,India,2025-11-18,Premium,6829.70
7338,Robin Yang,lstone@example.org,Guadeloupe,2020-10-09,Standard,9227.22
7339,April Wade,douglasrobert@example.org,Ukraine,2023-06-23,Standard,7193.51
7340,Jerry Jones,michelle49@example.com,Zambia,2021-01-19,Basic,4452.56
7341,Brenda Adams,tdavis@example.net,Saint Helena,2021-10-28,Basic,3766.86
7342,Karen Lane,zacharysmith@example.com,France,2024-10-13,Standard,3627.96
7343,Ronald Bishop,victoria51@example.net,Papua New Guinea,2020-11-02,Basic,9000.55
7344,Lisa Mccoy,mark11@example.com,Saint Vincent and the Grenadines,2022-04-27,Standard,5678.23
7345,Mr. Russell Gray,hholt@example.net,Saint Kitts and Nevis,2025-08-01,Premium,6782.20
7346,Jeremy Welch,ortizamber@example.com,Jamaica,2024-04-01,Premium,2768.29
7347,Amy Cook,,Senegal,2023-03-21,Premium,8007.75
7348,Monica Smith,arubio@example.com,Svalbard & Jan Mayen Islands,2023-03-15,Basic,1932.04
7349,Marco Wagner,dbrewer@example.org,Pitcairn Islands,2022-09-24,Basic,5473.16
7350,Steven Patel,jacobzimmerman@example.net,Swaziland,2022-09-02,Standard,5549.60
7351,Rebecca Smith,dickersonvictoria@example.net,Rwanda,2023-01-03,Basic,7054.39
7352,Leon Elliott,nmiller@example.com,Niger,2021-06-10,Standard,5370.56
7353,Jennifer Campbell,jeremyortiz@example.org,New Zealand,2021-05-10,Premium,1639.95
7354,Paul Wilson,tmorales@example.org,United States of America,2023-09-25,Standard,6253.10
7355,Tammy Thompson,estradaelizabeth@example.com,Bermuda,2023-12-18,Standard,3828.66
7356,Christian Martin,ramirezkimberly@example.com,Denmark,2021-02-18,Premium,6115.05
7357,Linda Walker,david09@example.org,British Virgin Islands,2022-11-19,Basic,8527.93
7358,Amy Cortez,castillonicole@example.org,Belize,2021-04-29,Standard,1716.34
7359,Michael Jones,sydneysilva@example.net,Indonesia,2020-10-22,Basic,1887.99
7360,Jeffrey Wilkinson,herrerarichard@example.org,Bolivia,2023-07-12,Basic,8249.71
7361,Veronica Kelly,clinton17@example.com,Cook Islands,2025-09-25,Basic,4545.76
7362,Sean Benjamin,brayanne@example.net,Kiribati,2023-12-05,Basic,601.75
7363,Zachary Duarte,teresaweaver@example.org,Cape Verde,2022-01-21,Premium,7264.57
7364,Brett Young,miguelbradley@example.net,Suriname,2020-07-18,Premium,2108.58
7365,Eric Lindsey,ricky88@example.org,Ireland,2022-08-16,Basic,9307.01
7366,Donna Hopkins,nancy39@example.org,Bhutan,2022-07-04,Standard,8995.61
7367,Jody Warner MD,jeffrey85@example.org,Faroe Islands,2021-10-19,Basic,6697.67
7368,Robert Bradshaw,cmiller@example.org,Puerto Rico,2020-04-16,Basic,7273.30
7369,Amy Grant,,El Salvador,2024-01-18,Basic,7867.27
7370,Diana Sullivan,sheri25@example.com,North Macedonia,2021-08-18,Standard,5097.70
7371,Jonathan Harrington,john75@example.net,Tajikistan,2023-11-06,Standard,6722.62
7372,Steven Hanson,judyfrancis@example.net,Myanmar,2021-08-26,Basic,5526.19
7373,Wendy Morgan,rodriguezjonathan@example.com,French Polynesia,2023-09-22,Standard,7770.73
7374,Jennifer West,shane97@example.net,Cape Verde,2024-10-09,Standard,7246.04
7375,Pamela Snow,brittanybrown@example.net,Equatorial Guinea,2023-06-27,Standard,7703.88
7376,Sarah Miller,catherine54@example.com,Indonesia,2023-01-17,Premium,4519.50
7377,Luis Powell,lyonslaura@example.net,Bouvet Island (Bouvetoya),2020-04-16,Standard,8465.82
7378,Julie Gillespie,xguzman@example.org,Malaysia,2021-07-22,Standard,6354.94
7379,Hannah Murray,richardmichael@example.com,Mayotte,2024-12-06,Standard,1651.12
7380,Timothy Sullivan,krodriguez@example.com,Eritrea,2023-08-26,Basic,699.71
7381,Daniel Martinez,michael18@example.org,British Indian Ocean Territory (Chagos Archipelago),2021-02-17,Standard,5140.24
7382,Dana Ponce,dennis66@example.org,Kazakhstan,2021-07-10,Premium,5813.75
7383,Meagan Nunez,jeremy15@example.net,Benin,2022-03-14,Premium,4589.32
7384,Erin Webster,rickymora@example.org,Fiji,2020-11-27,Premium,5868.13
7385,Alyssa May,corey73@example.org,Barbados,2020-11-09,Basic,1135.29
7386,Jessica Carter,jonathanwalker@example.net,Uruguay,2023-09-25,Standard,7126.34
7387,Beverly Roberts,jim09@example.org,Zimbabwe,2021-02-19,Basic,8401.94
7388,Jeffrey Vasquez,wilkersonmarc@example.net,Trinidad and Tobago,2024-01-16,Standard,6810.49
7389,Eric Rogers,ramirezchristina@example.org,Georgia,2022-08-31,Standard,5980.82
7390,Mrs. Donna Gibbs DDS,flemingeileen@example.com,United States Minor Outlying Islands,2025-10-21,Basic,7324.27
7391,Linda Nelson,ryan03@example.net,Iceland,2022-09-06,Standard,2943.34
7392,Andrew Jackson,rossjoseph@example.com,Mauritius,2025-08-16,Standard,3409.41
7393,Lindsey Cox DVM,xbanks@example.org,Korea,2020-04-10,Standard,460.27
7394,Sara Anderson,debramedina@example.org,Uganda,2021-02-26,Basic,2850.75
7395,Randy Harris,arthur34@example.com,Poland,2020-08-04,Basic,8132.95
7396,Kathryn Arnold,cstafford@example.net,Malawi,2024-09-25,Premium,5000.76
7397,Gabriel Elliott,amy61@example.net,Latvia,2022-06-24,Standard,4974.79
7398,Randy Hill Jr.,malonejames@example.net,Armenia,2024-12-06,Standard,1068.01
7399,William White,pmccullough@example.org,Cyprus,2021-07-08,Standard,1366.69
7400,Joanna Hill,rebecca95@example.org,Andorra,2024-07-29,Basic,2663.81
7401,Troy Adams,upowell@example.org,Libyan Arab Jamahiriya,2025-06-29,Standard,3079.38
7402,David Barnes,alexa52@example.com,Malawi,2020-11-22,Basic,151.70
7403,Laura Reed,bmaldonado@example.net,Vanuatu,2025-08-08,Standard,4220.33
7404,Jill Gray,karenmclaughlin@example.org,Northern Mariana Islands,2025-03-24,Standard,318.90
7405,Mallory Sandoval,rachel08@example.com,Sudan,2025-03-10,Standard,9336.38
7406,Sharon Gonzalez,john82@example.net,Moldova,2023-04-05,Basic,3680.47
7407,Kimberly Mills,ashley43@example.org,Ecuador,2021-10-16,Basic,1714.92
7408,James Woods,karen77@example.com,Bahamas,2020-03-29,Standard,1010.36
7409,Philip Wade,michellethomas@example.com,Korea,2022-05-26,Basic,9127.35
7410,Natalie Lambert,victor78@example.com,Antigua and Barbuda,2023-12-12,Standard,499.14
7411,Toni Adams,mendozamonica@example.net,Dominica,2023-08-23,Standard,8351.64
7412,Kimberly Harrington,ycruz@example.org,Denmark,2024-10-26,Premium,9277.03
7413,Alexis Galloway,christine43@example.org,Kenya,2024-06-12,Basic,6709.71
7414,Dean Norton,obell@example.org,Christmas Island,2025-07-09,Standard,1398.56
7415,Brittany Jacobs,kevin95@example.com,Philippines,2020-01-27,Standard,9548.52
7416,Daniel Pruitt,erin12@example.com,Uganda,2020-11-01,Standard,6287.69
7417,John Hoover,bonillabrandon@example.net,Maldives,2024-10-01,Basic,6860.73
7418,Mary Beasley,edwardsdaniel@example.net,El Salvador,2022-08-02,Premium,569.72
7419,Aaron Sims,joseph53@example.org,Reunion,2024-08-24,Standard,9957.45
7420,Brittany Sandoval,melissa69@example.org,Zambia,2022-01-27,Standard,4564.84
7421,Jason Long,jillferguson@example.org,Hungary,2021-02-13,Basic,7952.43
7422,Randy Mcintyre,cgates@example.com,Gambia,2021-08-28,Standard,5321.17
7423,Lisa Green,sarahopkins@example.org,San Marino,2022-03-16,Basic,6572.98
7424,Michael Martin,jconrad@example.net,United States Virgin Islands,2024-09-10,Standard,233.20
7425,Christopher Fowler,stewartmatthew@example.org,Bolivia,2024-09-07,Standard,7634.00
7426,Tyler Flores,fowlerdawn@example.org,Isle of Man,2020-08-31,Standard,8931.84
7427,Amanda Mcmahon,allenbrenda@example.com,Lithuania,2024-05-24,Standard,6072.34
7428,Jennifer Rodriguez,amyshelton@example.com,Dominica,2025-06-26,Standard,5126.96
7429,Eric Willis,stephaniesellers@example.com,Vanuatu,2022-09-05,Standard,8702.01
7430,William Hayes,timlambert@example.com,Togo,2023-09-13,Standard,1922.93
7431,Peter Bridges,alexanderwilson@example.org,South Africa,2024-05-30,Standard,920.73
7432,Aaron Bell,james10@example.com,New Caledonia,2020-02-02,Premium,1160.23
7433,Robert Mosley,nicholaskent@example.org,Romania,2021-03-29,Standard,2845.68
7434,Heather Porter,justinfields@example.com,Trinidad and Tobago,2020-01-30,Standard,5429.58
7435,Elizabeth Mcdowell,parkeramanda@example.net,Lithuania,2023-02-14,Standard,5378.99
7436,Heather Kelly,frussell@example.com,Saudi Arabia,2023-04-15,Standard,4220.75
7437,John Martinez,sanchezdiana@example.net,Haiti,2022-03-15,Standard,9418.75
7438,Jennifer Carter,renee62@example.org,Eritrea,2022-06-06,Basic,2763.72
7439,Cheryl Sanders,jsmith@example.com,Guinea,2024-01-25,Basic,9049.43
7440,Rebecca Robinson,iosborn@example.org,Latvia,2022-07-04,Standard,54.89
7441,Samuel Meadows,qnash@example.com,Central African Republic,2022-06-24,Standard,4366.39
7442,Jermaine Jones,francomatthew@example.net,Bulgaria,2022-09-06,Basic,662.00
7443,Mark Simmons,ricky70@example.net,Bulgaria,2022-05-23,Standard,4685.17
7444,Aaron Morales,erik65@example.net,Namibia,2023-01-29,Standard,4711.37
7445,Laura Estrada,thomaschase@example.net,Holy See (Vatican City State),2023-07-30,Basic,5098.44
7446,Joshua Stone,lauriemorrison@example.com,Liberia,2021-10-01,Premium,1217.92
7447,Hannah Miller,jessicaalexander@example.org,British Indian Ocean Territory (Chagos Archipelago),2025-02-12,Standard,8212.36
7448,Donna Fisher,johnbrown@example.org,Korea,2020-05-25,Standard,5885.33
7449,Eric Hoffman,barretterica@example.com,Korea,2023-12-02,Standard,9137.40
7450,Diana Morris,ryanvasquez@example.org,Lithuania,2020-12-08,Standard,827.05
7451,Marie Hart,erika79@example.net,Malaysia,2025-02-19,Premium,2556.33
7452,Joseph George,christina93@example.net,Sudan,2022-06-21,Standard,2322.15
7453,Timothy Jackson III,salazartanner@example.com,Micronesia,2024-05-18,Standard,6559.12
7454,Molly Spencer,grantparker@example.org,Ukraine,2021-10-12,Basic,7996.93
7455,Taylor Franco,garciastacey@example.org,Switzerland,2022-12-22,Standard,3889.18
7456,Sarah Pitts,mckinneysarah@example.net,Trinidad and Tobago,2021-09-14,Basic,73.33
7457,April Bartlett,bcohen@example.com,Slovakia (Slovak Republic),2021-07-13,Standard,7154.69
7458,Amy Rios,noahhuynh@example.org,China,2022-02-22,Basic,1729.82
7459,Christopher Brown,oanderson@example.net,Nauru,2023-06-28,Basic,7644.96
7460,Theresa Hayes,mirandacarol@example.com,Kuwait,2024-04-14,Basic,378.46
7461,James Warren,jgarrison@example.org,Tajikistan,2020-03-12,Premium,6909.29
7462,Kathryn Stephens,lisahoover@example.net,United States Minor Outlying Islands,2021-12-31,Standard,2115.51
7463,Taylor Griffin,bperez@example.com,Cook Islands,2024-09-20,Standard,1618.53
7464,Taylor Jackson,bergermegan@example.net,Indonesia,2025-05-11,Standard,8455.78
7465,Julia Michael,ortizkevin@example.com,Isle of Man,2022-02-13,Standard,2466.55
7466,Sean Juarez,,Palau,2020-10-27,Basic,419.91
7467,Janice King,amanda65@example.com,Korea,2020-07-21,Basic,1093.96
7468,Dylan Ellis,watsonchristian@example.com,Comoros,2020-01-13,Premium,8649.42
7469,Jesus Morris DDS,dominguezjoshua@example.org,Brazil,2024-05-01,Premium,1033.34
7470,Ann Lara MD,christopher64@example.net,Korea,2025-11-15,Standard,5573.99
7471,Michael Scott,robert94@example.org,Georgia,2022-09-22,Standard,2433.58
7472,Anthony Ellis,kennethgiles@example.org,Croatia,2025-03-05,Standard,3581.97
7473,Mary Trevino MD,lauranguyen@example.net,Mozambique,2023-05-16,Basic,2536.65
7474,Michele Stephens,gloverdeborah@example.com,Myanmar,2020-03-10,Basic,3459.00
7475,Amanda Allen,tina97@example.com,Azerbaijan,2022-06-15,Standard,6739.15
7476,Vanessa Richmond,fgiles@example.com,Svalbard & Jan Mayen Islands,2020-06-29,Standard,565.78
7477,Zachary Stone,pbrown@example.org,Mauritius,2023-03-26,Basic,7852.99
7478,Kayla Montgomery,pamelajoseph@example.org,Dominican Republic,2023-08-12,Standard,212.56
7479,Adrian Gordon,rebecca88@example.org,Bouvet Island (Bouvetoya),2021-08-22,Standard,6902.34
7480,Paul Williamson,ramosmason@example.net,Honduras,2023-04-06,Standard,1715.46
7481,Bridget Ware,williamsroberta@example.org,South Georgia and the South Sandwich Islands,2020-11-02,Standard,6264.49
7482,Monica Sandoval,jenkinsgabriel@example.org,Venezuela,2025-02-07,Basic,1641.85
7483,Rebecca Nelson,egraves@example.org,Antigua and Barbuda,2021-04-22,Standard,5176.22
7484,Mark Cruz,shelia60@example.com,China,2023-06-05,Standard,8086.95
7485,Erica Gomez,teresa13@example.com,French Southern Territories,2023-09-20,Basic,5394.88
7486,Rebecca James,steelejohn@example.net,Austria,2021-01-27,Premium,8334.63
7487,David Murphy,tinarivera@example.net,Maldives,2023-11-06,Standard,6865.64
7488,Stephanie Potter,phuber@example.org,Martinique,2023-08-01,Standard,8778.43
7489,Kevin Washington,iwhite@example.com,Guadeloupe,2023-02-07,Standard,5346.67
7490,Eric Parker,adamsandrea@example.org,Maldives,2025-10-03,Basic,6859.48
7491,Charles Anderson,vargasbrandon@example.net,Belarus,2021-12-06,Standard,5616.38
7492,Mark Good,peggyzimmerman@example.org,Svalbard & Jan Mayen Islands,2022-12-09,Standard,1497.66
7493,Robert Vaughan,james31@example.net,Netherlands Antilles,2024-07-08,Standard,1727.73
7494,Melinda Johnson DDS,foleybrad@example.org,Finland,2020-09-19,Basic,3400.85
7495,Bradley Howard MD,william53@example.com,Mauritania,2025-11-25,Premium,2910.66
7496,Timothy Campbell,katherine00@example.net,Kiribati,2022-02-17,Standard,2570.20
7497,Mary Keller,parkscarlos@example.net,Cook Islands,2022-07-31,Standard,503.69
7498,Laura Mills,hollyrodriguez@example.com,Saint Helena,2022-10-10,Premium,3395.53
7499,David Smith,kaitlingamble@example.org,Kenya,2023-01-31,Standard,660.60
7500,James Holt,anthony37@example.org,Papua New Guinea,2021-01-05,Standard,3253.37
7501,Adrian Hancock,bmurphy@example.net,Suriname,2020-06-01,Basic,7937.99
7502,David Woods,xlin@example.org,United Arab Emirates,2024-01-25,Basic,5987.18
7503,Michael Hayes,hgarcia@example.net,Ecuador,2023-09-16,Basic,7788.77
7504,Alan Smith,xduncan@example.net,Brazil,2025-11-04,Standard,3018.36
7505,Vicki Marsh,lopezalexandra@example.net,Marshall Islands,2022-08-10,Basic,1971.15
7506,Christopher Long,crossdebbie@example.org,Pakistan,2021-10-02,Basic,4169.70
7507,Kelly Hernandez,austinbender@example.org,Ukraine,2020-11-13,Premium,2386.05
7508,Alexis Butler,alicia04@example.com,Samoa,2021-02-09,Standard,2563.06
7509,Timothy Adams,gabriellawalters@example.com,Palestinian Territory,2023-01-13,Standard,7765.34
7510,William Mahoney,murrayrobert@example.com,Niue,2024-07-16,Premium,3624.01
7511,Mary Chen,tgross@example.org,Canada,2022-06-23,Premium,4067.61
7512,Isaac Clay,gmolina@example.com,Greece,2020-11-08,Premium,3744.02
7513,Bradley Boyer,nicole62@example.org,Syrian Arab Republic,2025-06-20,Standard,8609.09
7514,Michelle Stanley,gevans@example.net,Aruba,2024-07-08,Standard,6681.65
7515,Jonathan Fisher,kevinmccann@example.org,Angola,2022-01-11,Standard,5049.01
7516,Justin Fowler,kristin12@example.net,Equatorial Guinea,2025-07-21,Standard,7675.69
7517,Michael Miller,bbarnes@example.net,Cameroon,2021-02-04,Standard,7619.64
7518,Morgan Baker,casey05@example.org,Mauritania,2020-06-09,Basic,3868.06
7519,Steven Watson,margaret42@example.org,Samoa,2024-06-23,Basic,9002.83
7520,Jennifer Green,cstephenson@example.net,Japan,2023-07-22,Standard,8286.07
7521,Matthew Ross,cathyweber@example.com,Christmas Island,2025-11-17,Basic,2570.18
7522,Phillip Nichols,smithandrew@example.net,Panama,2022-03-19,Premium,3255.57
7523,Kari Hernandez,mckenzienancy@example.com,Dominica,2020-08-04,Standard,5048.00
7524,Bruce Rogers,cmason@example.com,Saudi Arabia,2022-08-01,Basic,5327.88
7525,Stephen Harris,krobinson@example.net,Uganda,2024-07-05,Premium,3089.15
7526,Tamara Webb,joannareed@example.com,Turks and Caicos Islands,2022-11-08,Basic,6586.09
7527,Kathy Mclaughlin MD,sean05@example.org,Wallis and Futuna,2020-06-11,Standard,2519.24
7528,Kendra Bender,richardscott@example.net,South Africa,2022-01-09,Standard,4681.28
7529,Eric Villegas,meganchambers@example.org,Vanuatu,2022-09-05,Standard,7495.36
7530,Madeline Fields,kaitlyn86@example.org,American Samoa,2024-08-21,Standard,4065.94
7531,John Avila PhD,michael87@example.net,Chile,2024-07-02,Premium,9547.02
7532,Hannah Jones,kimsutton@example.com,Bhutan,2023-10-23,Standard,2021.34
7533,Keith Sandoval,xdavis@example.org,New Caledonia,2021-09-03,Basic,4421.99
7534,Mario Farley II,shermandanielle@example.net,Ukraine,2024-07-05,Standard,5391.31
7535,Brian Jordan,johnlara@example.org,Niger,2022-04-06,Standard,6021.08
7536,Amanda Martinez,davismichael@example.org,Malaysia,2022-04-25,Standard,6078.38
7537,Amanda Nichols,andrewescobar@example.com,Lesotho,2020-05-07,Standard,3061.80
7538,Ashley Wu,williamsjoanna@example.org,Azerbaijan,2025-03-13,Basic,7165.29
7539,Stephanie Thompson,christopher61@example.org,Bosnia and Herzegovina,2020-07-22,Standard,5918.66
7540,Diana Green,denniskevin@example.com,Ukraine,2020-04-06,Basic,6650.68
7541,Robyn Hill,gdoyle@example.net,Cook Islands,2020-04-10,Premium,8387.04
7542,John Smith MD,stevenlin@example.net,Portugal,2024-07-03,Standard,9526.52
7543,Anna Moore,ypatterson@example.com,Croatia,2024-05-18,Standard,7006.53
7544,Joshua Pittman,acostakevin@example.com,Madagascar,2021-08-20,Premium,2774.34
7545,Thomas Johnson,ecox@example.net,Cook Islands,2025-11-29,Premium,9002.39
7546,Kayla Powell,kenneth39@example.com,Zambia,2025-11-08,Standard,7177.85
7547,Dylan Townsend,owiley@example.com,Niue,2021-06-14,Premium,5474.17
7548,Kimberly White,greg30@example.org,Sri Lanka,2023-01-21,Premium,5106.71
7549,Matthew Cross,vcantu@example.net,Vietnam,2023-11-14,Standard,4316.08
7550,Elizabeth Hanson,zimmermancynthia@example.net,Korea,2024-05-24,Standard,2259.34
7551,Deanna Giles,michael71@example.net,Zimbabwe,2025-06-27,Standard,2577.15
7552,Natalie Warren,ricky80@example.com,Ethiopia,2022-04-06,Basic,7940.64
7553,Chase Novak,sierra20@example.net,Nigeria,2022-07-15,Standard,6661.83
7554,Shane Fischer,udelacruz@example.com,Wallis and Futuna,2020-12-13,Standard,1545.75
7555,Joseph Rios,jackmoore@example.com,British Indian Ocean Territory (Chagos Archipelago),2023-09-07,Basic,6044.05
7556,Gregory Haas,wrobinson@example.com,Trinidad and Tobago,2020-09-03,Premium,3498.45
7557,Courtney Hall,fergusonmark@example.org,Anguilla,2021-03-16,Basic,9906.16
7558,Benjamin Moore,brandibrown@example.org,Greenland,2024-06-01,Standard,9417.93
7559,Adam Moore,amandaelliott@example.net,Antigua and Barbuda,2020-04-22,Standard,3880.65
7560,Elizabeth Cruz,iparker@example.net,Ireland,2020-10-03,Standard,8517.33
7561,Nicole Perry,stacy20@example.org,United Arab Emirates,2025-08-12,Standard,756.55
7562,Bryan Dyer,meghanmadden@example.com,Pitcairn Islands,2022-03-25,Basic,542.37
7563,Holly Harper,jacksondiana@example.org,Bulgaria,2024-12-18,Standard,9479.42
7564,Rebecca Kent,qallen@example.org,Burkina Faso,2023-07-10,Basic,5598.08
7565,Benjamin Mcknight,candace02@example.net,Equatorial Guinea,2022-07-21,Basic,5565.84
7566,Brandi Anderson,amanda68@example.org,Albania,2021-10-13,Standard,8391.61
7567,Joe Bryant,laura35@example.com,Cameroon,2025-11-17,Basic,9460.36
7568,Renee Hatfield,jeffreyjohns@example.com,Bhutan,2024-08-07,Basic,3007.50
7569,Taylor Schmidt,xware@example.net,Palau,2024-08-13,Standard,4819.07
7570,Cynthia Hall,qrodriguez@example.net,British Virgin Islands,2025-04-08,Standard,7684.83
7571,Cameron Ramirez,jonboyle@example.com,Saint Pierre and Miquelon,2022-03-25,Basic,5747.20
7572,Robert Huang,shawnfarmer@example.com,Australia,2021-03-29,Premium,2922.53
7573,Melissa Diaz,christophercarey@example.com,Somalia,2021-06-29,Basic,5965.68
7574,Mrs. Nicole Jackson,jthompson@example.com,Tanzania,2025-08-16,Standard,5266.25
7575,Kevin Weber,lpage@example.com,Seychelles,2021-03-08,Standard,1643.97
7576,John Barker,lauraclark@example.com,Palestinian Territory,2025-08-20,Standard,8470.28
7577,Tabitha Barker,ugarrett@example.net,Jamaica,2020-03-11,Standard,3923.75
7578,Isaiah Horn,jennifer28@example.org,Thailand,2022-11-09,Standard,412.55
7579,Joanne Carter,rpatel@example.com,French Polynesia,2022-02-05,Basic,1540.68
7580,Diana Hawkins,snydervictoria@example.org,Burkina Faso,2025-04-30,Standard,6471.56
7581,Lindsey Rangel,uwilliams@example.net,Netherlands Antilles,2022-02-10,Standard,5926.46
7582,Tamara Huynh,tboone@example.org,Papua New Guinea,2024-09-29,Standard,7677.05
7583,John Barnes,woodsbrian@example.org,Bolivia,2021-12-12,Standard,2827.74
7584,Alicia Vasquez,nancy29@example.org,Bangladesh,2024-10-10,Standard,2315.31
7585,Victoria Dunn,robertsonashley@example.net,Ecuador,2021-06-06,Premium,1983.82
7586,Brandy Snyder,robinsonwendy@example.net,Montenegro,2021-05-03,Standard,9133.35
7587,David Woodward,wvalencia@example.org,Switzerland,2025-01-27,Basic,1296.00
7588,Johnathan Allen,nancyfletcher@example.org,Burundi,2025-11-24,Basic,8709.63
7589,Benjamin Garcia,bailey27@example.org,China,2025-05-17,Basic,6698.43
7590,Peter Payne,aprilfarmer@example.net,Albania,2022-09-07,Basic,176.08
7591,Heather White,cgarcia@example.com,Tokelau,2024-03-05,Premium,2874.48
7592,Mrs. Maria Neal,henry42@example.net,Colombia,2022-12-22,Standard,1857.43
7593,Rachel Roberts,anthonykaiser@example.net,Micronesia,2020-08-22,Standard,257.42
7594,Victoria Wood,klong@example.net,Iraq,2020-06-19,Standard,2184.59
7595,Rebecca Jones,matthew65@example.net,Cayman Islands,2025-06-23,Standard,4766.62
7596,Julian Davis,sharon25@example.com,Dominica,2023-03-22,Premium,1090.00
7597,Julie Stokes,mpatterson@example.org,Poland,2022-04-19,Basic,2597.58
7598,Melissa Caldwell,williamsullivan@example.com,Poland,2024-08-08,Standard,2282.99
7599,Victoria Douglas,ukhan@example.net,Christmas Island,2021-04-11,Basic,8880.90
7600,Brandy Strickland,kentanne@example.net,Grenada,2023-01-31,Standard,329.23
7601,Larry Edwards,david65@example.com,Philippines,2025-01-09,Standard,893.48
7602,Monique Robinson,rowesarah@example.net,Antarctica (the territory South of 60 deg S),2025-01-31,Standard,6850.08
7603,Brittany Cruz,zmiles@example.org,Micronesia,2021-01-25,Basic,1071.05
7604,Holly Hull,ritterpatricia@example.net,United Arab Emirates,2020-04-15,Standard,6895.39
7605,John Clark,courtneymorales@example.org,Ecuador,2024-07-07,Basic,751.43
7606,Christopher Chapman,joneschristian@example.com,Malaysia,2022-03-21,Standard,9520.11
7607,Courtney Abbott,gary98@example.net,Moldova,2020-08-04,Standard,9232.43
7608,Ian Marshall,bernard95@example.net,Guam,2024-02-03,Standard,5417.67
7609,Scott Mahoney,morganjohn@example.com,Vietnam,2024-06-20,Basic,3814.29
7610,Tiffany Morrison,markleonard@example.net,Grenada,2020-03-15,Standard,2397.22
7611,Brittney Burgess,glenn23@example.org,Marshall Islands,2020-10-13,Basic,7098.35
7612,Scott Roth,kendra04@example.org,Lesotho,2023-12-12,Premium,108.20
7613,Isabella Burns,stephanie65@example.com,Isle of Man,2024-11-30,Standard,2062.91
7614,Dan Lopez,jsmith@example.net,Thailand,2025-01-22,Standard,5095.85
7615,Valerie Howard,ymurray@example.org,Samoa,2022-11-06,Basic,4165.74
7616,Dr. Andrea Wood,warejustin@example.com,Tokelau,2020-06-29,Standard,494.58
7617,Briana Randall,anthony29@example.net,Singapore,2021-07-27,Premium,5930.25
7618,Roberto Wells,xharper@example.com,Togo,2021-04-21,Standard,1007.90
7619,Clifford Berry,jose17@example.org,Somalia,2020-08-14,Basic,9308.61
7620,Joseph Anderson,davidpatel@example.org,Iraq,2024-03-12,Basic,3316.26
7621,Michael Hobbs,yhernandez@example.org,Samoa,2020-12-27,Standard,9741.91
7622,Tiffany Figueroa,reevesbecky@example.org,Hungary,2021-03-01,Standard,2171.40
7623,Nancy Hill,pwilson@example.org,Uruguay,2024-05-13,Standard,4292.84
7624,Lisa Smith,alexandria26@example.com,Andorra,2025-04-18,Premium,5186.27
7625,Kristin Leonard,haynesandrea@example.net,Faroe Islands,2021-06-28,Standard,7823.11
7626,Eric Johnson,xsoto@example.org,Argentina,2021-08-07,Standard,1880.18
7627,James Allen,bgarrison@example.com,Vietnam,2024-03-22,Basic,2975.41
7628,George Kelley,hensleyrickey@example.net,Zambia,2024-03-18,Basic,3682.45
7629,Laura Hammond,richardmoran@example.net,Saint Barthelemy,2021-09-05,Premium,5475.37
7630,Dawn Townsend,mkhan@example.net,Central African Republic,2020-04-02,Standard,1273.68
7631,Amanda Kirby,wwhite@example.com,Bolivia,2020-12-19,Standard,4779.67
7632,John Carter DVM,amandadawson@example.com,Angola,2022-04-06,Premium,9130.46
7633,Carlos Gonzalez,millerlogan@example.net,Burkina Faso,2021-11-15,Basic,6812.67
7634,Jason Mercado,brandon54@example.org,United Arab Emirates,2020-05-10,Premium,8578.43
7635,Troy Soto,bishopdaniel@example.com,Ghana,2022-06-19,Standard,3952.18
7636,Amber Jackson,bradarmstrong@example.net,Benin,2023-04-20,Standard,5985.16
7637,Madeline Martin,lauren14@example.org,Egypt,2021-10-01,Premium,6295.77
7638,James Cruz,olee@example.com,Malta,2021-10-20,Premium,2949.28
7639,Stephen Morgan,qtaylor@example.org,Australia,2022-11-11,Premium,1378.00
7640,Brittany Robertson,briansimon@example.net,Qatar,2023-08-31,Basic,3952.87
7641,Nicole Robertson,kelly66@example.org,Northern Mariana Islands,2021-01-04,Standard,4637.82
7642,Robert Spencer,irichard@example.org,Zimbabwe,2025-07-07,Standard,3719.65
7643,Jean Wagner,perkinselizabeth@example.com,Burkina Faso,2023-02-09,Basic,7664.46
7644,Kevin Palmer,cobbkevin@example.net,United States Virgin Islands,2022-06-24,Premium,8092.62
7645,Paul Schneider,hjohnson@example.org,Barbados,2023-02-05,Premium,5340.41
7646,Jaime Stevens,weberkathy@example.org,Eritrea,2023-12-19,Standard,9589.07
7647,David Monroe,mrobles@example.net,Montserrat,2024-02-11,Premium,4877.25
7648,Billy Moses,campbellnicholas@example.net,Reunion,2023-03-07,Basic,5458.26
7649,Lawrence Elliott,amorris@example.org,Tunisia,2025-02-15,Standard,6167.87
7650,Justin Stevenson,jacqueline75@example.net,Indonesia,2024-12-03,Standard,1978.16
7651,Peter Williams DDS,ylee@example.com,Yemen,2021-03-19,Premium,5699.48
7652,Jamie Morris,brendajackson@example.com,United States of America,2025-06-22,Basic,9309.24
7653,Kent Velasquez,joneskaylee@example.org,Tonga,2022-07-21,Standard,6471.70
7654,Jorge Flores,steven38@example.net,Seychelles,2021-06-09,Standard,6809.17
7655,Terry Wallace,kayla65@example.com,Togo,2025-10-01,Premium,1521.59
7656,Rachel Meadows,christopher78@example.net,Hong Kong,2021-02-08,Standard,6038.95
7657,Mr. Jose Mata,amanda88@example.org,Bosnia and Herzegovina,2025-02-08,Standard,5071.61
7658,Richard Cruz,jessica73@example.org,Tanzania,2025-09-14,Basic,454.98
7659,James Coleman,fitzgeraldalyssa@example.net,Puerto Rico,2022-05-07,Standard,1267.41
7660,April Serrano,patricia26@example.org,Georgia,2025-02-02,Standard,1434.83
7661,Sarah Nguyen,matthewmendez@example.org,Mozambique,2022-12-02,Standard,7448.83
7662,Natalie Smith,cramirez@example.org,Georgia,2020-11-18,Premium,7587.60
7663,Jasmine Arnold,bwalker@example.org,Faroe Islands,2022-05-04,Standard,2425.09
7664,Alan Castro,pamela43@example.com,Saint Pierre and Miquelon,2023-12-17,Standard,4260.96
7665,John Clark,ghenson@example.net,Lithuania,2020-09-20,Basic,7141.09
7666,Brandon Stewart,bassstacy@example.com,Sri Lanka,2021-11-15,Standard,7024.68
7667,Jessica Olson,greensamantha@example.net,Dominica,2022-12-25,Standard,8399.19
7668,Jason Valdez,adamcombs@example.com,Cote d'Ivoire,2021-02-27,Standard,6739.61
7669,Valerie Jackson,ydiaz@example.org,Seychelles,2023-08-13,Basic,8334.76
7670,Christina Wilkins,wrightbrian@example.net,Sao Tome and Principe,2021-08-19,Standard,1311.32
7671,Brandon Rogers,stevensonjessica@example.com,Slovenia,2021-08-22,Standard,1058.20
7672,Ann Gonzalez,ygarrett@example.com,Brunei Darussalam,2025-07-20,Standard,5474.57
7673,Wayne Hamilton,kstone@example.com,Bosnia and Herzegovina,2024-06-08,Standard,8358.96
7674,Steven Myers,yphelps@example.net,Saudi Arabia,2025-03-15,Basic,1024.83
7675,Alexandra White,teresa48@example.org,Andorra,2020-03-05,Standard,6376.74
7676,Chase May,gibsonisaac@example.org,Wallis and Futuna,2024-02-12,Standard,9035.53
7677,Whitney Robles,taylormegan@example.com,Iraq,2022-01-10,Premium,5151.97
7678,Jonathan Phillips,laura63@example.net,Italy,2020-03-31,Standard,6881.84
7679,Paul Johnson,gwilson@example.net,Singapore,2023-12-09,Standard,7738.13
7680,Caitlin Jones,ihall@example.net,Brunei Darussalam,2023-02-15,Premium,3009.13
7681,Stephen Jackson,johnanderson@example.org,Bulgaria,2020-12-31,Standard,7928.55
7682,Peter Sanchez,suzanne78@example.com,Guyana,2025-12-16,Standard,7726.10
7683,Ricky Johnson,rossthomas@example.net,Gambia,2025-06-05,Basic,9947.28
7684,Jennifer Adams,vasquezlisa@example.com,Guadeloupe,2021-06-17,Basic,344.44
7685,Kiara Campbell,smithchristopher@example.com,Myanmar,2020-12-27,Premium,8441.67
7686,Michael Stephens,brookscody@example.net,Paraguay,2021-10-26,Basic,5465.85
7687,Christopher Hernandez,lhenry@example.org,Saint Pierre and Miquelon,2023-05-14,Standard,3156.00
7688,Wyatt Green,johnsonrachael@example.net,Lebanon,2020-05-19,Premium,64.68
7689,John Ashley,sarahlane@example.net,Reunion,2024-01-16,Basic,2155.22
7690,Lauren Jennings,amy82@example.org,Somalia,2022-11-23,Premium,3079.85
7691,Alan Fields,jennifervazquez@example.org,Heard Island and McDonald Islands,2022-05-27,Standard,3756.11
7692,Jeffrey Davis PhD,jeffkim@example.org,Falkland Islands (Malvinas),2020-12-21,Standard,7508.76
7693,Joe Gibson,nwong@example.com,Libyan Arab Jamahiriya,2020-04-15,Standard,3128.69
7694,Terry Howard,matthewrichard@example.org,Indonesia,2020-12-23,Standard,7898.72
7695,Sarah Willis,robinsonbenjamin@example.org,Swaziland,2020-02-02,Standard,2463.62
7696,Robert Morris,ashley07@example.com,Jamaica,2021-06-18,Standard,5679.17
7697,Rose Willis,anthonycharles@example.com,Central African Republic,2023-01-29,Basic,7510.74
7698,Paul Campbell,qwright@example.net,Equatorial Guinea,2021-10-24,Standard,363.31
7699,Timothy Mitchell,nsheppard@example.org,Guyana,2023-06-21,Standard,3553.90
7700,Anne Drake,josephjohnson@example.org,South Africa,2020-04-11,Premium,4953.60
7701,Ray Higgins,anthonybarker@example.net,Lao People's Democratic Republic,2022-11-09,Basic,3095.49
7702,Randall Vasquez,carol75@example.net,Haiti,2022-09-26,Standard,1488.12
7703,Michael Fox,jason35@example.org,New Caledonia,2022-09-02,Basic,5983.35
7704,Sandra Smith,andrew51@example.org,British Indian Ocean Territory (Chagos Archipelago),2020-05-28,Basic,8571.43
7705,Cody Bates,denisedaniel@example.net,El Salvador,2021-05-30,Basic,185.28
7706,Ashley Stein,kevin11@example.net,Ukraine,2020-03-23,Premium,1954.62
7707,Justin Morgan,,Moldova,2020-07-03,Premium,1371.15
7708,David Brock,davidgarcia@example.net,Bermuda,2020-03-07,Premium,797.48
7709,Jeffrey Lopez,pattersontrevor@example.net,Algeria,2022-07-21,Basic,5621.62
7710,Zachary Little,cjohnson@example.com,Myanmar,2025-03-31,Standard,2514.75
7711,Christopher Campbell,djenkins@example.net,South Africa,2024-04-15,Basic,1862.12
7712,Yesenia Rubio,ymoore@example.net,Indonesia,2022-01-14,Basic,7296.29
7713,Mason Bradshaw,timothy63@example.net,Belarus,2025-04-22,Standard,1225.36
7714,Ralph Watts,plewis@example.net,Burundi,2021-04-21,Standard,2864.36
7715,William Thomas PhD,daniel61@example.net,Sri Lanka,2023-03-06,Premium,623.42
7716,Justin Mcgee,stephen57@example.net,Cape Verde,2025-10-27,Premium,6176.72
7717,Jason Fitzgerald,rking@example.org,Solomon Islands,2021-09-13,Standard,60.94
7718,Michelle Gaines,gpark@example.com,Bouvet Island (Bouvetoya),2021-12-18,Basic,1242.23
7719,Steven Dunlap,james66@example.org,Burkina Faso,2024-05-09,Basic,9235.64
7720,Susan Patrick,malonejill@example.net,Algeria,2024-09-15,Standard,8608.64
7721,Gabriel Kelly Jr.,josephgonzalez@example.net,Costa Rica,2020-03-03,Standard,5653.46
7722,Alex Lawson,laurajones@example.net,South Africa,2025-05-09,Standard,8512.09
7723,Alexa Gonzalez DDS,joy05@example.net,Philippines,2020-06-21,Standard,7203.32
7724,Michael Carpenter,edwardsjoseph@example.net,Liberia,2021-10-19,Standard,2331.53
7725,Olivia Mcdonald,cummingskatie@example.com,Maldives,2025-07-24,Premium,1731.44
7726,Mrs. Danielle Watson,dwilliams@example.com,Bosnia and Herzegovina,2024-05-15,Standard,8620.06
7727,Steven Nicholson,randyflynn@example.com,Guernsey,2023-12-11,Standard,5640.68
7728,Jeffrey Dawson,kingshannon@example.org,Peru,2024-02-14,Basic,1789.85
7729,David Carey,carol44@example.com,Tunisia,2020-06-22,Standard,9994.19
7730,Kathleen Ross,karen60@example.org,Russian Federation,2024-12-20,Basic,8896.31
7731,Victoria Hall,aruiz@example.com,Bouvet Island (Bouvetoya),2021-06-25,Standard,6341.72
7732,Jeffrey Mack,joseph15@example.net,Lao People's Democratic Republic,2021-09-16,Standard,3861.34
7733,Patrick Williams,kwhitaker@example.com,Colombia,2021-11-25,Basic,1586.16
7734,Scott Garcia,coledaniel@example.com,Italy,2025-01-10,Premium,9817.69
7735,Kenneth Underwood,stephensonmichael@example.org,Western Sahara,2020-06-22,Basic,9684.20
7736,Barbara Johnson,brownrandy@example.net,Libyan Arab Jamahiriya,2022-12-20,Standard,8198.89
7737,Jordan Flores,audreymedina@example.com,Liechtenstein,2023-11-19,Standard,8379.51
7738,Kathryn Kennedy,haleymichael@example.org,Holy See (Vatican City State),2025-11-21,Basic,1590.63
7739,Laura Jackson,nreynolds@example.net,Papua New Guinea,2025-06-29,Premium,8560.50
7740,Jeffrey Hendricks,matthewcamacho@example.org,El Salvador,2021-06-17,Basic,1224.12
7741,Steve Ramos,imyers@example.org,Azerbaijan,2021-02-01,Premium,657.17
7742,Kendra Coleman,john07@example.com,United States of America,2021-08-13,Basic,7329.19
7743,Heather Garcia,dennismcfarland@example.org,Iran,2021-03-02,Premium,1971.57
7744,Amanda Stein,jennifer59@example.com,Serbia,2020-03-14,Basic,4016.90
7745,Alexandra Perry,fosterlynn@example.com,Algeria,2023-09-13,Standard,5477.47
7746,Becky Payne,boothisaiah@example.net,Latvia,2020-09-23,Premium,2723.13
7747,Michael Smith,odavis@example.org,Niger,2020-07-31,Standard,5620.84
7748,Rebecca Ross,ryanmichael@example.org,Ireland,2021-11-23,Standard,5710.63
7749,Alice Horton,svargas@example.org,Holy See (Vatican City State),2024-07-24,Premium,156.64
7750,Heather Valdez,yrobbins@example.org,American Samoa,2024-07-22,Premium,8628.49
7751,James Davidson,brianna82@example.com,Guernsey,2023-01-24,Standard,8349.58
7752,Valerie Tucker,qbuck@example.com,Martinique,2020-11-30,Premium,6714.33
7753,Stephanie Underwood,icisneros@example.net,Malawi,2024-11-23,Basic,3257.28
7754,David Francis,ricardofigueroa@example.com,Kiribati,2020-10-29,Standard,2066.61
7755,Michael Frazier,kimberly37@example.com,Congo,2024-03-14,Basic,5319.08
7756,Wesley Walsh,scottmargaret@example.net,Ecuador,2025-06-29,Standard,2938.85
7757,Nancy Kim,leonardtiffany@example.org,Madagascar,2022-10-14,Basic,2597.38
7758,Leslie Greer,etaylor@example.org,Saint Kitts and Nevis,2021-05-06,Basic,3516.97
7759,Austin Lambert,whiteamy@example.org,Burkina Faso,2024-12-25,Premium,5439.36
7760,Mitchell Chambers,ilittle@example.net,Georgia,2022-06-08,Standard,5082.24
7761,Daniel Lamb,rward@example.net,Micronesia,2025-01-10,Standard,1933.42
7762,Brianna Nelson,griffinchristine@example.com,Kazakhstan,2020-10-25,Premium,3200.47
7763,Emily Hernandez,mark48@example.org,Albania,2024-04-04,Standard,4212.84
7764,Alejandro Martin,rebekahgonzalez@example.com,Cocos (Keeling) Islands,2020-08-28,Basic,1792.45
7765,Courtney Lawson,sarah87@example.net,Norfolk Island,2025-08-23,Basic,480.71
7766,Kelly Ware,tranmatthew@example.net,Canada,2020-03-25,Standard,6166.67
7767,Larry Tate,edwin36@example.org,Belgium,2020-02-19,Basic,3341.01
7768,Eric Moses,uberry@example.net,Pitcairn Islands,2022-01-24,Standard,3041.02
7769,Robert Cole,richardsonmichael@example.org,American Samoa,2024-07-16,Standard,2428.89
7770,Michael Stuart,ewalker@example.com,Thailand,2021-10-14,Standard,906.45
7771,Matthew Floyd,juliemorris@example.org,Djibouti,2024-01-10,Standard,9744.33
7772,Danielle Davis,shannonbrown@example.com,South Georgia and the South Sandwich Islands,2023-02-27,Basic,1242.77
7773,Kristen Buck,truiz@example.org,Venezuela,2025-03-23,Basic,2909.47
7774,Kathleen Herrera,gstevens@example.net,Azerbaijan,2024-10-13,Basic,7510.98
7775,Mr. Tony Scott MD,danielmorrison@example.org,Tonga,2020-11-05,Standard,8659.70
7776,Jeffrey Harmon,nhowell@example.net,Mozambique,2023-06-22,Standard,6916.99
7777,David Barnes,kristenmiller@example.net,Saint Vincent and the Grenadines,2023-11-03,Standard,3817.75
7778,Alexander Romero,davidbenson@example.org,Chad,2024-11-16,Standard,9345.34
7779,Ian Lewis,drewthompson@example.net,Sudan,2023-08-24,Standard,4208.45
7780,Gregory Smith,nathan29@example.com,Niue,2020-02-21,Basic,9294.34
7781,Benjamin Fernandez,paulortiz@example.com,Mozambique,2022-03-05,Standard,9263.00
7782,Steven Hutchinson,qreed@example.org,United States Virgin Islands,2020-08-21,Premium,2045.99
7783,James Watkins,daniel80@example.net,Armenia,2020-07-13,Premium,3550.58
7784,Alyssa Brown,danielcolon@example.org,Moldova,2024-08-29,Basic,5494.78
7785,Jeffrey Conrad,stacy25@example.com,Uganda,2022-08-11,Standard,7258.20
7786,Daniel Barker,lloydlisa@example.net,Canada,2025-08-04,Standard,4870.79
7787,Kelly Leonard,lisa81@example.org,Malaysia,2024-05-01,Standard,2353.77
7788,Jamie Gregory,lucerodavid@example.org,Haiti,2021-07-27,Basic,3958.94
7789,Alicia Warren,ywilson@example.com,Turkmenistan,2023-07-03,Standard,9528.54
7790,Rachel White,pjohnson@example.com,Turkmenistan,2024-12-19,Premium,5747.80
7791,Marie Duncan,arielhicks@example.net,Montenegro,2025-01-30,Basic,3380.86
7792,Sandra Khan,jessicalopez@example.com,Uganda,2025-02-23,Standard,207.29
7793,Cynthia Ruiz,kenneth06@example.com,Ireland,2025-09-21,Standard,7595.01
7794,Nicole Kelly,xgarcia@example.net,Luxembourg,2020-08-25,Basic,77.84
7795,Victoria Williams,stephensanthony@example.com,Dominica,2024-07-14,Premium,6897.46
7796,Christopher Torres,wagnerjoshua@example.org,Puerto Rico,2021-10-20,Premium,7677.05
7797,Carol Maxwell,leondenise@example.com,Saint Barthelemy,2025-03-13,Premium,504.49
7798,Steven Murray,millergregory@example.com,Canada,2023-03-24,Standard,3499.04
7799,Mr. Brett Tran MD,ethancolon@example.org,Estonia,2024-09-14,Standard,1687.78
7800,Antonio Salazar,hjohnson@example.com,Egypt,2023-04-28,Basic,6799.48
7801,Derrick Hernandez,chuff@example.com,Myanmar,2024-05-08,Standard,1749.52
7802,Stephanie Hill,pittsmark@example.net,Antigua and Barbuda,2022-04-20,Basic,9549.93
7803,Jessica Hudson,jessica82@example.net,Cyprus,2020-12-06,Basic,2977.87
7804,Craig Ramirez,timothyward@example.net,Trinidad and Tobago,2021-12-14,Premium,8981.64
7805,Mrs. Lindsey Gordon,riverasydney@example.com,Guyana,2020-11-20,Standard,3642.28
7806,Karen Sanchez,rodriguezbrian@example.com,Uruguay,2021-06-17,Premium,9218.75
7807,Sara Jimenez,cathysnyder@example.net,Bulgaria,2021-01-14,Basic,2734.81
7808,Hayley Thompson,jevans@example.net,United Arab Emirates,2025-09-18,Basic,3507.05
7809,Katherine Hill,daniel31@example.net,Pakistan,2023-06-14,Standard,3710.44
7810,Kathy Dean,btaylor@example.net,Hungary,2022-06-24,Standard,5876.58
7811,Michael Gonzalez,tyrone98@example.com,Georgia,2025-12-03,Standard,1568.50
7812,Julia Mcbride,richardellis@example.net,Ethiopia,2025-08-14,Basic,2820.93
7813,Sean Holland,kathryn52@example.org,Malawi,2024-08-23,Basic,8679.51
7814,Mary Collins,gina93@example.com,Mayotte,2025-07-11,Premium,7951.73
7815,Beth Lam,teresa42@example.net,Ghana,2020-11-12,Standard,6205.93
7816,Robert Barajas,bergpatrick@example.org,Serbia,2024-04-15,Standard,8369.10
7817,Samuel Pittman,martineileen@example.com,Armenia,2023-10-29,Premium,6113.45
7818,Carmen Schmidt,ali@example.net,Northern Mariana Islands,2025-11-11,Basic,115.03
7819,Noah Hall,perezrichard@example.org,Antigua and Barbuda,2025-05-07,Basic,6128.76
7820,Rachel Williams,russellelizabeth@example.org,North Macedonia,2025-11-17,Basic,9716.13
7821,Valerie Johnson,jimmysmith@example.net,Namibia,2021-01-24,Standard,7017.50
7822,Alexander Molina,sancheztaylor@example.net,Guam,2025-03-04,Basic,4512.78
7823,Daniel Bowen,jessicabrown@example.com,Peru,2023-07-21,Basic,1671.68
7824,Kendra Gross,susanclark@example.com,Kiribati,2021-09-12,Basic,4117.28
7825,Lori Stein,alison00@example.net,Cambodia,2021-04-04,Standard,5549.68
7826,Colleen Bush,kimberly29@example.net,Moldova,2024-06-01,Standard,5271.22
7827,Corey Curry,melissa58@example.org,Armenia,2025-04-01,Basic,4240.69
7828,Robert Suarez,fdodson@example.org,Australia,2024-08-10,Standard,7464.52
7829,April Cole,martinezjoseph@example.com,Bouvet Island (Bouvetoya),2024-09-22,Premium,9923.06
7830,Alex Miller,zreed@example.com,Ukraine,2020-07-10,Premium,4912.47
7831,Shawn Fry,jhall@example.net,United States of America,2022-08-16,Premium,6458.33
7832,Melissa Blanchard,johnsonsusan@example.org,Equatorial Guinea,2022-07-23,Basic,648.65
7833,Michael Harrison,melinda36@example.org,Sri Lanka,2025-03-13,Standard,8164.84
7834,Joanna Gardner,alexandra15@example.net,Oman,2025-01-18,Basic,8999.16
7835,Cindy Harrell,williamselizabeth@example.com,Greece,2025-07-04,Basic,5347.17
7836,Joseph Horton,anitalewis@example.net,Antigua and Barbuda,2023-06-13,Standard,8066.75
7837,Amy Green,ronaldmyers@example.org,Turkey,2020-01-20,Standard,9914.10
7838,Rose Kidd,tracey90@example.net,Seychelles,2021-07-27,Basic,5882.39
7839,Andrea Aguirre,jenniferstrickland@example.org,Antigua and Barbuda,2023-05-18,Standard,8684.77
7840,William Smith,cynthiaedwards@example.net,Iceland,2024-05-29,Standard,2229.55
7841,George Tapia,williamaguilar@example.net,Moldova,2020-01-10,Standard,2772.03
7842,Thomas Thompson,markbeck@example.net,Congo,2020-09-15,Standard,6014.30
7843,Brian Davies,shirleymoore@example.com,Brunei Darussalam,2022-12-10,Standard,568.24
7844,Bryan Bullock,lorihunter@example.org,Antigua and Barbuda,2025-06-02,Standard,9925.55
7845,Mark Johnson,stephaniecollins@example.org,Cambodia,2023-11-13,Standard,3367.12
7846,Erin Howard,pmccoy@example.org,Korea,2024-08-29,Standard,2941.31
7847,Nicole Adams,cynthiaterry@example.net,United States Virgin Islands,2025-09-16,Premium,4577.35
7848,Alexander Chavez,erica44@example.net,Suriname,2023-06-14,Standard,3299.97
7849,Mary Williams,laurie85@example.org,Vietnam,2023-10-29,Premium,6010.11
7850,Jacob Esparza,monteswendy@example.org,Svalbard & Jan Mayen Islands,2021-08-31,Standard,9569.37
7851,David Smith,gonzaleswilliam@example.org,Iceland,2020-10-01,Standard,9029.34
7852,Jessica Duncan,jason92@example.org,Niue,2020-07-04,Premium,5512.05
7853,Dr. Sharon Berger,erin18@example.org,Chile,2024-10-31,Standard,195.57
7854,Alex Frazier,april38@example.com,Ghana,2023-12-09,Standard,1078.11
7855,Nicholas Patterson,moorejorge@example.com,British Indian Ocean Territory (Chagos Archipelago),2024-07-31,Standard,456.49
7856,Austin Whitehead,denise31@example.com,Mali,2024-03-10,Standard,5442.40
7857,Tracy Shaw,johnsongregory@example.net,Poland,2021-02-13,Premium,3982.19
7858,Crystal Cole,pherrera@example.com,Macao,2022-07-19,Premium,5270.42
7859,Robert Jacobson,jessicaoneal@example.org,Djibouti,2020-02-13,Basic,3396.49
7860,Dr. Garrett Martinez Jr.,lawsoncolleen@example.net,Niger,2021-11-20,Basic,3146.56
7861,Jackie Webb,parkershannon@example.com,Cameroon,2025-08-23,Premium,3362.06
7862,Amber Hall,ihoffman@example.org,Belize,2023-07-10,Premium,1301.97
7863,Lauren Barry,deborahwilkins@example.org,Burkina Faso,2024-02-05,Standard,6846.31
7864,Cynthia Martin,mgraham@example.com,Bouvet Island (Bouvetoya),2024-03-23,Standard,1115.70
7865,Blake Cohen,christine07@example.org,Holy See (Vatican City State),2020-09-29,Standard,5187.46
7866,Zoe Davidson,markbeasley@example.com,Grenada,2023-11-15,Premium,462.71
7867,Amber Johnson,andrew44@example.net,Saint Pierre and Miquelon,2023-03-19,Basic,4396.49
7868,Kenneth Cohen,brian52@example.net,Argentina,2020-06-22,Premium,7225.14
7869,Diana Salazar,johnsonjoseph@example.net,Tuvalu,2021-01-21,Standard,6708.47
7870,Martha Garcia,gailallen@example.net,Germany,2022-12-08,Standard,3427.67
7871,Daniel Hood,huntpatricia@example.net,Hungary,2024-12-21,Standard,1405.18
7872,Matthew Williams,thomasmurphy@example.org,Israel,2021-04-13,Basic,3388.70
7873,Kara Roth,miawarren@example.org,Iceland,2021-09-13,Basic,6106.97
7874,Andrea Walters,hooperbrendan@example.org,Libyan Arab Jamahiriya,2020-08-31,Standard,9671.53
7875,Victoria Silva,james31@example.net,Honduras,2024-10-23,Basic,4407.43
7876,Carla Carpenter,chavezjames@example.net,Paraguay,2025-09-25,Standard,7173.06
7877,Lorraine Davidson,santoskevin@example.org,Venezuela,2022-08-11,Basic,1239.58
7878,Matthew Oconnell,curtisscott@example.org,Nigeria,2022-10-27,Premium,8328.70
7879,Debra Carpenter,richard16@example.com,Canada,2024-05-03,Standard,9938.72
7880,Laura Ferguson,john40@example.net,Monaco,2025-04-28,Basic,6546.94
7881,Kristi Crawford,cray@example.org,Uruguay,2023-04-05,Premium,943.91
7882,Pamela Webb,jgonzalez@example.com,French Guiana,2023-09-14,Basic,930.74
7883,Emily Yu,ysherman@example.org,Saint Barthelemy,2023-08-13,Standard,2835.95
7884,Jennifer Bell,robinsontoni@example.com,Trinidad and Tobago,2022-11-25,Basic,4198.37
7885,Adrian Patterson DDS,brandyweber@example.net,Lebanon,2024-09-22,Basic,8212.66
7886,Janice Adams,pdickson@example.net,Bulgaria,2025-08-03,Standard,1338.17
7887,William Mcgee,dennis70@example.com,Kenya,2021-05-04,Basic,5615.80
7888,Michele Price,vlong@example.org,Moldova,2024-01-02,Standard,3647.52
7889,Edward Jones,pcastro@example.org,Micronesia,2021-05-25,Premium,2686.44
7890,Jonathan Bowen,kristopher67@example.net,Niger,2022-01-16,Premium,1990.14
7891,Jeffrey Doyle,elliskevin@example.org,Bouvet Island (Bouvetoya),2020-05-04,Standard,9016.55
7892,Nathan Ortiz,dsmith@example.net,Kenya,2023-02-03,Premium,9321.44
7893,John Brennan,alexis72@example.net,Tokelau,2024-07-18,Basic,1524.57
7894,Christine Becker,millersusan@example.com,Estonia,2020-10-01,Standard,6497.02
7895,Charles Ford,ralph90@example.com,Puerto Rico,2023-03-26,Standard,8639.37
7896,Megan Bishop,wayne23@example.com,Tuvalu,2021-02-17,Standard,7175.92
7897,Vicki Moore,patricialee@example.net,Mongolia,2024-11-23,Standard,4658.20
7898,Kelly Young,williamramirez@example.org,Brunei Darussalam,2023-12-07,Basic,206.81
7899,Ronnie Keller,christymiller@example.net,Gibraltar,2024-11-09,Standard,3616.39
7900,Nathan Bentley,jason82@example.org,Tajikistan,2025-03-29,Basic,1484.66
7901,Travis Meyer,deborahsmith@example.net,Benin,2021-12-08,Standard,3487.94
7902,Courtney Hunter,figueroaangela@example.net,Korea,2023-09-17,Standard,9547.30
7903,Tiffany Espinoza,edwardsanthony@example.net,Mayotte,2024-06-04,Standard,6800.64
7904,Michael Ortiz,xgregory@example.net,El Salvador,2024-01-17,Basic,5258.15
7905,Shawn Herman,shannon56@example.net,British Indian Ocean Territory (Chagos Archipelago),2023-06-02,Standard,3346.81
7906,Jeanette Saunders,gbruce@example.net,Tokelau,2020-12-09,Premium,6428.52
7907,Mrs. Morgan Rodriguez,ryan28@example.org,Burkina Faso,2024-11-22,Basic,2743.34
7908,Jason Lawson,kristine01@example.com,Monaco,2023-07-04,Standard,5081.43
7909,Brian Wolf,cmartin@example.net,Israel,2024-03-25,Standard,4792.67
7910,Jason Howard,reynoldschristopher@example.com,Colombia,2021-05-06,Basic,7912.10
7911,Jackie Farmer,maryrocha@example.net,Liechtenstein,2024-10-05,Standard,6436.35
7912,Rebecca Pierce,tranmelissa@example.net,Togo,2023-10-29,Standard,2801.75
7913,Mrs. Krista Jones,abigailwhite@example.org,Cote d'Ivoire,2023-01-30,Basic,8301.19
7914,Alan Hutchinson,ashley16@example.net,Falkland Islands (Malvinas),2025-09-23,Premium,8412.00
7915,Tammy Delgado,kennethmiller@example.org,Libyan Arab Jamahiriya,2020-02-05,Basic,6287.81
7916,Richard Perkins,hsummers@example.org,Antarctica (the territory South of 60 deg S),2020-10-30,Standard,770.85
7917,Andrew Carrillo,apatrick@example.org,Mayotte,2024-07-23,Basic,2862.13
7918,Robin Smith,robert99@example.org,Uzbekistan,2024-11-07,Standard,1729.22
7919,Mikayla Barnes,lovechristopher@example.net,Armenia,2023-01-28,Premium,2484.21
7920,Kevin Patterson,lorraine76@example.org,Mayotte,2020-03-18,Standard,5053.88
7921,Kelsey Hubbard,justinmarshall@example.com,Vietnam,2020-10-02,Basic,4033.00
7922,Douglas Young,alvarezmichael@example.org,Finland,2021-11-03,Basic,4036.80
7923,Mark Adkins,greynolds@example.org,Burkina Faso,2023-06-14,Basic,735.74
7924,Crystal Gaines,pamelawallace@example.org,Malawi,2022-06-17,Basic,7694.22
7925,Emily Quinn,mary59@example.com,Bolivia,2024-05-03,Standard,9438.48
7926,Joshua Page,jeffreyjordan@example.com,Mongolia,2025-04-07,Standard,5611.77
7927,John Brown,dianeneal@example.net,Sierra Leone,2020-04-17,Premium,3308.56
7928,Anne Green,jessicajackson@example.net,El Salvador,2021-06-19,Standard,8646.11
7929,Daniel Patton,shannondouglas@example.com,Pitcairn Islands,2020-10-11,Basic,3928.00
7930,Ashley Jackson,jcook@example.com,Japan,2020-11-14,Premium,7898.47
7931,Ashley Barron,alexisward@example.com,Fiji,2020-01-11,Basic,4669.77
7932,Travis Griffith,vcantrell@example.net,Anguilla,2024-03-02,Standard,7813.46
7933,Adam Harris,petersjessica@example.com,Guernsey,2024-03-07,Standard,7334.42
7934,Tracy Martinez,kgarza@example.net,North Macedonia,2023-07-05,Basic,6131.78
7935,Samantha Johnson,samanthalewis@example.com,Belarus,2021-09-02,Basic,523.37
7936,Regina Taylor,denise42@example.org,Barbados,2025-10-20,Premium,5857.16
7937,Kelly Webb,howardnash@example.net,Guyana,2022-03-26,Basic,5686.32
7938,Linda Rodriguez MD,irosario@example.net,Guatemala,2021-01-17,Basic,3773.33
7939,Alison Brock,thompsonamanda@example.org,Saint Pierre and Miquelon,2023-01-03,Basic,9764.79
7940,Julia Reed,chasechristopher@example.org,Brazil,2023-05-28,Standard,4007.37
7941,David Green,ross09@example.net,Italy,2023-12-31,Standard,3758.13
7942,Michelle Lambert,anthonythomas@example.org,Puerto Rico,2022-05-01,Standard,698.41
7943,Jacqueline Wilson,wilkinsomar@example.org,Cyprus,2020-03-26,Premium,9910.35
7944,Shawn Marshall,george91@example.com,Togo,2022-06-15,Standard,8643.88
7945,Cathy James,christopher80@example.com,Paraguay,2021-07-12,Basic,1184.56
7946,Brenda Braun,brownkathryn@example.com,Barbados,2024-11-27,Standard,8191.49
7947,Brandon Sanders,,Mali,2025-04-02,Standard,5349.31
7948,Carolyn Sherman,william27@example.com,Mali,2021-06-29,Premium,9708.56
7949,Danielle Diaz DDS,zcampbell@example.org,Heard Island and McDonald Islands,2024-11-04,Standard,847.12
7950,John Jackson,yjohnson@example.net,Namibia,2020-02-24,Basic,6293.16
7951,Pedro Bond,justinnixon@example.net,San Marino,2022-04-29,Basic,1484.45
7952,Peggy Warner,ycruz@example.com,Senegal,2025-12-08,Standard,5417.78
7953,Jeffrey Hunt,donna70@example.net,Saint Barthelemy,2022-09-20,Basic,9758.19
7954,Tara Johnson,jenkinslynn@example.net,Aruba,2025-01-18,Basic,9368.93
7955,Rebecca Vasquez,william93@example.com,El Salvador,2024-07-28,Standard,8804.10
7956,Matthew Parks,ann65@example.com,North Macedonia,2024-01-31,Premium,3796.46
7957,Mario Wilson,hwatts@example.net,Paraguay,2022-09-25,Basic,8126.18
7958,Stephen Wallace,sanderstina@example.net,Australia,2021-09-28,Standard,5175.86
7959,Rhonda Thomas,smithsuzanne@example.org,Iceland,2025-03-21,Basic,8115.72
7960,Sherry Green,walkerjeremy@example.net,Gambia,2023-08-18,Standard,6647.35
7961,Jasmine Gutierrez,lowetracy@example.com,Guernsey,2022-08-05,Standard,3183.32
7962,Dennis Patterson,vargaslisa@example.com,Greenland,2020-09-13,Premium,6782.80
7963,Andrew Parker,freese@example.org,Algeria,2025-02-28,Standard,9718.95
7964,George Russell,amygrimes@example.net,Palestinian Territory,2024-11-12,Standard,8552.51
7965,Deborah Warren,gonzalesconnor@example.net,China,2021-10-15,Premium,8903.13
7966,Vincent Sullivan,ofisher@example.org,Switzerland,2020-06-20,Premium,7138.66
7967,Timothy Parks,utyler@example.com,Venezuela,2022-09-28,Basic,7381.45
7968,Dale Griffin,xjuarez@example.net,Slovakia (Slovak Republic),2022-09-28,Premium,1294.59
7969,Matthew Williams,ehowe@example.org,Guinea,2022-04-22,Standard,5515.58
7970,Patrick Glenn,rioskimberly@example.com,Turkey,2024-04-23,Standard,6684.80
7971,Rebecca Baker,kylieblackburn@example.org,Greenland,2023-10-12,Premium,6832.33
7972,Nathan Burton,crystalcole@example.org,Azerbaijan,2021-07-09,Standard,9378.95
7973,Randy Chandler,scarter@example.com,Malaysia,2022-02-28,Basic,8068.29
7974,Tamara Petersen,peter66@example.org,Israel,2020-06-02,Premium,4761.39
7975,Mr. Jonathon Herrera,thansen@example.org,Bulgaria,2025-12-23,Premium,9221.85
7976,Julie Figueroa,jacksonmatthew@example.com,Uganda,2025-10-28,Standard,7720.45
7977,Adam Best,jenniferevans@example.net,Zimbabwe,2022-11-15,Standard,7684.40
7978,Mrs. Jamie Skinner DDS,charles73@example.com,American Samoa,2024-06-03,Standard,6680.56
7979,Jeffrey Cooper,bcruz@example.com,Gambia,2021-09-01,Standard,9112.80
7980,Jessica Jackson,gregory48@example.com,Zambia,2025-02-20,Premium,3456.24
7981,Deborah Johnson,lancekelly@example.com,San Marino,2022-11-24,Standard,5420.11
7982,Tracy Davis,cindybennett@example.org,Italy,2021-02-03,Basic,3914.29
7983,Brandon Castillo,gregorysmith@example.org,Nepal,2022-03-18,Standard,2482.66
7984,Holly Baker,crawfordtonya@example.com,Cayman Islands,2022-09-30,Basic,8877.12
7985,Frank Huynh,lawrencestephanie@example.org,Armenia,2023-05-18,Basic,5702.66
7986,Mark Williams,nhines@example.net,India,2020-11-15,Standard,6269.51
7987,Monique Patton,fitzpatrickmelinda@example.net,Libyan Arab Jamahiriya,2021-08-16,Basic,8278.09
7988,Brad Sutton,xwatson@example.net,Mali,2020-03-27,Basic,9679.04
7989,Thomas Wagner MD,john50@example.org,Wallis and Futuna,2022-07-09,Premium,7303.50
7990,Jerry Bowen,jacobstewart@example.net,Italy,2020-08-19,Basic,222.68
7991,Christopher Bradshaw,bradleycarter@example.org,Kiribati,2020-02-01,Basic,7305.81
7992,Gary Sheppard,jason06@example.net,Cape Verde,2022-06-06,Basic,5678.88
7993,Karen Moreno,kevinhuerta@example.com,Moldova,2023-10-03,Premium,5050.28
7994,Karen Perez,colleenmitchell@example.net,Zimbabwe,2023-06-28,Standard,3984.67
7995,Devin Garcia,pwolfe@example.net,Dominica,2021-08-02,Premium,6518.15
7996,Charles Stevens,garzamark@example.org,Swaziland,2021-03-30,Premium,3819.33
7997,Jesse Hendricks,cannoncarlos@example.com,Swaziland,2025-10-24,Premium,4276.21
7998,Melanie Sanchez,estevenson@example.org,Malaysia,2023-06-03,Standard,8476.82
7999,Robert Martinez,higginsmatthew@example.com,Saint Barthelemy,2024-08-07,Basic,3847.05
8000,Stephanie Villarreal,omeyers@example.net,Tuvalu,2021-05-10,Basic,2918.99
8001,Pamela Martinez,woodbrenda@example.org,New Caledonia,2021-05-24,Basic,8452.50
8002,Haley Davis,xwilliams@example.net,Iraq,2023-01-27,Standard,2212.66
8003,Christopher King,sjohnson@example.org,Puerto Rico,2022-12-27,Standard,395.09
8004,Megan Duncan,ufinley@example.net,Kiribati,2023-02-12,Basic,3238.68
8005,Frank Fernandez,jason80@example.org,Nigeria,2020-05-02,Basic,6478.43
8006,Suzanne Atkins,thomas32@example.org,Dominican Republic,2025-10-02,Standard,4620.37
8007,Michael Gibson,johnsonanita@example.net,Gabon,2020-03-14,Standard,5476.69
8008,Gina Scott,laceychase@example.org,Bermuda,2022-06-14,Standard,6606.85
8009,Steven Wilson,smithjohn@example.net,American Samoa,2020-08-08,Standard,6161.65
8010,Mary Roberts,jesse42@example.org,El Salvador,2025-10-17,Premium,2864.01
8011,Dr. Brandon Coleman,linda40@example.net,Bahamas,2023-09-04,Basic,4651.35
8012,Jill Hawkins,robertsonevan@example.net,China,2025-01-23,Standard,9272.98
8013,Nancy Johnston,dbennett@example.net,Venezuela,2020-01-30,Standard,2965.08
8014,Philip Bell,sdouglas@example.net,Djibouti,2022-09-29,Standard,3728.38
8015,John Allen,yleonard@example.net,Croatia,2020-03-03,Basic,2461.46
8016,Kelly Warren,awilliams@example.net,Faroe Islands,2024-05-18,Basic,8684.06
8017,Daniel Molina,xfisher@example.org,Morocco,2020-06-25,Premium,8850.26
8018,Michele Gould,peterstracy@example.org,Benin,2025-05-23,Premium,3414.83
8019,Don Johnson,boothsandra@example.org,Nigeria,2023-06-11,Premium,444.23
8020,Laura Ponce,cordovamatthew@example.net,Mali,2021-09-28,Standard,6068.43
8021,Monique Robinson,qbuchanan@example.org,Moldova,2020-06-26,Standard,4919.55
8022,Troy Willis,shelleyshaw@example.net,British Indian Ocean Territory (Chagos Archipelago),2024-08-25,Basic,4855.44
8023,Ethan Lewis,yolandalong@example.org,Saint Barthelemy,2025-04-07,Standard,4632.84
8024,Nathan Ramsey DVM,eestes@example.com,Burundi,2021-07-17,Basic,4167.26
8025,April Wilson,emily13@example.com,Pakistan,2021-05-15,Standard,7555.95
8026,Robert Benton,trevorwood@example.net,Uzbekistan,2022-09-14,Standard,8718.86
8027,Laurie Jones,bjohnson@example.com,Ukraine,2024-03-21,Basic,6714.10
8028,Blake Ortega,kristinefields@example.org,El Salvador,2023-02-20,Premium,671.42
8029,Richard Bartlett,kristensnyder@example.net,Romania,2024-03-11,Standard,923.15
8030,Jeremiah Escobar,kaylaskinner@example.org,Australia,2023-12-12,Basic,9408.27
8031,Karla Bowers,jwilliams@example.net,Korea,2023-09-28,Standard,1624.34
8032,David Sawyer,robert05@example.com,Papua New Guinea,2023-01-04,Standard,2164.25
8033,Anna Hutchinson,curtisgordon@example.net,United Arab Emirates,2025-04-05,Standard,7259.02
8034,Oscar Pierce,chall@example.net,Guadeloupe,2024-05-02,Standard,8810.85
8035,Teresa Webb,derek48@example.net,Greenland,2025-10-10,Basic,8000.97
8036,Beth Beck,farmerrobert@example.com,Belgium,2021-02-28,Standard,4175.58
8037,Paula Torres,pdavis@example.com,Rwanda,2024-12-20,Standard,5163.07
8038,John Jones,michael08@example.net,Japan,2023-08-17,Basic,9124.94
8039,Michael Gonzales,jenniferharrington@example.net,Sweden,2024-08-12,Standard,6225.22
8040,Laura Lowe,amy25@example.net,Burkina Faso,2021-01-14,Standard,4935.06
8041,Emily Green,melissa94@example.com,Syrian Arab Republic,2023-04-17,Standard,6927.85
8042,Julie Davenport,cindywest@example.org,Namibia,2024-04-03,Basic,9938.02
8043,William Brown,smithvanessa@example.com,Denmark,2023-12-02,Premium,5605.55
8044,Elizabeth Pearson,bryan52@example.org,Azerbaijan,2021-03-25,Standard,4480.86
8045,Christina Boyd,oortega@example.net,Paraguay,2025-01-22,Standard,9243.33
8046,Natalie Wilson,rayjason@example.org,Nigeria,2022-03-17,Standard,529.59
8047,Nichole Reed,mallorymartin@example.net,Uganda,2021-09-12,Standard,4630.73
8048,Victor Evans,sherrismith@example.com,Philippines,2023-10-07,Premium,4804.92
8049,Sean Alvarez,devinwilliams@example.com,Singapore,2022-09-17,Premium,2674.67
8050,Dylan Fitzgerald,isaacjimenez@example.com,Niue,2022-04-13,Basic,2168.79
8051,Melissa Brown,travis93@example.net,Guinea-Bissau,2024-05-03,Basic,938.19
8052,Heidi Lewis,evan32@example.net,Gabon,2024-06-25,Standard,4301.23
8053,Megan Flores,gloriamunoz@example.net,Saudi Arabia,2022-10-27,Basic,2246.44
8054,Spencer Sweeney,barkertravis@example.org,Algeria,2024-03-17,Standard,9663.68
8055,Jessica Pena,xmurphy@example.net,Turks and Caicos Islands,2023-09-17,Standard,2507.67
8056,Alexander Coleman,brittanyevans@example.com,Qatar,2021-04-18,Basic,7851.94
8057,Jonathan Washington,olsongeorge@example.com,Burkina Faso,2021-12-22,Standard,1637.49
8058,Rebecca Bishop,kparker@example.org,Kiribati,2021-01-05,Premium,6142.07
8059,Joy Ashley,johnsonjames@example.org,British Virgin Islands,2023-08-14,Standard,2089.70
8060,Donna Hubbard,sanchezjeffrey@example.org,Cambodia,2025-12-28,Basic,503.20
8061,Leah Patterson,arthur23@example.org,Ireland,2021-10-14,Basic,3854.96
8062,Kenneth Taylor,tiffany62@example.net,Dominica,2024-07-29,Basic,9022.79
8063,Elizabeth Jones,darren15@example.net,United States Virgin Islands,2020-06-30,Basic,1756.31
8064,Erica Bell MD,greentony@example.net,Maldives,2024-03-13,Basic,2844.06
8065,Brandon Calhoun,karen82@example.com,Tunisia,2023-03-21,Standard,5790.27
8066,Tyler Alexander,hudsonlouis@example.org,Mauritius,2024-12-02,Premium,2810.68
8067,Richard Martin,ricky34@example.org,Timor-Leste,2024-10-17,Basic,4513.57
8068,Eric Kane,richardsmith@example.org,Lesotho,2020-09-14,Standard,4852.76
8069,Brett Morris,ltate@example.org,Malaysia,2021-04-02,Basic,9144.42
8070,Shelly Willis,wvasquez@example.com,China,2020-03-27,Standard,9308.83
8071,David Weaver,sharonsanchez@example.net,Botswana,2020-02-14,Standard,5498.46
8072,Leslie Miller,franksierra@example.org,Nepal,2020-01-08,Standard,6030.51
8073,Matthew Moreno,awagner@example.com,Peru,2020-11-24,Standard,2327.03
8074,Erica Lawrence,xjefferson@example.org,Bulgaria,2020-05-22,Premium,6529.90
8075,Theresa Scott,xmaynard@example.org,Kazakhstan,2023-02-09,Standard,9416.76
8076,Charles Brennan,barbara23@example.net,Turks and Caicos Islands,2025-03-21,Basic,4066.96
8077,Emma Bailey,annpreston@example.com,Dominican Republic,2024-02-18,Standard,321.69
8078,Ronald Flores,rosebenjamin@example.com,Australia,2024-04-10,Basic,9939.61
8079,Dr. Manuel Frey,aaron31@example.net,Monaco,2025-09-28,Basic,8900.89
8080,Robert Miller,crios@example.org,Spain,2024-01-27,Basic,8222.15
8081,Amy Crawford,wayne14@example.com,Tokelau,2023-12-10,Standard,7566.84
8082,William Gaines,hcollins@example.com,Comoros,2023-10-01,Standard,8863.90
8083,Matthew Dominguez,natalie70@example.com,Iceland,2020-12-25,Basic,155.21
8084,Anthony Simpson,julievaughn@example.org,Turkmenistan,2025-05-06,Basic,6182.11
8085,Kimberly Fischer,matthewpalmer@example.net,Papua New Guinea,2022-08-15,Basic,9250.94
8086,Mark Contreras,leeanna@example.com,Mauritius,2025-07-05,Standard,6404.63
8087,Jason Wilson,johnfitzpatrick@example.org,Qatar,2020-09-21,Premium,2267.86
8088,Samuel Smith,jenny16@example.org,Israel,2025-06-08,Basic,9065.50
8089,Tracy White,brian21@example.net,United Kingdom,2025-01-23,Standard,2499.64
8090,Stephanie May,danielortiz@example.org,Vanuatu,2022-10-15,Basic,545.94
8091,Brenda Hoffman,srodriguez@example.com,Venezuela,2020-11-01,Standard,9499.92
8092,Michael Mills,simmonstammy@example.org,Somalia,2024-06-14,Standard,6621.64
8093,Loretta Black DVM,michael34@example.com,Ghana,2020-06-12,Standard,6059.19
8094,Christina Sanchez,ewingwilliam@example.org,Guam,2021-10-10,Standard,9527.86
8095,Matthew Wyatt,lori84@example.net,Cote d'Ivoire,2025-03-07,Standard,4984.99
8096,Nicole Hopkins,alvaradodenise@example.com,Mauritius,2024-03-07,Basic,4652.56
8097,Tonya Patrick,sototaylor@example.com,Central African Republic,2022-09-24,Basic,9571.48
8098,Jacob Bautista,obaker@example.net,Uganda,2021-09-21,Basic,647.59
8099,Dylan Jones,robert75@example.com,Djibouti,2020-04-13,Basic,439.22
8100,Dr. Michelle Edwards MD,ernestmarquez@example.net,Fiji,2022-01-18,Standard,389.32
8101,Sabrina Finley,gboone@example.net,Georgia,2020-02-18,Premium,5567.47
8102,Debra Melendez,wkline@example.org,Rwanda,2025-03-21,Basic,380.87
8103,Jennifer Kennedy,panderson@example.net,French Polynesia,2023-11-23,Standard,1453.01
8104,Desiree Suarez,sarah10@example.com,Heard Island and McDonald Islands,2025-11-27,Standard,2775.47
8105,Jennifer Mora,roywalker@example.org,Sweden,2021-10-07,Standard,8045.85
8106,Sharon Scott,sanderson@example.com,United States of America,2025-03-24,Standard,8406.18
8107,Lauren Campbell,daniel43@example.com,Tuvalu,2023-07-04,Basic,1747.29
8108,Gregory Christian,bakerelizabeth@example.org,Mexico,2020-06-04,Standard,436.30
8109,Alexandra Morris,lawrence87@example.net,China,2022-07-17,Standard,7625.95
8110,Anita Cooke,gordon76@example.net,French Polynesia,2025-09-25,Standard,5373.73
8111,Michael Jones,peterstara@example.net,Timor-Leste,2022-01-22,Premium,6477.03
8112,Jeremy Castillo,wschmidt@example.net,Heard Island and McDonald Islands,2023-03-07,Standard,8350.84
8113,Maureen Douglas,wharris@example.org,Argentina,2025-02-23,Standard,127.17
8114,Samantha Clay,dphillips@example.net,Philippines,2024-09-01,Basic,8588.45
8115,Ryan Pineda,kevinmiller@example.com,Guinea,2020-02-04,Premium,77.34
8116,Bobby Morales,rmunoz@example.com,Belize,2021-11-11,Standard,4131.13
8117,Matthew Andrews,smithangela@example.net,Heard Island and McDonald Islands,2021-02-13,Premium,1721.01
8118,Caitlin Henderson,mooretara@example.org,Cote d'Ivoire,2023-03-29,Standard,8861.57
8119,Daniel Griffin,adam17@example.org,Palau,2020-10-10,Premium,6589.29
8120,Megan Robinson,camachoscott@example.com,Andorra,2020-07-30,Standard,3200.46
8121,Willie Johnson,thammond@example.org,Japan,2021-06-29,Standard,5322.94
8122,Craig Martinez,glennsnyder@example.com,Latvia,2024-03-21,Premium,5760.93
8123,Cody Johnson,adkinsluke@example.net,Estonia,2021-04-15,Standard,2021.95
8124,Stephanie Williamson,john80@example.net,Wallis and Futuna,2024-09-24,Standard,5471.10
8125,Joshua Stewart,gardnermichelle@example.org,Namibia,2022-07-19,Standard,2456.31
8126,Rebecca Hanson,fsnyder@example.com,Honduras,2022-06-22,Basic,2407.15
8127,Paula Rice,dkent@example.org,Congo,2023-08-29,Basic,9410.72
8128,Michael Edwards MD,wwright@example.com,Liechtenstein,2025-10-16,Standard,1625.40
8129,Thomas Snow,fporter@example.net,Pakistan,2023-12-07,Premium,5150.42
8130,Joseph Garrett,jbrown@example.org,Micronesia,2020-04-01,Standard,6526.31
8131,Joshua Edwards,mburke@example.com,Cameroon,2024-03-24,Premium,3956.80
8132,Erika Lowe,woodpaul@example.net,Liberia,2025-11-03,Premium,5575.26
8133,Ronald Gomez,mossjoanne@example.com,Slovakia (Slovak Republic),2025-10-17,Standard,8473.17
8134,Lisa Figueroa,npeterson@example.net,Aruba,2021-09-13,Premium,1458.86
8135,Joshua Thomas,susan96@example.net,Burkina Faso,2023-02-27,Standard,9633.60
8136,Tracy Gonzalez,elizabeth62@example.org,Malawi,2025-04-26,Basic,5720.76
8137,Brendan Arias,butlerbarbara@example.com,Argentina,2023-07-10,Basic,7231.46
8138,Justin Park,jwood@example.net,Myanmar,2020-05-07,Premium,4035.75
8139,Leslie Burke,marypatel@example.com,Honduras,2025-10-05,Standard,3120.03
8140,Harold Mccormick,ruth89@example.com,French Polynesia,2022-10-01,Basic,3425.25
8141,Joy Pearson,dawn58@example.org,Somalia,2022-03-12,Basic,4736.41
8142,Amy Hebert,collierarthur@example.net,Vietnam,2023-05-08,Standard,3758.87
8143,Kevin Lee,ojohnson@example.org,Dominica,2021-10-04,Premium,1395.86
8144,Antonio Pratt,pcalderon@example.com,Niue,2022-03-20,Standard,7781.76
8145,Amanda Brooks,storres@example.org,Lithuania,2025-10-20,Basic,6981.51
8146,Stephen Carrillo,tamara61@example.com,Lesotho,2025-09-24,Basic,6039.67
8147,Robert Ramsey,marysullivan@example.org,Rwanda,2021-04-19,Standard,9714.32
8148,Stacy Lynn,mgarcia@example.com,Martinique,2020-08-29,Basic,4475.13
8149,Brittany Medina,beankevin@example.net,Benin,2020-12-12,Standard,9044.54
8150,John Grant,donnapearson@example.com,Russian Federation,2021-02-10,Basic,4300.12
8151,Rebecca Fletcher,joseph75@example.net,Tokelau,2020-03-24,Standard,6174.70
8152,Derek Miller,erin00@example.org,Micronesia,2021-05-04,Standard,1946.01
8153,Danielle Short,gonzalezdaniel@example.net,Nigeria,2025-06-24,Standard,4274.14
8154,Lauren Peters,gordondouglas@example.org,Congo,2021-07-20,Premium,1718.46
8155,Lonnie Byrd,curtislinda@example.net,Antigua and Barbuda,2023-11-26,Standard,6376.49
8156,Jason Jackson,fwolfe@example.net,Kazakhstan,2023-09-20,Standard,6197.30
8157,Nicole Cortez,kristine64@example.net,French Guiana,2024-05-04,Standard,3711.14
8158,William Mendoza,jennifer31@example.org,Equatorial Guinea,2024-01-28,Standard,7864.30
8159,Bruce Crawford,amoore@example.net,Australia,2023-10-22,Basic,1923.03
8160,Eric Bell,flemingjames@example.com,Ghana,2022-11-08,Standard,6544.85
8161,Shawn Hampton,bradley91@example.com,Jordan,2025-12-04,Standard,4869.78
8162,David Williams,kimberlyrangel@example.org,North Macedonia,2022-08-09,Standard,5793.28
8163,Ashley Berry,dsmith@example.org,Christmas Island,2022-07-16,Standard,7745.90
8164,Brian Boone,seanwatkins@example.net,Samoa,2022-03-27,Standard,6876.85
8165,Meagan Bradley,maria49@example.org,Hong Kong,2025-11-16,Basic,5088.18
8166,Abigail Mccarty,nrichards@example.net,India,2020-03-28,Standard,9600.47
8167,Erik Gomez,johnstonsamantha@example.net,Bulgaria,2022-03-28,Standard,7061.55
8168,Connor Choi,englishrobert@example.net,Turkmenistan,2025-01-14,Premium,5156.23
8169,Stanley Leonard,garyrivera@example.net,Liechtenstein,2024-09-08,Basic,5121.28
8170,Michelle Olson,lopezkristen@example.org,Senegal,2023-05-27,Premium,5363.15
8171,Andrew Bell,johnsonmonique@example.com,Azerbaijan,2021-07-26,Basic,4441.43
8172,John Sanchez,nwalls@example.org,Trinidad and Tobago,2022-11-30,Standard,2948.00
8173,Anthony Beck,rbartlett@example.net,Sudan,2020-10-16,Standard,5966.24
8174,Michelle Baker,davidvega@example.net,Tanzania,2020-12-14,Basic,3.71
8175,John Coleman,lori14@example.com,Micronesia,2025-09-19,Standard,1240.83
8176,Richard Martinez,nealtanner@example.org,Papua New Guinea,2023-11-02,Basic,6419.43
8177,Justin King,cindy12@example.com,Sudan,2024-07-18,Premium,9318.54
8178,Emily Simpson,lloyddaniel@example.com,Hungary,2022-07-02,Standard,5264.28
8179,Trevor Davis,cortezkristy@example.org,Heard Island and McDonald Islands,2025-11-05,Standard,8779.98
8180,Regina Anderson,kalvarado@example.net,Antigua and Barbuda,2022-04-17,Standard,1644.02
8181,Victoria Leon,marycohen@example.org,French Southern Territories,2022-07-30,Standard,8459.12
8182,Mark Hansen,kellyshirley@example.com,Lesotho,2023-09-11,Standard,2126.20
8183,Mrs. Tricia Mendez DDS,smithjason@example.net,Sao Tome and Principe,2023-04-07,Standard,3539.54
8184,Rachel Morris,tracykelley@example.net,Croatia,2020-05-18,Standard,807.55
8185,Taylor Herman,christyparsons@example.org,Iraq,2021-12-05,Premium,3017.93
8186,Daniel Jackson,mgamble@example.net,Portugal,2023-12-17,Basic,5336.58
8187,William Haynes,gregpeterson@example.com,Serbia,2022-03-25,Standard,1984.17
8188,Dr. Matthew Scott,laurenmartinez@example.net,China,2020-08-16,Basic,9783.16
8189,Becky Gentry,hannaanna@example.org,North Macedonia,2020-06-01,Standard,3827.01
8190,Sarah Martinez,jacobjones@example.com,Croatia,2024-09-11,Standard,4420.37
8191,Sergio Fernandez,twhite@example.org,Belarus,2025-07-27,Standard,8305.84
8192,Robin Hahn,nguyenjamie@example.com,Portugal,2023-05-23,Basic,5206.26
8193,Stephanie Lucero,kristin46@example.net,Liberia,2024-02-13,Standard,6570.07
8194,William Lawson,silvadylan@example.com,Qatar,2022-10-11,Standard,82.85
8195,Cory Kramer,georgecastillo@example.net,Japan,2021-07-24,Standard,9868.52
8196,Patrick Carr,qlopez@example.com,Monaco,2020-02-26,Standard,35.70
8197,Matthew Torres,jenniferaustin@example.net,Haiti,2022-09-14,Premium,4647.39
8198,Nathan Holder,avilatiffany@example.com,Somalia,2023-03-17,Standard,8731.77
8199,Andrew Monroe,laurieavila@example.com,San Marino,2024-02-10,Basic,8722.07
8200,Keith Morales,evancarpenter@example.net,Congo,2023-04-21,Standard,3204.07
8201,Roberto Wise,alexander45@example.org,Suriname,2020-08-24,Basic,8389.21
8202,Joshua Clay,lindseyfreeman@example.com,Malawi,2020-03-10,Standard,3627.86
8203,Edward Nelson,jenkinsmichael@example.com,Guadeloupe,2022-06-29,Standard,4389.73
8204,Billy Smith,zwest@example.org,Tunisia,2020-02-24,Standard,106.79
8205,Carolyn Dyer,esmith@example.com,Ukraine,2023-09-30,Premium,3705.90
8206,Danielle Adams,awilson@example.org,Seychelles,2023-10-30,Standard,223.71
8207,Cynthia Macias,jennifer14@example.org,Canada,2020-03-01,Basic,6339.39
8208,Megan Cole,feliciagraves@example.org,Antigua and Barbuda,2023-03-31,Basic,4505.30
8209,Thomas Williams,christopherdiaz@example.net,United Kingdom,2023-01-23,Basic,7719.39
8210,Joann Rose,benjaminjohnson@example.net,Czech Republic,2022-07-30,Basic,3325.64
8211,Charles Good,,Mozambique,2024-03-11,Basic,2111.17
8212,Justin Jackson,rogersalyssa@example.com,Sierra Leone,2024-07-12,Standard,141.49
8213,Sarah Blake,sellersdesiree@example.org,Spain,2021-02-17,Standard,4842.90
8214,Richard Murray,robertmoran@example.net,British Virgin Islands,2024-10-28,Standard,4374.03
8215,Jack Gonzales,carolynyoung@example.net,Malta,2023-03-07,Standard,4088.74
8216,Kathryn Howard,barbaramiller@example.org,Montserrat,2025-10-12,Basic,3869.18
8217,Randy Black,pamelamoore@example.org,Madagascar,2024-05-04,Basic,26.77
8218,Julie Wright,jessica51@example.org,Anguilla,2021-07-19,Standard,1972.55
8219,Kenneth Hughes,archerclifford@example.net,Iran,2020-08-17,Basic,5016.38
8220,Mitchell Richardson,mcguirejames@example.com,Qatar,2024-06-13,Basic,5686.22
8221,Antonio George,newmanchristopher@example.com,Congo,2025-07-17,Standard,9715.84
8222,Deanna Moreno,christopherrichardson@example.org,Malaysia,2024-05-26,Standard,8559.85
8223,Christine Knox,natashajoseph@example.com,British Indian Ocean Territory (Chagos Archipelago),2021-03-06,Basic,5143.36
8224,Harold Parker,mcclaindean@example.com,Western Sahara,2025-10-11,Standard,7843.93
8225,Ronald Acosta,stewartdestiny@example.net,Gabon,2021-07-19,Standard,8337.79
8226,Jordan Kirk,johnsonshaun@example.com,India,2021-03-01,Premium,6388.78
8227,John Frost,michaelkennedy@example.net,Canada,2025-07-23,Standard,8311.78
8228,Julie Jacobson,anthony52@example.com,Saint Helena,2023-12-20,Standard,1834.30
8229,Steven Williams,philip65@example.com,Croatia,2024-11-17,Basic,5996.71
8230,Jennifer Jackson,rodgersjennifer@example.net,Ethiopia,2020-03-11,Basic,6675.39
8231,Melanie Wilson,jose51@example.com,Estonia,2023-02-02,Standard,8095.34
8232,Taylor Smith,dlarson@example.net,Saint Helena,2022-03-30,Basic,9064.20
8233,Mary Anderson,victor21@example.org,American Samoa,2024-11-01,Standard,3584.32
8234,Ryan Stewart,ygarcia@example.com,Andorra,2025-11-03,Standard,8225.27
8235,Wesley Mccarthy,stanleycorey@example.com,Nepal,2020-02-12,Basic,136.36
8236,Savannah Baker,christinaguerrero@example.com,Qatar,2023-11-10,Standard,9866.52
8237,Richard Hansen Jr.,moorejonathan@example.net,India,2025-02-04,Basic,8517.04
8238,Breanna Anderson,nwhite@example.com,Dominican Republic,2022-04-12,Standard,4182.85
8239,Christopher Ortiz,regina69@example.net,Liberia,2022-11-11,Basic,3169.80
8240,Jessica Bright,brittney98@example.net,Yemen,2020-02-25,Standard,7357.49
8241,Diane Hampton,emorris@example.com,Samoa,2022-12-01,Basic,486.91
8242,Kathleen Rice,xburns@example.com,Dominican Republic,2024-11-16,Basic,4453.28
8243,John Martin,jodi29@example.org,Cuba,2020-08-20,Standard,9605.93
8244,Matthew Ortiz,garciawendy@example.net,Greenland,2025-11-20,Basic,9308.39
8245,Ryan Lee,pattersonjessica@example.org,Sri Lanka,2022-12-16,Standard,197.90
8246,Nicholas Spencer,kbell@example.net,Martinique,2020-02-05,Basic,6326.92
8247,Lauren Barnes,qcervantes@example.com,Fiji,2020-04-06,Standard,5655.40
8248,Tracy Freeman,gjordan@example.com,Indonesia,2025-03-07,Basic,3129.42
8249,Jack Mahoney,brownheather@example.org,Portugal,2021-02-21,Standard,9356.81
8250,Alexander Miller,mary36@example.org,Bolivia,2023-02-06,Standard,530.38
8251,Brian Garcia,pamdavidson@example.net,Latvia,2022-02-27,Premium,7038.66
8252,Shari Anthony,karenwalters@example.net,Rwanda,2025-03-11,Standard,148.62
8253,Brittney Murphy,chandlerjodi@example.net,Congo,2022-11-08,Standard,5622.11
8254,Alan Shelton,benjamin59@example.net,Bangladesh,2020-05-01,Premium,6729.26
8255,Joel Taylor,nharper@example.org,Tunisia,2022-05-05,Premium,5471.44
8256,William Perez,tina08@example.net,Isle of Man,2025-03-06,Standard,9917.03
8257,Tara Murphy,christinafrazier@example.org,Samoa,2024-04-01,Standard,4178.23
8258,Travis Garcia,marywood@example.com,Palestinian Territory,2020-11-14,Basic,6925.98
8259,Jennifer Zimmerman,yesenia86@example.org,Eritrea,2020-06-07,Premium,855.34
8260,Kevin Black,campbellolivia@example.com,Croatia,2024-10-22,Basic,9049.43
8261,Erin Bond,alvaradosarah@example.org,Ghana,2020-10-05,Standard,317.51
8262,Michael Vaughn,thomasrusso@example.com,Gabon,2025-06-25,Basic,8156.31
8263,John Lutz MD,llee@example.org,India,2023-12-26,Standard,8450.91
8264,Emily Freeman MD,jason99@example.com,Zambia,2022-12-29,Standard,4974.22
8265,Melanie Butler,daniel54@example.com,Afghanistan,2024-04-10,Basic,6977.25
8266,Dr. Christy Davis,cyoung@example.net,Tunisia,2023-08-10,Standard,1810.51
8267,Shannon Collins,dbaker@example.net,Brazil,2024-01-07,Standard,734.16
8268,Katherine Thompson,charles42@example.net,Morocco,2025-12-25,Standard,7344.34
8269,Angela Obrien,elizabethroach@example.net,Bahrain,2025-06-11,Basic,654.69
8270,Melissa Perez,tinaduarte@example.org,Tuvalu,2022-04-03,Standard,7230.80
8271,David Rivas,frank82@example.com,Denmark,2021-10-13,Standard,3802.17
8272,Jessica King,markpatterson@example.org,Somalia,2023-12-01,Premium,4449.31
8273,Ronald Anderson,millerdanielle@example.com,Afghanistan,2023-08-17,Premium,5038.28
8274,Bryan Bradley,christopherobrien@example.net,Niue,2021-08-02,Standard,4203.07
8275,Misty Thompson,elizabethlevy@example.org,Italy,2021-07-22,Premium,2323.35
8276,Tina Jones,lindathomas@example.net,Moldova,2022-04-30,Standard,7557.26
8277,Barry Acosta,timothy19@example.net,Saint Pierre and Miquelon,2020-06-22,Basic,4727.00
8278,Daniel West DDS,christopher08@example.net,Tajikistan,2022-09-23,Standard,1844.94
8279,Sharon York,justin64@example.com,French Southern Territories,2020-07-13,Standard,5985.94
8280,Wesley Hernandez,bobby68@example.com,Mongolia,2025-10-20,Premium,256.81
8281,Darlene Fletcher,owade@example.net,Kyrgyz Republic,2021-07-06,Basic,5676.03
8282,Luke Peterson,cruzjohn@example.net,Croatia,2023-09-10,Standard,3461.39
8283,Sarah Rice,stephensbrian@example.org,Turkmenistan,2020-02-16,Standard,9450.24
8284,Sandra Mckenzie,lauren18@example.org,Kenya,2022-03-26,Standard,8285.71
8285,Pamela Steele,ramirezanita@example.net,Korea,2022-06-26,Premium,5053.48
8286,Kristen Aguilar,jeffrey57@example.net,Botswana,2025-07-04,Standard,9725.61
8287,Kevin Stephens,debrawhite@example.org,Russian Federation,2022-03-28,Standard,500.81
8288,Craig Freeman,robinsonshelly@example.com,Macao,2022-07-05,Basic,1791.58
8289,Michael Gonzalez,lisa78@example.net,Malawi,2025-07-16,Basic,4953.23
8290,Briana Murphy,dana68@example.org,Timor-Leste,2022-05-08,Standard,909.70
8291,John Lee,hendrickscourtney@example.net,Malawi,2021-12-19,Premium,7131.07
8292,Amanda Moore,gutierrezbriana@example.org,Lebanon,2022-06-29,Standard,3448.06
8293,Ernest Mills,rosalesmichael@example.org,San Marino,2023-10-13,Standard,1062.32
8294,Robert Fisher,ojenkins@example.org,Kuwait,2020-02-20,Basic,649.39
8295,Nicholas Colon,shieldsangel@example.com,Malta,2022-10-02,Premium,1836.30
8296,Mary Robertson,amy18@example.com,Nauru,2021-12-27,Premium,296.62
8297,Alan Robinson,lopezkimberly@example.com,Mayotte,2024-07-20,Standard,2358.95
8298,William Wood,christinacarter@example.net,British Virgin Islands,2024-09-26,Premium,3227.51
8299,Catherine Yang,yparker@example.com,Cook Islands,2020-03-22,Premium,2395.82
8300,Cheryl Wilson,rmorgan@example.net,Northern Mariana Islands,2023-02-15,Standard,8705.54
8301,Sophia Butler,mscott@example.com,Bosnia and Herzegovina,2025-01-21,Basic,4114.83
8302,Angela Wilson,pacedavid@example.org,Liechtenstein,2020-03-17,Standard,2175.30
8303,Linda Peterson,leerichardson@example.com,Montserrat,2024-07-16,Standard,762.39
8304,Susan Rios,hamiltontanya@example.net,Niger,2025-09-13,Standard,6137.72
8305,Dana Mckenzie,skinnerrobert@example.com,Nicaragua,2023-08-14,Standard,2908.76
8306,Tammie Johnson,xleonard@example.net,Montserrat,2023-10-04,Basic,3900.85
8307,Victoria Wright,nbrown@example.net,Saint Vincent and the Grenadines,2020-12-04,Standard,627.65
8308,Tonya Goodman,campbelljeffrey@example.net,United Arab Emirates,2024-05-08,Basic,8732.49
8309,Jennifer Garrison,angelawilliamson@example.net,Niue,2022-08-25,Basic,903.19
8310,Lindsey Lam,simskari@example.com,French Guiana,2024-06-29,Basic,4999.32
8311,Michael Richardson,xjones@example.org,Anguilla,2021-09-22,Standard,2316.91
8312,Kevin Hughes,jacquelineharris@example.com,Guinea-Bissau,2022-05-22,Standard,7547.65
8313,Nathan Medina,katiegonzales@example.net,Tokelau,2023-02-16,Premium,1341.10
8314,Andrew Dunn,johnsonamy@example.org,Chad,2024-09-08,Premium,2645.40
8315,Yesenia Moore,nicolerobinson@example.com,United States Virgin Islands,2025-11-10,Basic,8972.33
8316,Eric Ward,holtelizabeth@example.org,Dominican Republic,2024-09-30,Standard,4430.85
8317,Anthony Zavala,christopher68@example.org,Saint Martin,2023-02-28,Premium,1175.04
8318,Melissa Patterson,cookbarbara@example.com,Togo,2024-01-11,Standard,7156.53
8319,Manuel Wilkinson,charlesbrown@example.com,Ghana,2021-06-20,Standard,5224.32
8320,Cheryl Schneider,kelly55@example.com,Albania,2024-04-05,Standard,3357.01
8321,Brenda Robinson,meganandrews@example.com,South Georgia and the South Sandwich Islands,2023-08-03,Standard,4655.10
8322,Kenneth Booth,colemanperry@example.org,Cambodia,2020-10-15,Basic,6695.85
8323,Mark White,ericaprice@example.com,Saint Lucia,2024-12-10,Basic,3242.45
8324,Sophia Griffin,yallison@example.net,North Macedonia,2023-03-16,Standard,9750.84
8325,Valerie Thomas,psmith@example.net,Aruba,2025-11-15,Premium,8166.64
8326,Jessica Blevins,kglenn@example.com,Romania,2020-08-13,Basic,7411.22
8327,Michael Garcia,gabrielholder@example.com,Reunion,2022-04-26,Basic,5919.40
8328,Steven Sawyer,rpierce@example.com,Grenada,2023-05-06,Standard,2831.28
8329,Justin Hughes,nbarton@example.com,Turks and Caicos Islands,2025-06-10,Standard,1784.40
8330,Danielle Owens,kcrane@example.net,Bangladesh,2020-12-07,Standard,4149.01
8331,Dale Flynn,bdixon@example.net,Aruba,2025-06-03,Standard,9930.51
8332,Derrick Downs,patriciajones@example.com,French Southern Territories,2023-03-24,Standard,3820.19
8333,Michael Sanchez,davismichele@example.net,Western Sahara,2025-09-06,Premium,2316.06
8334,William Robinson,brewerjoseph@example.com,Suriname,2021-07-05,Basic,3454.10
8335,Tyler Lawson,williamsonashley@example.com,Indonesia,2024-12-08,Basic,3784.07
8336,Ms. Nancy Evans,vickimcconnell@example.org,United States of America,2020-03-02,Standard,9382.38
8337,Margaret Brady,kpalmer@example.org,Falkland Islands (Malvinas),2022-11-29,Basic,836.41
8338,Elizabeth Contreras,cynthiamckay@example.org,Gibraltar,2020-05-29,Standard,996.58
8339,Jason Anderson,jeffreyblack@example.com,Cayman Islands,2025-04-14,Standard,7677.06
8340,Carla Hansen,djohnson@example.org,Belgium,2025-01-20,Standard,4176.42
8341,Sheri Morales,rrichardson@example.org,Guernsey,2023-12-08,Basic,7503.24
8342,Timothy Norris,qjohnson@example.org,Cote d'Ivoire,2025-10-27,Standard,912.05
8343,David Delacruz,cflynn@example.org,Saudi Arabia,2020-05-15,Standard,5207.80
8344,Rodney Jimenez,taragraves@example.org,Northern Mariana Islands,2022-05-31,Standard,2001.37
8345,Holly Rodriguez,andrewlopez@example.net,Lesotho,2021-09-09,Basic,6346.43
8346,Tina Clark,fostershannon@example.com,Liechtenstein,2023-09-11,Basic,5220.40
8347,Mr. Jimmy Reed MD,janet17@example.org,Tanzania,2024-09-23,Basic,6180.43
8348,Alexis Alexander,arthur86@example.net,Christmas Island,2023-12-27,Standard,7578.24
8349,Rachel Frost,dwilson@example.org,Palestinian Territory,2022-12-14,Standard,9563.50
8350,Dennis Thompson,andrea25@example.com,Guernsey,2025-07-25,Premium,336.33
8351,Benjamin Kim,lisapetersen@example.com,Saudi Arabia,2022-01-30,Premium,7717.35
8352,Zachary Davenport,browncheryl@example.net,Papua New Guinea,2022-06-25,Basic,5991.30
8353,Jade Smith,amanda21@example.com,Western Sahara,2023-06-28,Standard,3993.58
8354,Rachel Hamilton,xkim@example.com,Thailand,2023-11-04,Standard,87.85
8355,Richard Lawrence,cvargas@example.com,Kyrgyz Republic,2022-12-05,Basic,7834.16
8356,Rick Gonzalez,ryanespinoza@example.net,Isle of Man,2022-03-26,Standard,5682.73
8357,Adam Ray,mblevins@example.net,Gabon,2025-08-16,Standard,5024.19
8358,Joseph Patterson,ginabryant@example.org,Micronesia,2021-01-10,Standard,4591.52
8359,Crystal Pitts,kellychristina@example.org,United States Minor Outlying Islands,2024-10-09,Standard,4862.28
8360,Jacob Alvarado,parcher@example.org,Cyprus,2024-07-06,Standard,8203.59
8361,Troy Mitchell,frank25@example.com,Burundi,2022-05-25,Premium,6445.61
8362,Kristy Carey,charles02@example.net,Myanmar,2023-09-07,Standard,810.12
8363,Brenda Hughes,robertharris@example.com,Albania,2021-10-15,Standard,997.65
8364,Mary Berg,phillipedwards@example.com,Montenegro,2024-10-24,Standard,4249.22
8365,Mitchell Taylor,kaylabradford@example.com,Moldova,2025-06-01,Standard,7671.75
8366,Megan Ramsey,lori95@example.net,Trinidad and Tobago,2025-09-15,Standard,4627.58
8367,Curtis Burton,samantha48@example.net,British Indian Ocean Territory (Chagos Archipelago),2020-08-15,Basic,1480.72
8368,Jason Clark,fclark@example.com,Trinidad and Tobago,2020-11-01,Basic,5403.81
8369,Andre Willis,alexanderdavis@example.org,Guinea-Bissau,2021-11-21,Standard,6142.04
8370,Nicholas Garza,toddmontgomery@example.net,Gambia,2024-02-20,Basic,4998.32
8371,Julia Graham,sheila35@example.org,Tajikistan,2023-07-28,Basic,4640.65
8372,Lori Lopez,steven16@example.com,Western Sahara,2022-08-11,Basic,5555.02
8373,Briana Garcia,lorettawright@example.com,Burkina Faso,2022-06-29,Standard,2669.73
8374,Rhonda Page,bradley98@example.org,Turkey,2022-04-05,Standard,1203.02
8375,William Solomon,qburke@example.com,Sierra Leone,2021-05-01,Premium,4359.13
8376,Tracy Nelson,marcusdonovan@example.net,Guam,2021-12-21,Basic,3242.83
8377,Robert Austin,james86@example.org,Oman,2022-09-11,Standard,4822.80
8378,Samantha Mcdonald,alex44@example.org,Saudi Arabia,2021-05-20,Basic,5720.85
8379,John Ramos,mcampbell@example.com,Belgium,2022-08-22,Standard,1487.85
8380,Shawn Tran,davidkevin@example.org,Germany,2023-01-27,Basic,4971.07
8381,Judy Freeman,turnerlisa@example.net,United Arab Emirates,2020-10-31,Premium,1722.98
8382,Gregory Vargas,gregorymiller@example.com,Western Sahara,2024-03-05,Standard,9095.25
8383,Juan Lawson,balljessica@example.com,Angola,2021-05-18,Standard,7220.08
8384,Diane Gross,mcphersonvalerie@example.net,Brunei Darussalam,2020-07-19,Standard,8470.92
8385,Roger Mendoza,johnsontimothy@example.net,Syrian Arab Republic,2025-04-09,Standard,9893.55
8386,Alyssa Olson,daniel21@example.net,Peru,2021-06-12,Standard,6879.08
8387,Jason White,oneilljennifer@example.com,Vietnam,2025-03-10,Basic,4008.16
8388,Lindsey Rodriguez,bobbymiller@example.com,Montenegro,2021-03-16,Standard,9778.99
8389,Theresa Cross,colliertyler@example.net,Seychelles,2022-06-17,Premium,4874.12
8390,Samantha Shelton,salazaranthony@example.com,Azerbaijan,2020-01-19,Standard,502.06
8391,Mr. James Parks,klinebrent@example.com,Tuvalu,2024-02-17,Basic,6059.56
8392,Nathan Crawford,nreeves@example.net,Botswana,2024-04-20,Standard,9314.05
8393,Lorraine Padilla MD,bryceflynn@example.org,Nauru,2023-12-15,Standard,3402.25
8394,Robert Rice,lori92@example.org,Botswana,2022-09-20,Standard,7915.79
8395,Denise Mcintyre,richardsjames@example.com,Guadeloupe,2023-09-30,Basic,8198.69
8396,Elizabeth Hutchinson,iananthony@example.org,Madagascar,2020-06-26,Premium,2820.07
8397,Jessica Bell,ddavis@example.org,Djibouti,2021-06-29,Premium,2605.36
8398,Ryan Campbell,victoria04@example.org,Guyana,2021-06-16,Basic,755.14
8399,Lindsay Ruiz,andrealester@example.com,Faroe Islands,2025-07-19,Basic,5689.04
8400,Tammy King,larsonbrandi@example.org,Iceland,2023-09-10,Standard,9840.11
8401,Mary Wilson,nbass@example.org,Zimbabwe,2024-06-23,Basic,2820.93
8402,Christopher Schwartz,josephwells@example.org,Panama,2022-05-20,Standard,2107.81
8403,Stephen Hernandez,franciscogonzalez@example.org,Japan,2024-11-12,Standard,3513.24
8404,Sharon Diaz,,Niue,2022-05-24,Premium,6629.71
8405,William Maddox,goodmanbrianna@example.org,Malta,2025-11-17,Standard,6706.61
8406,Jeremy Davis,cynthia67@example.net,Liberia,2025-09-02,Standard,8109.21
8407,Eric Phillips,francis21@example.org,Dominican Republic,2020-06-14,Basic,5982.07
8408,Kimberly Cox,austin87@example.com,Libyan Arab Jamahiriya,2023-10-15,Standard,2997.48
8409,Paul Smith,tball@example.org,Netherlands Antilles,2024-07-07,Basic,7247.61
8410,Angel Mcknight,danielcombs@example.org,Serbia,2020-10-30,Standard,3010.55
8411,Robert Carter,michael67@example.net,Heard Island and McDonald Islands,2025-02-08,Basic,9977.98
8412,Betty Gutierrez,clinemichael@example.org,Guinea,2021-06-17,Basic,9541.77
8413,Andrea Wong,xthomas@example.com,Cape Verde,2025-02-25,Standard,7060.71
8414,Dylan Howell,jameshenderson@example.net,Dominican Republic,2021-08-01,Basic,8434.46
8415,Kristine Gutierrez,rterry@example.com,Ecuador,2025-07-31,Standard,5647.12
8416,Tracey Carpenter,cathyguerra@example.net,San Marino,2021-12-31,Premium,9636.44
8417,Albert Herrera,oliviagreen@example.org,Honduras,2023-11-27,Premium,3118.06
8418,Mrs. Melanie Wright,bellchristopher@example.net,Malta,2025-10-03,Standard,5697.28
8419,Mr. Tyler Salas,wlittle@example.net,Liechtenstein,2025-01-24,Premium,9116.26
8420,Daniel Ramirez,christine56@example.org,Bosnia and Herzegovina,2023-03-19,Basic,7523.01
8421,Robert Torres,jamie50@example.com,Cote d'Ivoire,2021-01-29,Basic,8299.17
8422,Sandra Carlson,james82@example.net,Greece,2022-12-01,Basic,6919.18
8423,Katelyn Ortiz,lauramason@example.org,Azerbaijan,2020-07-14,Standard,2178.11
8424,Donald Gallagher,malonechristina@example.org,Romania,2025-01-19,Standard,6055.19
8425,Robin Parsons,robinsondavid@example.net,Uruguay,2023-06-09,Standard,7847.17
8426,Theresa Garcia,xfoster@example.org,Nicaragua,2022-05-18,Standard,9942.28
8427,William Long,kellyhebert@example.com,Sudan,2023-11-11,Standard,640.85
8428,Valerie Lyons,bensonronald@example.net,Senegal,2023-03-14,Basic,3617.33
8429,Kelly Campos,gregorypena@example.com,Zimbabwe,2023-07-26,Standard,7200.81
8430,Mr. Steven Taylor,hmyers@example.org,Bangladesh,2024-04-24,Standard,6537.19
8431,Derek Meyer,stafforddavid@example.com,Philippines,2023-10-07,Basic,2786.83
8432,Ryan Moore,daniellerussell@example.com,American Samoa,2025-12-04,Basic,4024.11
8433,Paul Brown,stevenbrandt@example.com,Lao People's Democratic Republic,2023-04-06,Premium,3102.72
8434,Julia Haney,krobinson@example.net,China,2024-01-02,Basic,5830.87
8435,James Pittman,gkim@example.net,Malawi,2021-05-21,Standard,3136.57
8436,Aaron Fields,catherinesoto@example.com,Dominica,2025-07-09,Premium,4165.98
8437,Elizabeth Brown,jeannewilson@example.org,Ukraine,2024-10-09,Standard,8902.43
8438,Jamie Ortiz,kunderwood@example.org,Bulgaria,2024-01-08,Standard,212.78
8439,Jennifer Brown,zbrown@example.net,Pitcairn Islands,2022-03-25,Standard,1991.98
8440,Michael Jenkins,zsalazar@example.com,Solomon Islands,2024-02-17,Basic,6101.93
8441,Ashley Patel,qbryant@example.com,Holy See (Vatican City State),2022-01-03,Basic,1012.59
8442,Kathleen Hall,douglas40@example.com,Wallis and Futuna,2022-05-28,Basic,6252.79
8443,Robert Brown,hernandezcandice@example.com,Taiwan,2022-03-29,Basic,5119.45
8444,Megan Lopez,christophersmith@example.net,Monaco,2024-02-25,Basic,7974.48
8445,Christopher Cooke,ritamiles@example.com,Moldova,2021-09-26,Standard,4145.83
8446,Lisa Anderson,omclaughlin@example.com,Latvia,2020-07-26,Premium,4351.82
8447,Catherine Robertson,porterchad@example.com,Poland,2024-04-25,Basic,9516.10
8448,Laura Lee,robertgeorge@example.org,Poland,2023-06-18,Standard,2554.03
8449,Mark Jones,johnsonsara@example.org,Taiwan,2020-10-13,Standard,7694.61
8450,Susan Ford,castanedajohn@example.com,Morocco,2024-03-28,Premium,1450.07
8451,Amy Silva,kelly01@example.com,Saint Pierre and Miquelon,2020-07-30,Premium,2466.88
8452,Samuel Cox,awilliams@example.net,Gabon,2023-06-25,Standard,7315.31
8453,Jeffrey Rangel,qwyatt@example.org,Brunei Darussalam,2021-03-24,Standard,4414.09
8454,William Rogers,joseph86@example.net,Grenada,2021-09-22,Premium,3702.10
8455,Patrick Kelley,randy68@example.com,Croatia,2024-07-09,Standard,2920.87
8456,Jennifer Miller,younglindsay@example.com,Andorra,2024-11-26,Premium,9289.36
8457,Vanessa Murillo,william06@example.net,Armenia,2023-07-06,Basic,1123.45
8458,Travis Pace,thorntonkathryn@example.org,Kiribati,2024-01-29,Premium,8213.85
8459,Daniel Barber,vbarnes@example.org,Moldova,2022-09-29,Standard,3962.68
8460,Mitchell Kerr,richardsstephanie@example.org,Taiwan,2024-06-07,Basic,4945.34
8461,Steven Perry,robinsonjennifer@example.com,North Macedonia,2021-03-19,Basic,5605.65
8462,Kevin Cummings,andrew67@example.com,Haiti,2022-04-28,Standard,51.67
8463,Jordan Davis,emily63@example.net,Micronesia,2021-01-22,Standard,2659.18
8464,Isabella Mckee,amandaray@example.org,Norfolk Island,2025-04-07,Standard,9311.23
8465,Christopher Mccall,kristendavis@example.net,Congo,2022-10-19,Standard,1981.76
8466,John Williams,williamnovak@example.org,Belgium,2024-02-22,Basic,2728.76
8467,Jennifer Smith,katherine68@example.net,Tokelau,2021-02-08,Basic,7671.12
8468,Daniel Mitchell,bpayne@example.org,Sierra Leone,2024-11-29,Premium,6117.59
8469,Jessica Martin,williamspamela@example.org,San Marino,2021-10-25,Standard,2758.38
8470,Sherry Smith,colemanlisa@example.org,Mexico,2023-08-12,Standard,9979.61
8471,Noah Hull,rvelasquez@example.org,Argentina,2022-05-01,Standard,49.81
8472,Jonathan Moore,fjenkins@example.org,Argentina,2023-08-13,Basic,7326.48
8473,Roy Acevedo,fmoore@example.net,Oman,2024-08-21,Basic,1068.80
8474,Courtney Price,jfranklin@example.com,Kuwait,2020-03-30,Standard,8397.21
8475,Joshua Trujillo,stephanie74@example.net,Malta,2023-07-12,Premium,789.67
8476,Kyle Miller,idelgado@example.org,Cambodia,2024-03-16,Standard,7343.07
8477,Suzanne Poole,vfox@example.org,China,2020-01-15,Basic,2862.05
8478,Austin Wilson,rolsen@example.com,Mozambique,2022-01-27,Basic,1263.91
8479,Stephanie Ferguson,huangmorgan@example.com,Tajikistan,2021-06-05,Standard,1360.07
8480,Barbara Robbins,klong@example.org,Ukraine,2024-10-06,Standard,4160.56
8481,Patricia Mclean,mike48@example.com,Canada,2022-09-27,Standard,6142.13
8482,Anthony Freeman,tanya83@example.com,Tuvalu,2024-04-30,Standard,6360.23
8483,Joan Hendricks,williambraun@example.com,Norway,2020-01-25,Premium,5408.45
8484,Glen Ford,wallerjeffrey@example.org,Egypt,2024-06-13,Premium,1516.46
8485,William Le,jenniferbird@example.org,Romania,2025-01-10,Basic,1980.96
8486,Amy Gray,kristen41@example.net,Burundi,2021-03-22,Premium,6316.87
8487,Dr. Dale Sherman,lesterashley@example.org,Grenada,2024-10-11,Standard,6864.58
8488,Carol Williams,tvaughn@example.org,Azerbaijan,2024-07-26,Standard,9786.04
8489,Luke Montoya,carl62@example.net,Luxembourg,2022-01-04,Basic,3965.11
8490,Rhonda Garcia,wendysmith@example.com,Mexico,2021-08-19,Standard,8251.24
8491,Nicholas Williams,amywhite@example.org,Sri Lanka,2025-11-04,Standard,5813.41
8492,Kimberly Thomas,erios@example.com,Iceland,2023-05-18,Premium,9162.31
8493,Ashley Vargas,alyssa83@example.org,Dominican Republic,2023-10-04,Premium,3704.57
8494,David Contreras,cordovajennifer@example.net,Djibouti,2020-05-05,Basic,7638.94
8495,Jonathon Gonzalez,duncanmichael@example.net,Norfolk Island,2024-05-21,Basic,6058.25
8496,Danielle Dixon,zcox@example.org,Uruguay,2024-06-27,Standard,2632.80
8497,Cynthia Montgomery,nicolestokes@example.net,Iraq,2024-12-09,Basic,5900.75
8498,Brandy Juarez,summerlong@example.org,Austria,2021-12-08,Standard,1408.99
8499,Penny Hall,sarahburns@example.org,Bermuda,2020-03-29,Standard,907.50
8500,Tiffany Hoffman,ashleylee@example.com,Austria,2020-03-28,Standard,1330.76
8501,Luke Schneider,boyerjason@example.com,Namibia,2020-01-17,Standard,7354.89
8502,Christopher Baldwin,yolandataylor@example.net,Kazakhstan,2025-10-25,Standard,9511.47
8503,Shawn Ramsey,joshua65@example.org,Azerbaijan,2021-07-17,Basic,1453.49
8504,Dana Rangel,johnathansimpson@example.net,Slovakia (Slovak Republic),2021-11-13,Standard,2263.39
8505,Mark Olsen,bradyjennifer@example.com,Vietnam,2022-05-10,Basic,5044.95
8506,Robin Taylor,alvaradojennifer@example.net,Lesotho,2020-11-06,Standard,3872.93
8507,Stanley Park,powellkevin@example.net,Austria,2025-10-09,Basic,616.11
8508,Kayla Brown,jenniferwebster@example.org,Saint Vincent and the Grenadines,2021-08-12,Premium,2432.63
8509,Donald Butler,wtravis@example.com,Bangladesh,2021-09-18,Premium,8051.59
8510,Diana Barajas,jensenmercedes@example.net,Angola,2023-02-21,Standard,3910.85
8511,David Clark,wbeasley@example.com,Falkland Islands (Malvinas),2025-07-04,Standard,8033.99
8512,Crystal Brown,webbtheresa@example.org,American Samoa,2023-07-14,Standard,5204.45
8513,Angela Porter,aestrada@example.net,Hungary,2021-11-04,Premium,7280.85
8514,Jennifer Fleming,johnnyowens@example.org,Jamaica,2025-12-12,Standard,4574.58
8515,Joshua Holmes,samuelnguyen@example.net,Djibouti,2022-02-13,Premium,1532.75
8516,Ashley George,ggomez@example.com,Greece,2023-08-13,Basic,1545.94
8517,Steven Johnson,nguyenkathryn@example.net,Philippines,2020-10-11,Standard,7256.19
8518,Dennis Perez,dylanbutler@example.org,Suriname,2023-08-23,Basic,1793.14
8519,Heather Bell,berglaura@example.com,China,2022-02-22,Premium,2181.15
8520,Ethan Sanchez,guerreromaria@example.com,Vietnam,2025-12-18,Standard,2697.44
8521,Joshua Anderson,davissteven@example.org,Bouvet Island (Bouvetoya),2024-09-21,Standard,200.62
8522,Michelle Arias,woodlisa@example.net,Swaziland,2022-11-23,Standard,1902.58
8523,Hunter Perry PhD,sergiodaniel@example.com,Finland,2023-10-01,Basic,9418.93
8524,Deborah Shields,amber26@example.com,American Samoa,2023-06-30,Standard,6277.18
8525,Jessica Schmidt,monica47@example.com,Paraguay,2025-04-26,Standard,2.89
8526,Emily Fernandez MD,singletonalexander@example.org,Iraq,2022-04-26,Standard,6811.07
8527,Jesus Gray,cheryl41@example.org,Turkey,2021-08-31,Premium,2660.26
8528,Morgan Sutton,tuckerdavid@example.org,Japan,2020-07-11,Premium,6298.18
8529,Juan Garrison,harveyshannon@example.org,Nicaragua,2022-11-26,Standard,2485.26
8530,Melissa Lamb,gsteele@example.com,Cambodia,2020-12-18,Standard,9875.20
8531,Bradley Navarro,operry@example.org,Saint Helena,2025-01-08,Standard,9987.55
8532,Laura Williams,russelljacqueline@example.net,Northern Mariana Islands,2021-02-08,Standard,2020.28
8533,Anna Medina,jacqueline42@example.com,Montserrat,2021-04-30,Basic,4653.13
8534,Christian Francis,nashandrew@example.com,Puerto Rico,2022-12-20,Standard,5413.15
8535,Alicia Vega,grantbailey@example.com,Nepal,2022-10-31,Premium,7172.84
8536,Natalie Green,ellismichael@example.com,Russian Federation,2023-06-23,Premium,648.05
8537,Vanessa Davis,baileydonald@example.org,Guam,2025-02-04,Premium,8865.76
8538,Adrian Nelson,wilsonpaul@example.org,American Samoa,2020-12-22,Basic,6638.55
8539,Tina Heath,lori67@example.com,Belgium,2021-08-17,Standard,8304.80
8540,Denise Shelton,gaustin@example.org,Belgium,2020-09-25,Standard,5129.93
8541,John Lewis,lspears@example.net,Tokelau,2024-09-07,Standard,98.49
8542,Dr. Rachel Reyes,marshallmike@example.org,Italy,2022-02-11,Basic,6859.20
8543,Catherine Hart MD,vsanders@example.com,Hong Kong,2021-08-12,Standard,6458.26
8544,Luke Gordon Jr.,patricia17@example.net,Wallis and Futuna,2021-07-06,Premium,8979.40
8545,Latasha Nicholson,vrush@example.net,Hungary,2024-02-21,Standard,2944.60
8546,Brett Barton,hurstbrian@example.net,Tanzania,2023-11-08,Standard,1862.83
8547,Justin Bowen,dylanpope@example.com,Solomon Islands,2021-03-25,Premium,6676.67
8548,Jacqueline Jones,wdennis@example.org,Ukraine,2020-05-22,Premium,8160.07
8549,Mark Gibson,ahernandez@example.org,Ukraine,2024-09-18,Premium,8353.57
8550,Angela Giles DDS,davisrobert@example.com,Nepal,2023-11-22,Standard,3151.63
8551,Brian Clark,cody13@example.net,Peru,2022-03-27,Premium,3354.70
8552,David Walker,jamesrodriguez@example.com,Armenia,2022-01-12,Basic,2780.25
8553,Barbara Rodriguez,ugutierrez@example.com,Hong Kong,2023-12-21,Basic,8237.29
8554,Nicholas Smith,joshua92@example.com,Benin,2020-12-26,Standard,1604.27
8555,Courtney Smith,thomasbridges@example.net,Norfolk Island,2021-06-19,Standard,5809.37
8556,Tyler Ortiz,gwendolyn00@example.net,Latvia,2024-04-16,Premium,8561.60
8557,Amy Nelson,traceycruz@example.org,Singapore,2022-09-16,Premium,6526.95
8558,Matthew Richards,rodriguezeric@example.org,Congo,2020-02-15,Premium,810.74
8559,Christopher Hardy,mwise@example.org,New Zealand,2024-02-08,Basic,3709.82
8560,Jeremy Mann MD,jamesgarcia@example.net,Guadeloupe,2020-03-14,Basic,3576.00
8561,Kara Stanton,vwilliams@example.net,Burkina Faso,2020-01-30,Standard,2126.87
8562,Thomas Cole,krobinson@example.net,Uruguay,2020-01-18,Basic,8172.98
8563,Dr. Laurie Cobb DVM,nicoletate@example.net,Cape Verde,2022-06-26,Basic,8320.21
8564,Cameron Martinez,brian25@example.org,Andorra,2020-01-11,Standard,8511.93
8565,John Thompson,sandersdonald@example.com,Myanmar,2021-01-23,Standard,7030.10
8566,Cheryl Guzman,charles15@example.org,Antarctica (the territory South of 60 deg S),2021-06-22,Standard,3176.44
8567,Jacob Meyer,jeffrey71@example.net,Mauritius,2020-07-23,Basic,3251.93
8568,Mary Howard,rjordan@example.net,Mauritius,2022-11-05,Basic,1022.29
8569,Laura Quinn,bponce@example.com,United Kingdom,2020-05-12,Basic,253.41
8570,Heather Garrett,frankmorgan@example.com,Namibia,2024-05-30,Standard,3642.46
8571,Karen Beasley,ogarza@example.org,Montserrat,2021-09-12,Standard,5717.23
8572,Betty Michael,kenneth13@example.org,Libyan Arab Jamahiriya,2021-04-24,Basic,7396.23
8573,Kent Myers,lbaxter@example.net,Romania,2023-08-29,Basic,1482.32
8574,Anna Hopkins,amy03@example.com,Kyrgyz Republic,2024-06-28,Standard,4718.83
8575,Antonio Cooper MD,sarahbowman@example.com,Czech Republic,2025-10-08,Standard,710.95
8576,Roberto Faulkner,cunninghamjoshua@example.org,Vanuatu,2024-01-05,Basic,1927.73
8577,Emily Petersen,william05@example.net,Uruguay,2022-10-13,Basic,6255.34
8578,Jasmine Hendricks,haydencathy@example.com,Benin,2025-09-13,Standard,697.03
8579,Timothy Oliver,edward46@example.net,Congo,2023-05-30,Basic,8101.20
8580,William James,adamschultz@example.com,Bouvet Island (Bouvetoya),2024-01-26,Basic,3246.03
8581,Richard Moore,zmason@example.org,Kuwait,2024-01-28,Standard,6043.16
8582,Joseph Strickland,jonestracy@example.com,Macao,2022-07-16,Premium,4744.93
8583,Ricky Proctor,stantonmark@example.org,France,2023-02-14,Standard,5093.39
8584,Nathaniel Miller,ellisjennifer@example.com,Turkmenistan,2022-07-16,Basic,9747.91
8585,Steven Craig,grossgabriel@example.net,India,2025-08-26,Basic,917.75
8586,Jimmy Cervantes,aclark@example.com,Montserrat,2021-07-01,Basic,8692.31
8587,Jordan Novak,stevensonedward@example.com,Montserrat,2024-05-23,Basic,5763.66
8588,Carl Brown,elizabeth52@example.net,Faroe Islands,2021-07-26,Standard,8218.16
8589,Michael Garcia,gmayer@example.org,Sao Tome and Principe,2020-05-20,Basic,7980.92
8590,Mrs. Elizabeth King MD,alyssa57@example.net,Congo,2020-06-01,Premium,1749.73
8591,Mark Reeves,jennifermyers@example.net,Israel,2021-09-26,Premium,378.49
8592,Brian Kelly,carlneal@example.org,Philippines,2022-11-22,Standard,3299.10
8593,Scott Trevino,yboyd@example.com,Singapore,2022-09-17,Standard,9526.52
8594,Lisa Miller,amanda44@example.com,Antarctica (the territory South of 60 deg S),2024-06-11,Standard,6421.75
8595,Emily Patton,ericakelley@example.net,Mayotte,2024-12-03,Standard,3445.89
8596,Michael Torres,hectorperry@example.org,Jersey,2025-11-03,Standard,2547.19
8597,Megan Harris,wilsonbenjamin@example.org,Antigua and Barbuda,2021-03-15,Basic,8733.85
8598,Christopher Gomez,coxlisa@example.net,Antarctica (the territory South of 60 deg S),2022-02-25,Basic,6346.14
8599,Erica Robinson,lisabanks@example.org,Mozambique,2021-07-11,Standard,2791.19
8600,Christopher Murray,njones@example.com,Kiribati,2025-02-18,Standard,4848.56
8601,Bruce Fernandez,maldonadoadrienne@example.net,Sri Lanka,2025-06-04,Premium,7857.44
8602,Sara Andrews,william32@example.net,Tajikistan,2020-09-15,Standard,498.78
8603,Christian Bolton,gentrykatie@example.net,Tajikistan,2025-08-10,Standard,2237.96
8604,Tammy Roberson,melissaowens@example.net,Singapore,2020-01-07,Premium,6809.59
8605,Joshua Chen,jeffreyvargas@example.com,Cocos (Keeling) Islands,2025-10-28,Premium,4871.35
8606,Kristin Jones,fsuarez@example.com,Cook Islands,2025-12-23,Basic,6874.29
8607,Christopher Williams,katierodriguez@example.net,Albania,2025-09-16,Standard,3865.13
8608,William Clark,lisa36@example.org,Chad,2021-06-17,Standard,4967.17
8609,Allison Mcintosh,sabrinalang@example.net,Egypt,2020-01-17,Standard,4702.53
8610,Amanda Long,dwebster@example.com,Argentina,2021-07-28,Premium,8043.78
8611,Julia Atkins,jmccarthy@example.net,Antigua and Barbuda,2025-08-09,Standard,2338.64
8612,Christine Spencer,cruzkaitlyn@example.net,Sierra Leone,2022-04-09,Standard,6681.68
8613,Mariah Williams,belindalee@example.net,Cote d'Ivoire,2024-08-18,Standard,2905.00
8614,Kelly Boyer,mary11@example.net,Slovenia,2025-01-30,Standard,1387.35
8615,Courtney Foster,bateswilliam@example.org,British Virgin Islands,2020-06-13,Standard,2711.39
8616,Julia Johnson,sharpruben@example.org,Costa Rica,2020-09-23,Standard,461.57
8617,Rodney Sanchez,kristinamcgee@example.org,Israel,2024-05-05,Basic,9547.86
8618,Kaitlyn Martin,jbenton@example.com,Indonesia,2024-12-29,Standard,5217.00
8619,Preston Stevens,jonesvicki@example.com,United Arab Emirates,2023-06-26,Standard,2555.10
8620,Laura Taylor,kristinafoster@example.org,Luxembourg,2021-07-09,Standard,3090.94
8621,Angela Lopez,cranealicia@example.com,South Africa,2023-03-17,Standard,92.23
8622,Samuel Holland,scotttina@example.org,South Georgia and the South Sandwich Islands,2025-03-20,Basic,7441.60
8623,Debbie Arellano,kennethreid@example.com,Saudi Arabia,2022-05-23,Standard,2504.18
8624,Crystal Aguilar,cschultz@example.net,Bahrain,2025-09-27,Basic,1358.28
8625,Walter Serrano,emurphy@example.org,Poland,2020-12-19,Basic,5608.66
8626,Kathleen Cherry,rogersdean@example.org,Northern Mariana Islands,2023-06-29,Basic,1362.63
8627,Charles Thompson,johnsonjeanette@example.org,Lebanon,2022-08-21,Basic,2904.72
8628,Samantha Green,jennifer68@example.org,Guam,2023-11-22,Standard,8364.10
8629,Ashley Williams,michelehiggins@example.net,Portugal,2021-09-03,Standard,1099.60
8630,Cindy Smith,mark78@example.org,Sri Lanka,2024-04-02,Standard,2596.14
8631,Elijah Nguyen,juan82@example.com,Isle of Man,2020-12-12,Basic,9551.80
8632,Emily Nelson,brandonphillips@example.net,Cote d'Ivoire,2021-10-30,Basic,4521.13
8633,Brian Payne,price@example.org,Ukraine,2022-10-14,Standard,4755.67
8634,Richard Bowman,brianjohnson@example.org,India,2022-01-24,Basic,3608.07
8635,Jordan Cantrell,tuckeramy@example.net,Paraguay,2023-11-09,Standard,7288.96
8636,Megan Hunt,patricia66@example.com,Mali,2024-03-20,Standard,4628.10
8637,Caleb Chen,xcooper@example.net,Eritrea,2021-06-02,Basic,8960.18
8638,Jamie Doyle,pittmandarren@example.org,Malawi,2021-08-10,Standard,1389.19
8639,Elizabeth Shepard,christopherholland@example.net,Latvia,2022-11-29,Standard,2182.40
8640,Lauren Jones,thomaschristopher@example.com,Sierra Leone,2021-03-01,Standard,1441.89
8641,Christopher Hart,vdavis@example.com,Cape Verde,2021-11-15,Standard,5639.20
8642,Rachel Morse,pbaker@example.org,Nicaragua,2024-03-28,Basic,6543.40
8643,Daniel Andrews,alvareztimothy@example.org,Wallis and Futuna,2023-08-17,Basic,2055.27
8644,Joseph Santana,lwang@example.net,Rwanda,2022-07-27,Basic,5853.23
8645,Diana Holmes,boyermichelle@example.com,Cape Verde,2021-02-28,Premium,5624.85
8646,Luke Johnston,ryan86@example.com,Bolivia,2024-11-17,Standard,8360.83
8647,Marie Sampson,noblemichael@example.net,Thailand,2020-08-03,Standard,6673.02
8648,Rebecca Anderson,salazarjason@example.com,Armenia,2020-11-10,Basic,9687.55
8649,Kristina Vaughn,tjohns@example.org,Peru,2025-03-09,Premium,3201.15
8650,Caleb Adams,stephanie85@example.net,Papua New Guinea,2025-08-12,Basic,2876.30
8651,Ann Hill,richardlee@example.com,Tonga,2024-04-15,Basic,4815.92
8652,Patrick Bullock,jenniferhoward@example.org,Ukraine,2025-10-16,Premium,8268.96
8653,Michael Lewis,lanebrittany@example.com,Luxembourg,2024-01-25,Standard,4919.32
8654,Mark Smith,turnerjoseph@example.net,Timor-Leste,2021-08-01,Standard,1145.29
8655,Yvette Ross,anna30@example.net,Nauru,2022-04-16,Basic,7810.55
8656,Miss Andrea Grant,brendasmith@example.net,Norfolk Island,2021-05-29,Premium,6142.21
8657,John Chang,huertajose@example.net,Bosnia and Herzegovina,2022-02-01,Standard,4672.11
8658,Michael Bullock,torreshaley@example.org,Paraguay,2021-06-20,Basic,2260.08
8659,John Smith,gregory26@example.com,Mauritius,2022-11-14,Premium,675.52
8660,Brittany Rose,carrilloandrew@example.net,North Macedonia,2024-05-24,Premium,2273.80
8661,Anthony Parker,hpena@example.com,Tunisia,2025-11-01,Premium,4870.48
8662,Julia Allen,christineharmon@example.com,Sri Lanka,2023-05-22,Premium,6714.72
8663,David Oconnor,scott81@example.org,San Marino,2025-09-23,Standard,3875.71
8664,Melissa Cox,stoneamber@example.org,Libyan Arab Jamahiriya,2023-05-09,Basic,9017.27
8665,Margaret Warren,goliver@example.net,Iran,2020-05-30,Standard,6235.87
8666,Maria Holloway,thomas86@example.com,Sweden,2023-07-09,Premium,792.44
8667,John Lamb,martinezjohn@example.org,Lesotho,2021-05-04,Premium,3617.43
8668,Hayden Jennings,brittany34@example.org,Isle of Man,2025-12-21,Standard,1549.67
8669,Benjamin Wagner,sierramoody@example.com,Poland,2020-07-08,Premium,5792.80
8670,Nancy Miller,renee11@example.net,Botswana,2020-01-26,Basic,8851.03
8671,Dale Clayton,brownmatthew@example.net,Heard Island and McDonald Islands,2022-06-18,Basic,3656.20
8672,Derek Obrien,joneskelly@example.net,Saudi Arabia,2025-11-27,Basic,7766.39
8673,Darrell Cuevas,alexandersimon@example.org,India,2023-07-15,Basic,6495.58
8674,Mitchell Gilbert,darrell88@example.org,New Zealand,2020-12-29,Basic,5935.06
8675,Jason Singh,romerocalvin@example.net,Niue,2024-08-17,Standard,4661.23
8676,Chelsea Webster,lopezchristina@example.org,Angola,2020-10-27,Standard,5733.76
8677,Christina Moyer,ypearson@example.org,Saint Kitts and Nevis,2021-12-21,Standard,1546.51
8678,Monique Rollins,cheryl03@example.com,Kazakhstan,2020-05-06,Premium,9549.61
8679,Melanie Mahoney,thomas13@example.org,Armenia,2022-07-07,Standard,8626.21
8680,David Taylor,chrisgarcia@example.org,Liberia,2021-01-06,Standard,64.65
8681,Phillip Mccoy,medinaangela@example.org,Denmark,2021-02-11,Standard,6911.02
8682,Diane Branch,steven50@example.com,Cocos (Keeling) Islands,2023-04-18,Standard,9197.01
8683,Arthur Flores,ritaaguirre@example.com,Namibia,2023-06-12,Standard,8533.10
8684,Nicholas Osborne,brenda61@example.net,Guyana,2023-02-07,Standard,1068.39
8685,Ashley Moon,dawnschwartz@example.net,Swaziland,2021-11-27,Standard,8597.10
8686,Cindy Hayden,denisewheeler@example.com,Uruguay,2024-05-07,Basic,2740.27
8687,Robert Arias DVM,reneeyoung@example.org,Croatia,2023-09-10,Standard,3176.32
8688,Jonathan Black,yferguson@example.net,Lao People's Democratic Republic,2022-11-18,Basic,2134.75
8689,Felicia Chan,ohoover@example.com,French Polynesia,2024-03-09,Standard,8024.57
8690,Sophia Odonnell,jackrivera@example.net,Tajikistan,2021-04-12,Premium,2785.62
8691,Michael Williams,rodriguezwilliam@example.com,Falkland Islands (Malvinas),2024-06-03,Premium,2319.51
8692,Shelley Wall,contrerasjennifer@example.org,Niger,2025-04-05,Standard,7912.80
8693,Kelsey Pierce,cindymalone@example.com,Yemen,2020-02-22,Basic,1439.43
8694,Jimmy Gibbs,zmason@example.org,Antigua and Barbuda,2024-03-31,Premium,5297.27
8695,Bradley Reed,elliottchristopher@example.net,Estonia,2025-09-10,Basic,1150.40
8696,Collin Cervantes,kyle20@example.com,Saint Lucia,2022-07-07,Standard,200.76
8697,Ellen Hunter,jason03@example.com,French Southern Territories,2022-02-13,Basic,201.03
8698,Alejandro Fuller,avaughan@example.net,Antigua and Barbuda,2022-10-31,Standard,7520.13
8699,Marcus Garza,christopher85@example.org,Saudi Arabia,2024-09-10,Basic,5562.45
8700,Steven Greene,zrich@example.net,Senegal,2025-08-19,Standard,1057.22
8701,Scott Watson,njones@example.net,Belgium,2020-08-26,Standard,9175.23
8702,Susan Krueger,yhart@example.org,Bouvet Island (Bouvetoya),2023-11-25,Standard,2495.97
8703,Vincent Gregory,charlotte42@example.com,Cameroon,2020-04-27,Premium,3739.08
8704,Brian Frazier,jnunez@example.com,Netherlands Antilles,2024-06-05,Standard,5944.99
8705,Anthony Boyer,matthewmccarthy@example.com,Kenya,2024-05-04,Premium,9088.11
8706,Leslie Jenkins,tinaferrell@example.com,Taiwan,2025-01-09,Standard,6208.39
8707,Jason Wilson,jessicaprice@example.net,Greenland,2023-10-21,Basic,6862.39
8708,Noah Salazar,isaacjones@example.com,Mali,2021-11-09,Standard,8128.67
8709,Harold Williams,victor79@example.com,Iceland,2020-08-11,Premium,720.29
8710,Michael Clay,rodriguezerika@example.org,Syrian Arab Republic,2020-10-03,Standard,9086.23
8711,Amy Larsen,banksjames@example.net,Luxembourg,2024-10-01,Premium,3833.58
8712,Courtney Gray,amy56@example.org,Hong Kong,2024-11-01,Standard,4434.18
8713,Andrew Boyd,crystaljones@example.org,Northern Mariana Islands,2023-04-12,Standard,158.14
8714,Michael Neal,jeremybrooks@example.com,Singapore,2023-04-01,Standard,3077.56
8715,Kelly Reid,mholland@example.org,Spain,2020-10-15,Premium,3692.11
8716,Julie Adams,trevinolaura@example.org,Cambodia,2021-02-14,Premium,9134.18
8717,Kelly Benton,danielsanchez@example.org,Papua New Guinea,2024-05-28,Standard,4982.25
8718,Alicia Sparks,bfuller@example.net,Morocco,2024-09-15,Standard,7950.05
8719,Charles Wiggins,hillwyatt@example.com,Malaysia,2021-08-03,Premium,225.48
8720,Cory Alvarez,tammy47@example.net,Bouvet Island (Bouvetoya),2025-09-17,Standard,323.34
8721,Laura Bryant MD,ruthbeard@example.org,Saudi Arabia,2021-01-11,Basic,4979.40
8722,Russell Hughes,hrhodes@example.net,Egypt,2024-07-10,Premium,7570.33
8723,Aaron Lopez PhD,luke49@example.com,Canada,2021-06-05,Standard,7260.09
8724,Edwin Cooper,conleyanthony@example.org,Angola,2020-01-29,Standard,3925.89
8725,Joseph Daniels,nelsonmary@example.net,Timor-Leste,2024-12-20,Standard,786.05
8726,Timothy Edwards,dscott@example.com,Australia,2022-09-18,Basic,9491.59
8727,John Lowe,gregoryrush@example.com,Croatia,2025-11-14,Standard,4594.11
8728,Sabrina Rodriguez,davisbonnie@example.net,Burundi,2023-11-29,Standard,4601.96
8729,Elizabeth Ruiz,kpugh@example.net,Svalbard & Jan Mayen Islands,2025-02-28,Premium,8690.35
8730,Michael Miller,uroberts@example.net,Sri Lanka,2023-01-04,Standard,9152.79
8731,Cynthia Valencia,yhubbard@example.org,Mauritius,2022-08-23,Standard,8566.42
8732,Taylor Chavez,morrissara@example.org,Kiribati,2025-08-06,Standard,3600.94
8733,Ronald Moreno,mscott@example.com,Somalia,2022-11-15,Standard,3770.23
8734,Kelli Wiggins,wilsoncandice@example.com,Grenada,2023-05-16,Basic,8556.81
8735,Megan Ball,joshua84@example.com,Yemen,2021-11-20,Premium,1936.95
8736,Rebecca Wilson,heatherwalker@example.net,Bangladesh,2023-06-04,Standard,4628.34
8737,Joshua Clark,christopher87@example.net,Cocos (Keeling) Islands,2020-12-12,Standard,7488.95
8738,Devin Scott,lindsey33@example.net,Norfolk Island,2025-03-29,Basic,116.88
8739,Jonathan Todd,brendadavis@example.org,Nepal,2021-01-02,Premium,9118.51
8740,Aaron Hopkins,michael10@example.com,Western Sahara,2023-06-05,Standard,522.58
8741,Benjamin Mccoy,tinakelley@example.com,Turkey,2023-04-10,Standard,730.26
8742,Jennifer Gomez,ppratt@example.org,Madagascar,2020-11-16,Basic,7984.62
8743,Ronnie Curry,gina82@example.net,Svalbard & Jan Mayen Islands,2023-01-20,Standard,5357.32
8744,Claire Richardson,millermary@example.com,South Georgia and the South Sandwich Islands,2022-10-27,Basic,3098.90
8745,Megan Tate,carlsonhenry@example.com,Christmas Island,2024-01-16,Standard,2825.90
8746,Mr. Thomas Fritz MD,youngcharlotte@example.org,Romania,2024-07-22,Basic,35.71
8747,John Maldonado,ecrawford@example.org,Luxembourg,2021-06-10,Premium,7555.59
8748,Amanda Price,kristinejohnson@example.com,Tanzania,2022-12-28,Premium,3059.06
8749,Charles Nguyen,imiller@example.net,San Marino,2022-04-07,Standard,9926.89
8750,Karen Cook,marklang@example.net,Iceland,2025-06-27,Premium,6901.47
8751,Raymond Reynolds,jameshooper@example.org,Aruba,2020-08-30,Basic,4222.59
8752,David Mays,mcgeebeth@example.com,Russian Federation,2024-01-15,Standard,7416.19
8753,Susan Larsen DDS,joshuanovak@example.com,Lebanon,2024-05-19,Standard,2062.35
8754,Erin Quinn,reginald96@example.org,Japan,2024-04-14,Standard,1033.97
8755,Jennifer Gonzalez,kayla54@example.com,Greece,2021-10-16,Standard,285.04
8756,Lisa Edwards,christymartinez@example.net,Bahrain,2022-08-22,Standard,6048.49
8757,Holly May,iholmes@example.com,Thailand,2024-07-17,Basic,9580.35
8758,Kenneth Brown,hayesronald@example.com,China,2024-07-19,Premium,7785.03
8759,Justin Walker,donna73@example.net,Lao People's Democratic Republic,2023-06-08,Standard,5957.33
8760,Xavier Kramer,thomas67@example.com,Hungary,2021-04-28,Basic,2405.01
8761,Eric Mcclure,zjohnson@example.com,French Guiana,2024-05-27,Standard,2252.66
8762,Stephanie Davis,sheila05@example.org,Croatia,2024-07-06,Standard,5679.17
8763,Brandon Nelson,john96@example.com,Iceland,2020-06-19,Premium,9278.33
8764,Donald Hernandez,nelsontony@example.net,Indonesia,2023-02-19,Standard,4123.55
8765,Kenneth Rivera,anelson@example.net,United States of America,2021-08-27,Premium,9951.90
8766,Brian Gonzalez MD,patrickmoreno@example.com,Burundi,2021-04-18,Basic,3561.24
8767,Abigail Acosta,vgarcia@example.net,Maldives,2021-03-25,Standard,428.94
8768,Joann Vazquez,davisjennifer@example.org,Guadeloupe,2022-12-11,Premium,9360.06
8769,Zachary Davila,bglover@example.com,France,2020-06-06,Basic,4928.71
8770,Amber Pineda,gbailey@example.net,Samoa,2022-03-01,Premium,9184.59
8771,Roberto Mccall,vazquezbrittany@example.com,Chile,2023-10-11,Standard,2642.52
8772,Leslie Harrell,lwade@example.com,South Africa,2022-02-03,Basic,6290.35
8773,Anthony Marks,jmoyer@example.net,Iraq,2025-01-04,Basic,3362.52
8774,Donna Salas,frederick69@example.net,Equatorial Guinea,2025-09-22,Basic,4824.58
8775,Jillian Taylor,julie16@example.org,Costa Rica,2021-09-23,Standard,7320.96
8776,Jeffrey Collier,hurleykimberly@example.net,Congo,2024-03-03,Standard,5776.09
8777,Luke Wilson,boydrandy@example.com,Togo,2023-01-17,Standard,245.85
8778,Mark Martinez,andrewrollins@example.net,Kiribati,2022-03-03,Standard,830.58
8779,Lauren Ferguson,kcurry@example.org,Norfolk Island,2024-04-29,Basic,8552.25
8780,Brittany Rodriguez,noblekevin@example.net,Sri Lanka,2024-08-06,Basic,5521.26
8781,Crystal Bell,gmendoza@example.com,Netherlands,2025-03-18,Basic,659.46
8782,Alison Henry,stephaniewhite@example.com,Saudi Arabia,2023-01-03,Premium,6612.76
8783,David Davis,diana86@example.com,Nigeria,2022-08-22,Basic,7343.92
8784,Mason Benson,benjaminlong@example.com,Netherlands Antilles,2022-12-03,Standard,6903.59
8785,Corey Salinas,nmanning@example.com,Papua New Guinea,2025-06-06,Standard,9694.18
8786,Allen Mccormick,huffmandiane@example.net,United Kingdom,2023-05-11,Premium,1110.00
8787,Stacey Roberts,wilsonnicole@example.org,Australia,2023-10-02,Standard,9489.59
8788,Bridget King,masonsophia@example.net,Iceland,2024-03-03,Premium,9600.05
8789,Beth Cruz,johnflowers@example.net,North Macedonia,2022-10-12,Standard,7968.88
8790,Natalie Browning,perezscott@example.net,Nicaragua,2024-11-15,Standard,2016.06
8791,Dawn Jones,xhawkins@example.com,Israel,2025-09-06,Premium,3265.28
8792,Anthony Sullivan,ifitzpatrick@example.net,Nigeria,2021-12-29,Basic,3619.92
8793,Beth Berry,debrathomas@example.org,Anguilla,2022-11-30,Premium,509.70
8794,Brittany Gaines,davidchavez@example.org,Uruguay,2024-09-25,Standard,5218.95
8795,Beverly Dixon,hallevan@example.com,Israel,2024-03-02,Basic,9071.41
8796,Elizabeth Martinez,brian29@example.com,Ireland,2025-09-21,Standard,8918.01
8797,Katelyn Flores,frodriguez@example.com,Angola,2022-10-22,Basic,6212.91
8798,James Haney,figueroaamber@example.org,Greece,2025-11-17,Basic,1670.70
8799,Jacob Garcia,bethroberson@example.net,Jamaica,2022-09-09,Basic,9648.31
8800,Eric Lucas,millerrachel@example.org,Jersey,2023-03-03,Standard,1336.53
8801,Alyssa Wilson,amber91@example.org,Anguilla,2022-09-20,Standard,6071.36
8802,William Pearson,rebecca75@example.com,Tonga,2024-02-22,Standard,5895.02
8803,Kathy Griffith,samanthamullins@example.net,Liberia,2025-04-04,Premium,8790.74
8804,Curtis Shields,reynoldsjodi@example.org,Peru,2025-05-13,Standard,8986.58
8805,John Brown,boltonbenjamin@example.net,Poland,2022-05-13,Standard,1652.53
8806,William Nguyen,debraclayton@example.org,United States Minor Outlying Islands,2021-08-24,Standard,8742.04
8807,Joshua Wheeler,greendaniel@example.com,Saint Martin,2024-01-13,Standard,6068.12
8808,Tyler Rojas,jesse91@example.net,Vanuatu,2025-11-26,Premium,187.40
8809,Kayla Harrison,cartermichael@example.net,Austria,2022-11-23,Standard,2263.73
8810,Brittany Archer,lee17@example.org,Costa Rica,2024-05-20,Standard,9829.55
8811,Jason Booth,leeveronica@example.net,Brazil,2025-07-02,Standard,1715.55
8812,Matthew Becker,william83@example.net,Lao People's Democratic Republic,2025-07-03,Standard,4863.74
8813,Madison Gomez,aaron85@example.net,Poland,2025-07-27,Basic,7233.64
8814,Mariah King,fpotter@example.org,Belgium,2022-02-27,Premium,8993.37
8815,Judy Moore,javier90@example.com,Nauru,2020-05-16,Basic,1860.80
8816,Samantha Davis,henrybrown@example.net,Niue,2024-09-30,Premium,4779.40
8817,Joseph Rush,david94@example.com,Yemen,2023-01-17,Standard,8162.81
8818,Ronald Fuller,hannahnelson@example.net,Czech Republic,2024-10-02,Premium,9276.09
8819,Maria Mitchell,kimelizabeth@example.net,Falkland Islands (Malvinas),2021-02-14,Premium,5882.24
8820,Jenna Ruiz,uortega@example.org,Seychelles,2022-10-01,Premium,5442.69
8821,James Mayer,cory93@example.org,Bermuda,2025-02-07,Basic,7809.23
8822,Michelle Smith,xgreen@example.com,British Virgin Islands,2020-05-02,Standard,9615.07
8823,Mary Taylor,martinezjeremy@example.org,Pitcairn Islands,2025-04-20,Basic,312.23
8824,Thomas Bell,whitecorey@example.org,Liechtenstein,2025-07-18,Premium,7464.84
8825,Mary Hart,lauren11@example.org,Saint Lucia,2023-11-02,Premium,777.08
8826,Natalie Ford,rachel72@example.org,French Polynesia,2021-04-07,Basic,4106.75
8827,Craig Kennedy,tiffany02@example.net,Macao,2024-02-18,Standard,8442.14
8828,Michael Gomez,thomasramsey@example.org,Denmark,2025-07-04,Standard,4680.19
8829,Renee Woods,glovertracy@example.net,Tajikistan,2023-07-09,Standard,2777.31
8830,Pamela Hernandez,oelliott@example.org,Cook Islands,2024-07-05,Basic,558.64
8831,Lauren Miles,kgreen@example.org,Saint Martin,2022-09-02,Premium,6124.79
8832,Jason Jones,andrewdillon@example.net,Luxembourg,2022-06-10,Standard,5637.93
8833,Kathy Wright,brownmiguel@example.net,Turks and Caicos Islands,2025-04-12,Standard,8392.74
8834,Jonathan Ray,mary87@example.org,Guernsey,2020-02-22,Basic,1986.20
8835,Nathaniel Bowers,jasonhicks@example.net,Denmark,2022-01-14,Premium,4830.34
8836,James Stevens,jonathanmartinez@example.com,Israel,2023-12-25,Standard,9558.65
8837,Nicholas Ruiz,michelleharris@example.net,Bulgaria,2025-12-19,Premium,6762.68
8838,Shawna Patel,gonzalesjessica@example.net,Cape Verde,2023-06-22,Basic,5040.59
8839,Erin Hughes,andreawilson@example.org,Barbados,2025-12-13,Standard,1396.59
8840,Amanda Myers,laurie32@example.net,Saint Vincent and the Grenadines,2022-01-31,Standard,7860.77
8841,Eric Cervantes,troy76@example.net,Comoros,2023-09-16,Standard,574.16
8842,David Coleman,john98@example.net,Argentina,2022-06-22,Premium,3277.05
8843,Michelle Perry,lewisdylan@example.net,Nicaragua,2020-07-24,Basic,6770.85
8844,Tasha Payne,wwilson@example.com,Chile,2025-07-09,Standard,441.13
8845,Travis Thompson,sarahlong@example.com,Spain,2025-12-03,Premium,3986.30
8846,Jeffrey Powell,johnny50@example.org,Congo,2022-02-18,Premium,9212.34
8847,Logan Rodriguez,leebrown@example.net,Brazil,2023-05-10,Standard,733.98
8848,Dean Roy,johnpeterson@example.net,United States of America,2021-01-31,Basic,6177.14
8849,Timothy Lopez,cheryl38@example.net,British Virgin Islands,2020-08-03,Premium,8365.52
8850,Steven Hull,burkecathy@example.com,Poland,2023-10-16,Premium,499.26
8851,Cindy Flowers,stevenatkins@example.com,Portugal,2020-04-14,Basic,7743.97
8852,Bridget Miller,davidjohnson@example.org,Albania,2021-09-26,Standard,3158.00
8853,Jason Frederick,zamoralisa@example.com,Antarctica (the territory South of 60 deg S),2020-10-03,Basic,443.93
8854,Alexis Johnson,martinezaaron@example.net,Singapore,2024-01-27,Standard,7586.10
8855,Nathan Johnson,ofisher@example.org,Kenya,2025-03-06,Standard,5569.19
8856,Kristy Martinez,xsanchez@example.com,United Kingdom,2022-02-10,Standard,2119.24
8857,Valerie Thompson,charlesbrewer@example.com,Tokelau,2024-12-12,Basic,5184.39
8858,Robert Ramirez,jcooper@example.com,Eritrea,2024-12-13,Standard,8089.86
8859,Karen Hudson,lisa53@example.org,Mali,2022-06-16,Premium,4041.31
8860,Andrew Ferguson,qmendoza@example.com,Georgia,2020-11-13,Basic,563.68
8861,Benjamin Morton,lsherman@example.com,Croatia,2021-10-28,Standard,8625.60
8862,Matthew Martinez,gomezchristopher@example.org,Armenia,2022-02-07,Standard,9165.81
8863,Rebecca Lopez,sharonconrad@example.com,Morocco,2025-08-12,Standard,3246.23
8864,Sheila Gonzalez,theodorehunt@example.net,Korea,2025-09-18,Standard,5035.83
8865,Lisa Warner,thomasdakota@example.net,Netherlands,2021-01-14,Standard,167.01
8866,Nicole Rowe,pmercer@example.net,Senegal,2022-02-10,Premium,1448.25
8867,Barbara Warren,meagan75@example.org,San Marino,2022-12-14,Basic,4986.53
8868,Christopher Sims,lrobertson@example.org,Paraguay,2024-12-04,Standard,3464.05
8869,Christina Johnson,heathercooke@example.org,Equatorial Guinea,2025-06-05,Premium,9270.49
8870,Michael Lopez,debracooper@example.com,Afghanistan,2025-06-14,Standard,5493.54
8871,Sharon Allen,melanie57@example.net,Ecuador,2020-10-22,Standard,7888.40
8872,Jeffery Brown,lramirez@example.net,Gambia,2025-03-01,Basic,7873.52
8873,Jasmine Wright,jgutierrez@example.org,Brazil,2024-10-09,Basic,7242.52
8874,Michael Spencer,kaylasnyder@example.com,Andorra,2020-06-04,Basic,9604.04
8875,Andrea Campbell,george82@example.com,Mexico,2020-05-27,Standard,6043.30
8876,John Wilson,swhite@example.com,Norway,2024-08-29,Standard,3542.12
8877,Charles Garner,kathleenbaker@example.net,Marshall Islands,2025-03-20,Basic,7517.40
8878,Kevin Brown,elizabeth13@example.net,Tanzania,2021-09-16,Basic,1538.13
8879,Jessica Neal,lisa35@example.com,Vanuatu,2023-06-30,Standard,7729.52
8880,Shannon Medina,owalker@example.net,Guernsey,2024-08-31,Standard,157.91
8881,Annette Jackson,karenburch@example.net,Palau,2021-12-19,Standard,8339.33
8882,Gene Williams,eatonandrew@example.net,Equatorial Guinea,2020-06-04,Basic,1571.96
8883,James Sparks,rodneymunoz@example.net,Anguilla,2022-01-21,Basic,5240.22
8884,Adam Fernandez,misty34@example.net,Bosnia and Herzegovina,2022-04-30,Basic,6023.92
8885,Ms. Stephanie Downs,grahamrebecca@example.org,Paraguay,2022-04-09,Standard,6694.51
8886,Sabrina Nelson,marshallamy@example.com,Netherlands,2025-01-12,Premium,8379.76
8887,Megan Rogers,uconrad@example.org,Andorra,2020-08-31,Standard,1848.12
8888,Mercedes Rodriguez,weaverjustin@example.net,Panama,2023-08-15,Basic,4051.97
8889,Justin Ross,michael72@example.org,Guyana,2022-02-23,Standard,4034.84
8890,Anthony Brown,aholland@example.com,Sri Lanka,2022-07-18,Basic,391.08
8891,Todd Bright,kathleen54@example.com,Guernsey,2022-12-11,Basic,6260.30
8892,Kimberly Mercado,tjones@example.net,Libyan Arab Jamahiriya,2024-03-17,Standard,7174.68
8893,Michael Collins,sheppardsuzanne@example.org,Oman,2024-07-05,Premium,6361.33
8894,Daniel Anderson,cynthiagray@example.com,Guinea,2022-06-25,Basic,9986.36
8895,Colleen Henry,rjimenez@example.net,Estonia,2025-11-02,Premium,162.77
8896,Jeffrey Hickman,james03@example.net,Lesotho,2025-09-10,Basic,715.98
8897,Bruce Burke,erivas@example.com,Uruguay,2021-09-22,Basic,2663.54
8898,Erin Collins,melissa48@example.com,Kuwait,2023-08-11,Standard,2506.76
8899,Matthew Garcia,samuelboyer@example.com,Papua New Guinea,2025-06-15,Basic,2511.93
8900,Cody White,youngbenjamin@example.net,Nicaragua,2023-09-11,Standard,7710.87
8901,Mrs. Nancy Newman DDS,austin82@example.com,Cuba,2024-05-31,Standard,4985.24
8902,Melissa Johnson,bridget11@example.com,Grenada,2023-03-10,Standard,4436.63
8903,Donna Franklin,brianmiller@example.net,Tokelau,2020-04-08,Standard,6541.61
8904,Benjamin Gilbert,cartersharon@example.net,Montenegro,2023-06-10,Premium,8182.79
8905,Rebecca Martin,amygonzalez@example.org,Burkina Faso,2024-03-09,Standard,4698.30
8906,Amanda Walters,sawyerkara@example.com,Singapore,2023-08-05,Basic,7603.62
8907,Charles Goodman,lfields@example.com,New Caledonia,2021-07-06,Premium,7458.59
8908,Angela Douglas,wboone@example.com,Ukraine,2025-03-16,Basic,203.16
8909,Shannon Washington,alexandergregory@example.org,United Arab Emirates,2024-03-30,Basic,4923.23
8910,Jill Russo,amberruiz@example.com,Zimbabwe,2021-09-19,Basic,8865.39
8911,Kathleen Brooks,barreradaniel@example.net,Puerto Rico,2022-06-23,Standard,9073.01
8912,John Norris,xclark@example.net,Ireland,2021-12-14,Basic,9958.09
8913,Carrie Bradford,darintodd@example.com,Mongolia,2023-04-15,Premium,9857.45
8914,Carrie Ochoa,bradfordtimothy@example.com,United Arab Emirates,2022-09-11,Standard,264.38
8915,Julie Peters,sheltonnathan@example.net,Taiwan,2023-06-12,Basic,4464.00
8916,Ronald Thomas,gclarke@example.com,United States Minor Outlying Islands,2024-02-08,Premium,4831.67
8917,Erin Fuller,gshepherd@example.com,Nigeria,2021-04-17,Standard,565.24
8918,Hannah Stone,joeparker@example.org,Nauru,2025-08-16,Standard,8981.68
8919,Renee Barnes,ronnie41@example.org,Mauritania,2020-01-15,Premium,4326.38
8920,David Russell,josephali@example.com,Seychelles,2024-12-18,Standard,1778.15
8921,James Smith,lmendez@example.com,Marshall Islands,2020-03-16,Basic,2660.37
8922,Cody Sanders,kcruz@example.org,Togo,2022-09-23,Standard,9649.16
8923,Sherry Smith,sbyrd@example.net,Germany,2021-08-23,Standard,5676.68
8924,Timothy Owens,jennifer37@example.net,Singapore,2022-11-16,Basic,6217.24
8925,Keith Edwards,harmonkathleen@example.net,Greece,2025-03-01,Standard,4735.84
8926,Frank Rodriguez,melissa07@example.com,Bosnia and Herzegovina,2023-11-15,Standard,7665.00
8927,Lindsay Thomas,james07@example.org,Guyana,2020-06-12,Standard,9855.77
8928,Katie Dillon,keithmolina@example.net,Brunei Darussalam,2021-10-20,Standard,9030.43
8929,John Wilcox,maryking@example.net,Finland,2025-05-15,Standard,2541.01
8930,Cassidy Mason,chandlerantonio@example.org,Aruba,2025-08-02,Standard,5163.66
8931,Charles Wilson,michelle03@example.net,Tunisia,2020-03-11,Standard,4592.15
8932,Christopher Mejia,gclark@example.com,Lesotho,2023-10-15,Premium,3488.40
8933,Tracie Peters,danielroach@example.org,Benin,2021-11-01,Standard,6021.51
8934,Joshua Faulkner,qgraham@example.net,France,2021-03-21,Standard,5646.30
8935,Samantha Hayes,smitheric@example.net,Solomon Islands,2021-02-14,Standard,137.16
8936,Michael Paul,michelletorres@example.com,Maldives,2023-07-19,Standard,5681.48
8937,Lawrence Nguyen,xmccarthy@example.org,Saint Kitts and Nevis,2024-02-03,Basic,5096.32
8938,Patricia Henry,megan23@example.org,Turks and Caicos Islands,2025-08-30,Standard,6018.10
8939,Jesse Lewis,vasquezjustin@example.org,Mayotte,2020-10-03,Standard,8046.34
8940,Nathan Kirby,john95@example.net,Uzbekistan,2022-05-13,Standard,1928.68
8941,Steve James,jgraves@example.net,Guernsey,2020-01-15,Standard,6045.32
8942,Kathleen Mcdowell,madison84@example.net,Switzerland,2020-12-21,Standard,7666.07
8943,Nicole Williams,richmondcalvin@example.org,Moldova,2023-05-09,Standard,2739.75
8944,Colton Vega,tiffanywood@example.net,Faroe Islands,2023-02-13,Standard,41.59
8945,Robert Fry,thomasramirez@example.net,Heard Island and McDonald Islands,2024-12-03,Standard,8364.53
8946,Brenda Curry MD,bernardyang@example.org,Saudi Arabia,2021-04-24,Basic,7147.87
8947,Theodore Nixon,frankholloway@example.com,Saint Pierre and Miquelon,2025-10-04,Premium,9038.59
8948,Laura Buchanan,luistaylor@example.org,Costa Rica,2024-04-16,Basic,2210.70
8949,Justin Ramirez,graythomas@example.com,Latvia,2022-10-13,Premium,26.76
8950,Patrick King Jr.,leealexandria@example.com,Puerto Rico,2024-01-23,Standard,4805.38
8951,Jennifer Dickson,harrismark@example.net,Bermuda,2023-06-10,Basic,453.88
8952,Jordan Clark,singletonleslie@example.com,Angola,2021-02-14,Standard,5924.65
8953,Christopher Obrien,brownbenjamin@example.net,American Samoa,2022-09-30,Standard,9509.16
8954,Theresa Cummings,xperez@example.net,Taiwan,2020-02-16,Standard,5296.86
8955,Bonnie Romero,bferguson@example.net,Brunei Darussalam,2022-01-16,Standard,386.85
8956,Larry Jones,taylor05@example.org,Hong Kong,2022-06-24,Basic,1199.47
8957,Douglas Hamilton,orivera@example.org,Sweden,2025-09-22,Premium,3549.68
8958,Charles Horn,michaelawall@example.com,Rwanda,2023-04-18,Basic,1804.99
8959,Caleb Molina,rbailey@example.org,French Polynesia,2025-09-20,Basic,7524.44
8960,Kenneth Johnson,james00@example.com,Lesotho,2020-02-18,Basic,8690.20
8961,Mary White,davisparker@example.org,Saint Vincent and the Grenadines,2023-06-03,Basic,9045.14
8962,Michelle Macias,amanda85@example.com,Cook Islands,2023-02-05,Standard,9630.63
8963,Melinda Rangel,carlmartinez@example.org,Micronesia,2023-05-16,Standard,2998.00
8964,Laura Shepherd,elizabeth27@example.org,Afghanistan,2023-03-30,Standard,5578.86
8965,Nathan Powell,johnsonjason@example.net,Saudi Arabia,2025-06-27,Basic,232.76
8966,Mark Fox,obaldwin@example.net,Qatar,2025-09-23,Premium,3787.87
8967,Katherine Davis,bbrown@example.net,Ghana,2025-10-22,Basic,297.55
8968,Ryan Carter,smithwilliam@example.org,French Polynesia,2020-07-01,Standard,4194.27
8969,Kevin Mcdonald,jennifergreer@example.net,Senegal,2023-08-24,Standard,5440.72
8970,Heather Brown,ojones@example.com,Iran,2023-09-22,Standard,280.15
8971,Miranda Powell,ortegamichael@example.net,South Georgia and the South Sandwich Islands,2021-05-23,Standard,296.02
8972,Christopher Dixon,charlesbrown@example.com,Tuvalu,2023-03-30,Standard,8496.30
8973,Jose Carter,alan98@example.org,Bermuda,2025-09-16,Standard,5154.04
8974,Gary Porter,wharper@example.com,Liberia,2025-02-02,Premium,6419.94
8975,Justin Rose,andersonashley@example.com,Korea,2022-07-11,Basic,3207.36
8976,Aaron Cruz,michaelanderson@example.org,Cape Verde,2025-12-25,Basic,9967.99
8977,Casey Cross,ericanderson@example.com,Faroe Islands,2025-06-30,Standard,8585.82
8978,George Andrews,smartinez@example.com,Poland,2024-11-03,Standard,1759.83
8979,Janet Hamilton,adavis@example.com,Sao Tome and Principe,2025-12-24,Standard,3651.52
8980,Andrew Carney,jenniferharris@example.org,Seychelles,2025-08-04,Basic,1115.48
8981,Diane Brown,rachelmahoney@example.net,Saint Barthelemy,2020-11-17,Standard,891.95
8982,Richard Robinson,michellegreene@example.net,Saint Kitts and Nevis,2025-07-22,Standard,5270.30
8983,Charles Anderson,tamaraconley@example.net,Montenegro,2021-11-27,Standard,6545.58
8984,Doris Paul,lesliegoodwin@example.com,Malaysia,2025-04-08,Premium,509.90
8985,Desiree Smith,hilljessica@example.org,Italy,2020-04-28,Standard,8796.70
8986,Jamie Green,hudsonmiranda@example.net,Malawi,2025-03-14,Standard,5952.96
8987,Jennifer Velazquez,jeff63@example.com,Norfolk Island,2021-06-09,Premium,9602.76
8988,Robert Brown,catherine98@example.com,Denmark,2021-07-08,Basic,7766.53
8989,Robert King,jonestracy@example.org,Swaziland,2022-11-25,Standard,2579.89
8990,Alexandria Carson,griffinchristopher@example.org,Guinea-Bissau,2021-10-29,Basic,7877.20
8991,Elizabeth Howard,randy54@example.org,Honduras,2025-10-26,Basic,535.04
8992,Hannah Perez,michaelbrown@example.net,Zimbabwe,2023-10-10,Basic,2814.05
8993,John Robinson,mpowell@example.com,Djibouti,2024-08-30,Standard,6104.60
8994,Bruce Pugh,tylerwilliams@example.com,Estonia,2023-01-31,Basic,9481.23
8995,Robert Baker,travis23@example.net,Iceland,2022-11-23,Basic,2716.48
8996,Eddie Smith,uallison@example.org,Ukraine,2025-11-23,Standard,5974.35
8997,Whitney Savage,huffmelissa@example.com,Philippines,2024-07-11,Basic,8771.22
8998,Brianna Malone,michael85@example.org,Bulgaria,2022-03-17,Standard,680.52
8999,Stephen Medina,rho@example.net,Saudi Arabia,2025-11-25,Basic,745.23
9000,Jason Garcia,james08@example.net,United Arab Emirates,2024-12-04,Basic,4856.45
9001,Melissa Garcia,george77@example.org,Andorra,2022-12-29,Premium,1101.94
9002,Steven Ellis,wbrooks@example.net,Cambodia,2022-10-08,Standard,8004.48
9003,Lisa Vargas,martinezjames@example.org,Czech Republic,2022-04-10,Basic,5679.26
9004,William Ho,nicole17@example.org,Togo,2023-06-06,Standard,9204.81
9005,Melissa Tucker,ballarderika@example.org,North Macedonia,2024-11-29,Standard,9101.72
9006,Michelle Day,fdavis@example.net,Spain,2025-03-18,Basic,5595.82
9007,Paul Bullock,sullivanchloe@example.org,Sudan,2022-07-24,Basic,1396.76
9008,Laura Oneal,jchen@example.com,Turkey,2023-11-02,Standard,5642.85
9009,Ronald Rasmussen,jeffreyjefferson@example.com,Yemen,2025-04-20,Standard,9647.30
9010,Darryl Alexander,williamsanne@example.net,South Africa,2021-12-04,Standard,7011.25
9011,Jacqueline Schwartz,rachel90@example.com,Trinidad and Tobago,2020-05-24,Premium,7002.01
9012,Clifford Ford,juarezdakota@example.net,Mayotte,2021-01-10,Premium,401.41
9013,Cody Chang,jessica29@example.com,Turks and Caicos Islands,2025-04-11,Premium,9358.77
9014,Sabrina Massey,alexandriawaters@example.org,Costa Rica,2023-09-02,Standard,3068.43
9015,Cristina Johnson,claire55@example.com,Pitcairn Islands,2025-09-02,Premium,9844.15
9016,Christopher Contreras,james37@example.net,Sri Lanka,2023-04-23,Standard,9672.56
9017,Crystal Crane,lynnlopez@example.net,Lebanon,2021-12-02,Basic,6048.14
9018,Brian Smith,stephen80@example.net,Bosnia and Herzegovina,2024-04-02,Premium,2781.61
9019,Tina Hill,melanie62@example.org,Sudan,2022-12-22,Standard,3329.86
9020,Nathaniel Valencia,patricia76@example.org,Georgia,2023-08-20,Basic,8573.94
9021,Ashley Vang,roberttaylor@example.net,Qatar,2020-05-26,Standard,9678.38
9022,Patrick Montgomery,rachel59@example.com,Tunisia,2025-06-04,Basic,6066.09
9023,Donald Moore,vancemichael@example.net,Seychelles,2024-03-14,Standard,3889.06
9024,Jacqueline Alexander,hsnyder@example.net,Swaziland,2023-10-06,Premium,9713.06
9025,Sarah Fitzgerald,lwolfe@example.com,Christmas Island,2020-06-01,Premium,619.22
9026,Ian Ibarra,jamesgonzalez@example.com,Tajikistan,2020-09-25,Premium,8984.28
9027,Ashley Norton DDS,johnsmith@example.org,Brunei Darussalam,2023-01-09,Basic,1858.90
9028,Robert Green,todd10@example.org,Mexico,2022-05-22,Standard,3723.41
9029,Michele Berry,cjohnston@example.com,New Caledonia,2022-01-04,Basic,5199.68
9030,Megan Long,lneal@example.net,Argentina,2023-06-12,Premium,1076.96
9031,Zachary Hanna,pennyshort@example.org,Puerto Rico,2023-04-19,Standard,2240.85
9032,David Kirk,cscott@example.net,Cyprus,2022-08-21,Premium,6988.35
9033,Patrick Williams,hmartin@example.net,Tanzania,2022-02-16,Basic,1863.02
9034,Mary Sharp,michaelwilliams@example.net,Somalia,2020-04-10,Basic,6361.69
9035,Sara Brown,leah53@example.com,Lao People's Democratic Republic,2025-04-20,Basic,2611.84
9036,Brian Wright,bonnie77@example.org,Slovakia (Slovak Republic),2022-07-20,Standard,3907.30
9037,Tracey Alexander,wumary@example.net,Israel,2024-09-17,Standard,7120.58
9038,Beth Saunders,xflores@example.com,Brazil,2025-04-02,Standard,9718.92
9039,Briana Ramirez,zsmith@example.net,Spain,2020-09-14,Basic,9564.96
9040,Jeffrey Griffin,,British Virgin Islands,2023-12-10,Standard,934.76
9041,Melanie Cooper,samantha56@example.org,Zambia,2020-05-29,Standard,6329.04
9042,Dean Wong,jesse61@example.org,Guernsey,2024-07-29,Premium,3934.24
9043,William Wu,jennifercollins@example.net,Bahrain,2023-09-25,Standard,6891.01
9044,Anthony Stout,jthomas@example.com,Paraguay,2022-08-10,Basic,4836.83
9045,William Floyd,vhubbard@example.net,Tunisia,2025-07-09,Standard,9353.64
9046,Jessica David,margaret94@example.net,Bouvet Island (Bouvetoya),2020-01-24,Standard,3115.14
9047,Tim King,smithjonathan@example.org,Swaziland,2023-11-28,Premium,6483.89
9048,Gail Cox,autumnmiller@example.net,Tanzania,2025-12-01,Standard,3051.09
9049,Isabella Davis,stephanietaylor@example.net,Japan,2021-11-27,Standard,3020.56
9050,Christina Johnson,bfriedman@example.com,Thailand,2020-11-29,Standard,9121.66
9051,Paige Yates,jramirez@example.net,Somalia,2025-04-19,Premium,8834.36
9052,Jordan Baker,austin44@example.org,Cyprus,2023-05-29,Standard,8706.25
9053,Catherine Bass,dawn21@example.net,Mauritania,2025-10-28,Standard,8880.90
9054,Ethan Wallace,patrick15@example.net,Saint Pierre and Miquelon,2025-06-30,Premium,2286.30
9055,Phillip Campos,eric56@example.org,Singapore,2024-03-05,Standard,3837.77
9056,Tyler Avila,cordovalinda@example.net,Kyrgyz Republic,2021-06-30,Standard,7333.09
9057,Laura Johnson,wsmith@example.com,Iraq,2020-01-13,Standard,256.49
9058,Joshua Martin,william65@example.net,Holy See (Vatican City State),2020-12-05,Basic,7557.45
9059,Deborah Page,xalvarado@example.net,Ukraine,2021-06-05,Standard,8615.92
9060,Mrs. Lorraine Hammond,hodgeregina@example.com,San Marino,2025-08-24,Standard,8296.56
9061,Sarah Morse,reedtimothy@example.net,Bahamas,2024-05-02,Standard,472.11
9062,Jessica Wang,rhondamartinez@example.net,Wallis and Futuna,2022-10-08,Standard,7429.58
9063,Cindy Santana,kingcharlene@example.net,Honduras,2021-09-09,Basic,4820.89
9064,Gabriel Anderson,christopherwest@example.net,Sudan,2025-07-29,Standard,4417.42
9065,Michael Frost,ellischristine@example.com,Korea,2021-09-21,Basic,1172.21
9066,Richard Hernandez,stephen62@example.net,Guinea,2022-01-11,Premium,3019.74
9067,Kayla Willis,kimberly37@example.net,Guinea-Bissau,2023-06-30,Standard,5998.69
9068,Luis Harris,ipena@example.net,Antarctica (the territory South of 60 deg S),2021-01-08,Standard,7058.35
9069,Linda Stone,catherine64@example.net,Tuvalu,2023-08-19,Premium,1689.90
9070,Matthew Sherman,edwardjackson@example.net,Botswana,2022-06-01,Standard,5693.08
9071,John Schwartz,robertvelez@example.org,Saint Martin,2024-10-04,Standard,6944.90
9072,Deborah Jackson,martinmichael@example.com,Cape Verde,2022-02-20,Standard,805.38
9073,Michael Mcdowell,emilyknight@example.net,Estonia,2021-10-27,Basic,1792.06
9074,Selena Lewis,martinrobert@example.org,Croatia,2020-08-17,Basic,7268.62
9075,Brandon Vega,katiedixon@example.com,Bhutan,2023-01-07,Premium,2997.59
9076,Lisa Ortiz,chadolson@example.com,Isle of Man,2025-11-23,Basic,1603.68
9077,Pamela Johnson,michael30@example.org,Poland,2021-11-11,Basic,4394.61
9078,Mary Johnson MD,brittanyclark@example.org,Cape Verde,2021-02-26,Premium,733.54
9079,Jamie Collins,bmartinez@example.net,Italy,2022-11-26,Standard,1646.82
9080,Jeremy Garrett,sheenawiggins@example.com,Montenegro,2024-04-25,Standard,4343.43
9081,Julie Glenn,hughesjudy@example.org,Saint Kitts and Nevis,2023-08-21,Premium,9197.10
9082,Kelly Gonzalez,wdorsey@example.com,Slovakia (Slovak Republic),2021-09-24,Standard,6341.43
9083,Christian Allen,martinezann@example.com,Croatia,2020-07-28,Basic,9136.44
9084,Valerie Hernandez,hallmichael@example.org,Puerto Rico,2021-01-17,Standard,3019.06
9085,Robert Goodwin,deborahkerr@example.com,Brunei Darussalam,2025-02-12,Standard,3311.17
9086,James Smith,kyle81@example.org,Sri Lanka,2022-02-11,Standard,6299.68
9087,Isaiah Hernandez,elizabeth46@example.net,Estonia,2025-07-05,Standard,5210.91
9088,Alexandra Willis,joanmoyer@example.com,Philippines,2022-09-12,Premium,7714.43
9089,Zachary Gonzalez,elizabethgonzalez@example.com,Costa Rica,2025-02-16,Standard,6692.05
9090,Ian Myers,brianaferguson@example.com,Gibraltar,2020-10-04,Standard,8660.90
9091,Steven Murphy,teresaklein@example.org,French Southern Territories,2021-04-24,Premium,1584.36
9092,Martin Fernandez,brian95@example.com,Ukraine,2021-02-06,Standard,9695.78
9093,Judy Jones,kevin76@example.org,Philippines,2023-10-22,Standard,5850.33
9094,Mark Alvarez,elizabethhansen@example.com,Malaysia,2021-09-01,Standard,1468.29
9095,Sean Johnson,,Malta,2021-11-13,Basic,5641.83
9096,Sarah Nash,ewebb@example.net,Zambia,2024-02-17,Basic,2632.13
9097,Mary White DVM,kimberlyharrell@example.org,Mexico,2023-06-16,Standard,9855.51
9098,Wesley Barker,manningashlee@example.com,Samoa,2025-10-28,Standard,3678.83
9099,Kerry Ford,gparker@example.org,Peru,2023-09-20,Standard,6005.80
9100,Michelle Harrell,traviscook@example.com,New Zealand,2024-07-19,Premium,4646.27
9101,Billy Hudson,jennifercurry@example.com,Guinea-Bissau,2024-02-01,Standard,8413.30
9102,Mark Chavez,bethany44@example.com,Dominica,2020-01-08,Premium,4830.27
9103,Amy Hughes,nfreeman@example.com,South Africa,2021-06-07,Standard,7894.18
9104,Theresa Johnson,joseph34@example.net,Isle of Man,2025-07-04,Standard,4531.83
9105,Kathy Hernandez,jerrycastro@example.com,Ecuador,2024-08-20,Standard,5211.37
9106,Jasmine Carey,sheilagomez@example.com,Kyrgyz Republic,2024-07-04,Standard,542.53
9107,Paul Richardson,xortiz@example.org,British Virgin Islands,2020-03-11,Basic,2259.44
9108,Annette Warren,gmorgan@example.com,Andorra,2021-10-31,Basic,2752.46
9109,Christine Duarte,wgonzales@example.org,Malawi,2023-08-16,Premium,5159.67
9110,Erin Fischer,yatestyler@example.org,New Caledonia,2021-08-26,Standard,9256.66
9111,David Wong,debra84@example.net,Pakistan,2020-11-06,Basic,2971.62
9112,Nicole Rodriguez,alan98@example.net,Kiribati,2022-07-21,Premium,8603.93
9113,Brianna Rodriguez,phamilton@example.org,Barbados,2022-03-12,Standard,5094.37
9114,Clifford Jones,tommy21@example.com,Central African Republic,2023-01-18,Standard,7063.28
9115,Cody Olsen,chasechristian@example.net,Thailand,2023-08-30,Premium,4920.41
9116,Lee Smith,rhuang@example.org,Nigeria,2023-10-25,Premium,198.52
9117,Daniel Turner,stephanie38@example.net,Morocco,2021-03-30,Basic,3060.87
9118,Virginia Davis,morenosean@example.com,United States Virgin Islands,2022-07-06,Standard,2585.91
9119,Timothy Roberson,ricky92@example.net,Haiti,2022-02-08,Basic,5317.51
9120,Jessica Estrada,brian35@example.com,British Indian Ocean Territory (Chagos Archipelago),2025-05-29,Premium,9471.51
9121,Angela Ramos,juan36@example.org,Gabon,2022-12-02,Standard,3716.62
9122,Devin Burnett,zachary60@example.net,Venezuela,2020-02-23,Standard,4688.61
9123,Nicholas Bell,smithcraig@example.org,Brazil,2024-08-08,Premium,8246.30
9124,Kelsey Briggs,david83@example.com,Saint Helena,2021-06-07,Standard,9766.80
9125,Stephanie Carey,kburgess@example.org,Kiribati,2022-12-26,Standard,2537.73
9126,Lisa Bowers,shawnlarsen@example.com,Libyan Arab Jamahiriya,2022-04-12,Basic,4585.63
9127,Diamond Arnold,jeremyparker@example.net,Puerto Rico,2023-06-09,Standard,950.07
9128,Rachel Taylor,woodwardtammy@example.org,Nicaragua,2020-05-24,Basic,9899.54
9129,Alicia Williams,nathan49@example.net,New Caledonia,2024-08-31,Basic,9985.48
9130,Daniel Williams,vjohnson@example.org,United Arab Emirates,2024-03-28,Standard,5026.27
9131,Antonio Walker,zsimpson@example.net,Papua New Guinea,2021-11-25,Premium,5362.43
9132,Sue Wood,tricia74@example.com,British Virgin Islands,2022-02-13,Standard,8509.87
9133,Kimberly Watts,bbrooks@example.net,North Macedonia,2022-02-08,Standard,4038.45
9134,Brenda Henderson,cohenkara@example.org,Finland,2021-10-17,Standard,8207.23
9135,Jeremy Reynolds,dmartin@example.net,Grenada,2023-08-25,Standard,8289.02
9136,Jeffery Miller,edgarjohnson@example.net,Romania,2023-12-11,Basic,5531.60
9137,Ashley Robertson,donna00@example.net,Nauru,2021-07-28,Basic,1586.94
9138,Timothy Stewart,jesus35@example.org,Cocos (Keeling) Islands,2023-11-27,Standard,4088.31
9139,Ryan Ali,mendezbryan@example.net,Azerbaijan,2025-09-30,Basic,2834.95
9140,Lindsey Martin,pgreen@example.org,Paraguay,2020-06-13,Standard,3819.65
9141,Melissa Camacho,emily85@example.net,Cote d'Ivoire,2020-02-03,Standard,3996.81
9142,Kimberly Rodriguez,marymoore@example.net,Bangladesh,2024-08-01,Premium,5315.36
9143,Ruth Wilkins,bnguyen@example.org,Lebanon,2020-11-14,Basic,8442.60
9144,David Aguilar,oliverlaura@example.org,Korea,2021-04-17,Premium,8980.10
9145,John Pruitt,nancyhayes@example.com,Iraq,2023-07-05,Basic,9799.46
9146,Duane Martinez,seth36@example.com,Cameroon,2022-07-03,Premium,5082.05
9147,Jeremy Price,pottervictoria@example.com,Bulgaria,2025-01-21,Standard,6725.78
9148,Amber Proctor DDS,stewartdylan@example.org,Swaziland,2024-11-20,Basic,9375.31
9149,Drew Brandt,mckenzietonya@example.org,Syrian Arab Republic,2024-09-22,Premium,1505.95
9150,Lindsay Nichols,mparrish@example.org,Guernsey,2020-11-17,Basic,4184.05
9151,Lydia Page,carrmeghan@example.net,Palestinian Territory,2020-07-30,Basic,3077.12
9152,Alexander Horton,whitekiara@example.org,Belize,2022-07-28,Standard,265.79
9153,Jacob Carter,ericabarker@example.net,Lebanon,2022-01-24,Premium,7265.29
9154,Kelly Kelly,jasonlee@example.com,Cyprus,2020-10-06,Standard,8350.48
9155,James Gutierrez,lance90@example.org,Saint Vincent and the Grenadines,2020-09-23,Standard,5608.78
9156,Kaylee Bolton,jonathancervantes@example.org,France,2022-01-26,Standard,1466.03
9157,Anita White,martindorothy@example.net,Iraq,2025-08-28,Basic,4688.26
9158,Joseph Bowers,kimberlymayer@example.net,Indonesia,2020-10-04,Standard,8874.15
9159,Kim Gomez,qsmith@example.net,Australia,2025-12-30,Premium,7577.43
9160,Brittany Daniels,youngdavid@example.com,Vietnam,2020-04-02,Standard,2857.07
9161,Andrew Miller,goodwinbarbara@example.net,Morocco,2021-11-22,Basic,5732.29
9162,Brenda Young,umartinez@example.org,Saint Martin,2020-07-10,Basic,1520.74
9163,Denise Esparza,zstewart@example.net,North Macedonia,2022-12-16,Standard,3553.81
9164,Elizabeth Choi,grantmichael@example.com,Canada,2023-01-10,Basic,753.56
9165,Joyce Montes,mitchelladrian@example.com,France,2021-12-27,Standard,5098.78
9166,Kenneth Thompson,chadjoseph@example.com,Portugal,2023-06-08,Standard,8383.28
9167,Amy Webb,anna69@example.org,United Kingdom,2021-11-19,Premium,8534.75
9168,David Miles,pdavis@example.net,Rwanda,2025-09-05,Standard,6406.14
9169,Mr. Aaron Smith,lamnathan@example.net,Mauritania,2023-04-19,Standard,2517.89
9170,Douglas Johnson,jenniferstone@example.net,Morocco,2023-08-30,Basic,7136.52
9171,Erin Phillips,perezamanda@example.org,Mali,2021-06-20,Standard,3854.86
9172,Tamara Shepherd,tina76@example.com,Sierra Leone,2022-08-05,Premium,2161.13
9173,Andrew Mcdonald,rbell@example.com,Liberia,2024-11-30,Standard,4263.18
9174,Gabriella Gonzalez,qstewart@example.org,Sierra Leone,2021-08-24,Basic,7380.20
9175,Kenneth Anderson,hollykaiser@example.com,Eritrea,2022-02-09,Standard,6109.10
9176,Monica Brown,cruzstephen@example.org,Serbia,2021-11-15,Basic,8741.97
9177,David Hammond,michaelmoore@example.org,Switzerland,2023-04-07,Standard,6486.52
9178,Melissa Murillo MD,lmarquez@example.org,Tuvalu,2020-05-28,Basic,9526.72
9179,Aaron Fisher,emily19@example.net,Cocos (Keeling) Islands,2021-01-09,Basic,811.95
9180,Christopher Hansen,christina43@example.com,Ghana,2024-09-19,Basic,6427.29
9181,Ellen Jones,rluna@example.com,Guinea,2025-11-27,Basic,6803.12
9182,Ronald West,jeansolis@example.net,Iceland,2022-01-23,Standard,9363.70
9183,Elizabeth Jackson,pkelly@example.org,Lithuania,2023-08-07,Basic,5241.71
9184,David Perez,brian55@example.com,New Zealand,2021-10-10,Premium,95.89
9185,Donna Williamson,christopherrojas@example.net,Nauru,2023-02-09,Standard,9044.36
9186,Brian Smith,bflores@example.com,Aruba,2025-09-23,Basic,2359.06
9187,Heather Buchanan,michelle67@example.net,Somalia,2023-03-19,Basic,6323.98
9188,Allen Wright,edward27@example.org,Kyrgyz Republic,2021-02-20,Standard,533.53
9189,Katrina Holder,douglasmorgan@example.net,Chad,2021-09-01,Premium,4625.87
9190,John Arnold,harveykatie@example.org,France,2021-09-04,Basic,3095.56
9191,Stephanie Walker,tracy72@example.net,Timor-Leste,2023-09-05,Standard,24.51
9192,Rodney Coleman,vegarichard@example.org,Guinea-Bissau,2024-01-30,Premium,6591.79
9193,John Brown,kathy76@example.com,Comoros,2021-11-13,Basic,1190.29
9194,Robert Dean,ralvarado@example.net,India,2021-11-03,Premium,2886.82
9195,Susan Patterson,lauragrant@example.com,Botswana,2020-12-26,Premium,1846.49
9196,Christopher Hardy,erinbrown@example.org,Panama,2024-10-14,Standard,9400.34
9197,Christina Campbell,khess@example.org,Bosnia and Herzegovina,2025-01-06,Standard,8686.81
9198,Daniel Anderson,hayesbrian@example.com,United States Virgin Islands,2022-10-19,Basic,5112.14
9199,Darren Guzman,lisawilkinson@example.net,Nauru,2020-12-21,Standard,1840.09
9200,Jeffrey Willis,bsmith@example.net,Tajikistan,2020-10-06,Standard,3973.65
9201,Corey Le,waltermendoza@example.net,Romania,2021-11-12,Standard,4636.29
9202,Brett Anderson,cynthia27@example.org,Nigeria,2020-04-14,Standard,5944.06
9203,Cynthia Thompson,jennifer22@example.net,Sweden,2022-11-08,Basic,1640.53
9204,Steven Barker,austinquinn@example.com,Falkland Islands (Malvinas),2025-06-20,Premium,7837.59
9205,Sandra Lewis,joeorr@example.org,Trinidad and Tobago,2024-08-23,Premium,2271.24
9206,Christopher Villanueva,christinapage@example.org,Cocos (Keeling) Islands,2025-07-21,Premium,5575.57
9207,Tyler Stewart III,brenda81@example.net,Uzbekistan,2021-10-17,Premium,2069.09
9208,Desiree Ferguson,cruzcurtis@example.net,Somalia,2023-10-24,Standard,8719.10
9209,Carl Miller,cody05@example.net,Burkina Faso,2021-03-11,Standard,9216.00
9210,Amy Roy,benjaminmoore@example.net,Liberia,2020-06-18,Standard,1779.22
9211,Justin Berry,lmyers@example.com,China,2021-11-05,Basic,9311.64
9212,Karen Rivers,marissaochoa@example.org,Mali,2023-06-09,Premium,9975.51
9213,Joseph Hayden,isaacfox@example.org,Ukraine,2021-06-14,Standard,3887.84
9214,Andrew Cisneros,lkline@example.org,Portugal,2020-06-05,Basic,4345.21
9215,Whitney Hill,gonzalesdarren@example.org,United Kingdom,2023-01-27,Standard,7655.27
9216,Stephanie Moreno,scottbennett@example.org,Cameroon,2020-10-20,Premium,1803.35
9217,Erika Baker,gregoryjoyce@example.net,Vietnam,2024-04-16,Premium,5352.98
9218,Robert Johnson,sabrina07@example.org,Israel,2021-04-12,Standard,142.03
9219,Barbara Wright,torreskristin@example.com,Iran,2023-03-29,Standard,823.14
9220,Elizabeth Gillespie,tsullivan@example.com,Montenegro,2024-03-20,Basic,9804.94
9221,Andre Wade,karen68@example.com,Guatemala,2020-07-19,Standard,7678.08
9222,Rebecca Norris,rball@example.net,Egypt,2025-10-26,Standard,3602.25
9223,Daniel Sandoval,samuel35@example.net,Albania,2024-09-01,Standard,7325.74
9224,Hannah Ramsey,gregoryalexandra@example.com,Ukraine,2020-03-19,Standard,6875.18
9225,Pamela Potts,prestonchristopher@example.org,Uzbekistan,2021-10-19,Standard,9435.19
9226,Joel Lopez,vstanley@example.com,India,2020-10-22,Standard,6568.19
9227,Jeff Ortega,nicolassmith@example.com,Guinea-Bissau,2020-11-25,Standard,9856.87
9228,Kelsey Gilmore,scottdaisy@example.com,Haiti,2024-03-04,Standard,8039.54
9229,Jessica Anderson,butlermatthew@example.org,Holy See (Vatican City State),2020-02-23,Basic,5770.93
9230,Christopher Gonzalez,tcohen@example.org,Nepal,2024-08-07,Standard,4815.15
9231,Lisa Potter,ahughes@example.org,Turkmenistan,2020-10-16,Standard,4467.79
9232,Thomas Lambert,ewingantonio@example.net,Libyan Arab Jamahiriya,2020-05-05,Standard,614.20
9233,Justin Wilson,ustanley@example.net,Australia,2024-02-09,Premium,3058.84
9234,James Taylor,tiffanyrivas@example.net,Puerto Rico,2021-12-31,Standard,2295.68
9235,Christine Guerra,lspencer@example.net,Hong Kong,2025-01-21,Standard,5211.73
9236,Jacqueline Smith,yclark@example.com,Canada,2022-10-12,Premium,7233.67
9237,David Mitchell,xmaldonado@example.org,Northern Mariana Islands,2023-08-17,Standard,271.65
9238,Calvin Taylor,vernonholland@example.net,Saint Helena,2021-01-24,Standard,4341.87
9239,Rachel Jackson,robert28@example.net,Moldova,2023-06-22,Premium,4123.63
9240,Lisa Hart,branchryan@example.com,Madagascar,2020-06-25,Basic,3364.14
9241,Courtney Ramirez,shawnjohnson@example.net,Nauru,2024-06-25,Basic,2053.84
9242,Kendra Hernandez,zwilliams@example.net,Estonia,2022-01-20,Standard,7216.00
9243,Deborah Adams,robertclark@example.com,Spain,2022-10-25,Basic,6822.73
9244,Dawn Martin,michael64@example.net,Hong Kong,2024-08-17,Basic,2251.83
9245,Amanda Gutierrez,adominguez@example.net,Saudi Arabia,2024-10-01,Basic,289.15
9246,Gary Thomas,dunnjoshua@example.org,Svalbard & Jan Mayen Islands,2020-01-20,Premium,778.38
9247,Glenda Park,ramirezmark@example.net,United Kingdom,2025-05-08,Premium,4262.22
9248,David Hill,matthew93@example.com,Tajikistan,2023-07-10,Basic,8230.95
9249,James Long,skim@example.org,Fiji,2025-11-11,Standard,6301.79
9250,Carolyn Trujillo,michaelgraham@example.org,Vanuatu,2021-02-28,Premium,2711.03
9251,Ryan Joseph,marie68@example.com,Argentina,2021-12-09,Premium,1846.83
9252,Michelle Campbell,michellethomas@example.com,Sao Tome and Principe,2021-07-28,Basic,8773.13
9253,Cameron Barker,dunntimothy@example.org,Niger,2020-05-05,Standard,4144.70
9254,Mary Brown,amcclure@example.net,Saint Helena,2020-02-22,Standard,8432.55
9255,Joshua Fuentes,megan92@example.org,Mozambique,2024-05-09,Standard,2179.93
9256,Robert Jimenez DVM,robertfranco@example.com,Japan,2022-08-31,Basic,1513.58
9257,George Lawson,kendraprice@example.com,Swaziland,2024-03-18,Standard,5467.70
9258,Mr. James Perez,yvonnecooper@example.net,Norway,2020-10-24,Premium,6725.31
9259,Austin Cooper,marywright@example.com,Cape Verde,2025-03-22,Premium,4301.81
9260,Hannah Bell,brianna06@example.org,Ecuador,2022-07-05,Basic,9924.37
9261,Ariana Barton,smithnicole@example.org,Burundi,2021-09-27,Basic,9529.13
9262,David Whitney,danasmith@example.net,Northern Mariana Islands,2022-01-10,Premium,3501.69
9263,Julie Parks,ydavenport@example.org,Lao People's Democratic Republic,2023-01-12,Standard,472.00
9264,Shelly Bray,cherrypamela@example.net,Burundi,2022-07-12,Standard,6989.20
9265,Daniel Pena,madison17@example.net,Uruguay,2021-02-08,Basic,1289.29
9266,Janet Scott,michael77@example.org,Congo,2023-12-24,Standard,3555.20
9267,Gwendolyn Werner,mrodriguez@example.net,Spain,2025-06-12,Premium,6387.68
9268,Tiffany Barker,nicholasthompson@example.net,Namibia,2023-09-14,Standard,1109.73
9269,Matthew Hansen,nrussell@example.org,Algeria,2023-10-19,Standard,9848.25
9270,John Barker,tuckeraustin@example.net,Liechtenstein,2025-05-23,Standard,9242.18
9271,Robert Valdez,zgould@example.net,United States Virgin Islands,2024-10-05,Basic,4321.91
9272,Bobby Cervantes,dmanning@example.net,Jamaica,2021-08-29,Premium,9243.62
9273,William Wall,kevin59@example.org,Senegal,2025-02-12,Standard,318.34
9274,Veronica Lee,psanchez@example.net,Tajikistan,2023-02-16,Premium,7522.41
9275,Mrs. Jasmine Carter,eavery@example.org,Germany,2022-08-10,Premium,974.50
9276,Nicole Boyd,jeremy52@example.org,Iceland,2020-03-09,Standard,5983.69
9277,David Elliott,marygreen@example.com,Sudan,2021-05-10,Basic,1748.68
9278,Jamie Hunter,rhodesjohn@example.org,Portugal,2021-10-18,Premium,5921.91
9279,Xavier Gonzales,ayersdavid@example.org,Gabon,2022-03-20,Basic,8821.01
9280,Tina Jefferson,cgomez@example.org,Chile,2025-01-11,Basic,9904.85
9281,Gregory Savage,oconnelldavid@example.net,Argentina,2024-03-30,Premium,351.35
9282,Tina Coffey,guerrajanet@example.com,Korea,2021-07-18,Premium,7469.94
9283,Samantha Bell,mhodges@example.net,Georgia,2024-04-07,Standard,5208.79
9284,Rachel Taylor,vbonilla@example.com,Guinea-Bissau,2021-05-02,Premium,2042.59
9285,Alexa Bentley,jhobbs@example.org,Cape Verde,2020-12-13,Basic,7856.52
9286,Frances Johnson,rubenorozco@example.com,Svalbard & Jan Mayen Islands,2023-06-09,Premium,3441.59
9287,John Chavez,susan19@example.com,Gibraltar,2024-09-10,Standard,5694.83
9288,Alexis Daniels,robert57@example.com,Brazil,2023-01-18,Premium,3063.95
9289,Robert Warren,tonyamitchell@example.com,Christmas Island,2024-08-14,Standard,3791.68
9290,Mark Andersen,youngnancy@example.net,Uruguay,2022-12-30,Standard,1810.17
9291,Jacqueline Alvarado,serranogordon@example.com,Sudan,2025-01-15,Standard,4530.58
9292,Eric Adkins,johnsonray@example.com,Lithuania,2022-01-06,Premium,4255.80
9293,Jennifer Brown,amanda30@example.com,Taiwan,2022-12-17,Standard,1464.07
9294,Richard Lee,diamondlarson@example.org,Svalbard & Jan Mayen Islands,2021-05-10,Basic,7880.10
9295,Stephanie Rodriguez,chelseabecker@example.com,Lithuania,2025-06-13,Standard,1297.19
9296,Andrea Morgan,shirleytownsend@example.com,Iran,2020-12-04,Standard,8019.11
9297,Thomas Hooper,katherinewillis@example.net,Latvia,2021-07-12,Premium,9678.92
9298,Erik Scott,mcdonaldjoshua@example.net,Congo,2023-04-06,Standard,2147.13
9299,Elaine Werner,anthony14@example.net,Saint Pierre and Miquelon,2025-06-28,Premium,2163.25
9300,Derrick Sandoval,morrowtony@example.com,Oman,2021-10-30,Basic,3687.17
9301,Gregory Duncan,jennifertownsend@example.org,Ecuador,2022-07-24,Basic,6315.55
9302,Stephanie Williams,markphillips@example.com,Solomon Islands,2021-06-07,Standard,7098.04
9303,Andrew Jordan,heatherreynolds@example.net,France,2021-04-16,Premium,3252.36
9304,Megan Powell,boydelizabeth@example.com,Cote d'Ivoire,2023-06-20,Standard,7477.64
9305,Rachel Martin,jwilliams@example.com,Cyprus,2020-03-18,Standard,4560.32
9306,Michelle Smith,barbarabaxter@example.com,Cote d'Ivoire,2021-07-22,Basic,5177.45
9307,Jim Mcdonald,jamescollins@example.org,Brunei Darussalam,2024-09-27,Premium,8025.32
9308,Peter Smith,ijackson@example.net,Niue,2024-08-31,Basic,8908.13
9309,Matthew Melendez,oenglish@example.org,Japan,2021-08-22,Standard,5071.32
9310,Nicolas Buck,erinorozco@example.org,Isle of Man,2023-10-17,Basic,4054.16
9311,Lindsay Khan,nelliott@example.com,Canada,2024-10-01,Standard,7309.66
9312,Kevin Fisher,jamie63@example.org,Switzerland,2021-04-06,Standard,3068.88
9313,Kathleen Morales,cynthia68@example.net,Brunei Darussalam,2024-08-14,Standard,5555.68
9314,Sarah Gilbert,bobby65@example.com,Nepal,2023-08-16,Standard,9751.54
9315,Monica Montgomery,kellywilson@example.com,United Kingdom,2021-03-18,Basic,1143.75
9316,Tyler Taylor,sweaver@example.com,Iraq,2022-09-09,Standard,2354.75
9317,Ashley Ramsey,rachel58@example.net,Tanzania,2022-06-02,Standard,8971.79
9318,Samantha Smith,jamesstone@example.com,Cayman Islands,2024-11-02,Premium,5511.88
9319,Joseph James,dmorris@example.net,Bouvet Island (Bouvetoya),2025-03-07,Premium,6174.56
9320,Anthony Pham,carol46@example.org,Mongolia,2024-12-09,Standard,1339.57
9321,Shelly Lang,kelly68@example.org,Israel,2022-06-27,Basic,1662.91
9322,Brittney Davis,duanegarcia@example.org,Algeria,2023-07-24,Basic,885.68
9323,Anthony Williams,mcintyrematthew@example.org,Lao People's Democratic Republic,2021-02-10,Standard,5838.37
9324,Nicole Myers,zberry@example.net,Cape Verde,2022-11-09,Basic,1591.98
9325,Nicole Cummings,robertlove@example.org,Sao Tome and Principe,2023-07-31,Standard,1049.09
9326,Rebecca Williams,tylerjeffrey@example.net,Liberia,2022-04-18,Standard,7640.32
9327,Jeremy Smith,guerrerojack@example.net,Barbados,2024-09-11,Standard,4835.41
9328,Kristin Lopez,carl97@example.com,Bahrain,2020-07-17,Basic,4090.84
9329,Thomas Miller,saraforbes@example.com,Saint Vincent and the Grenadines,2024-04-12,Standard,3774.38
9330,William Washington Jr.,rpatton@example.com,Romania,2020-02-03,Standard,4653.13
9331,Nicole Morris,kellymcguire@example.org,Mali,2023-04-12,Premium,1086.60
9332,Mr. David Clements,uferguson@example.net,Guinea-Bissau,2020-02-24,Standard,740.33
9333,Erin Pearson,smedina@example.org,Guam,2024-05-18,Standard,5742.94
9334,Sonya Chavez,ilam@example.org,Liberia,2023-08-27,Basic,648.47
9335,Sonya Allen,tgarrett@example.net,San Marino,2023-03-12,Standard,9343.18
9336,Alicia Nguyen MD,buckluis@example.org,Holy See (Vatican City State),2021-03-28,Standard,1457.17
9337,Matthew Hinton,maddoxemma@example.net,Saint Kitts and Nevis,2022-07-30,Basic,5908.01
9338,Ralph Avila,xburch@example.org,Senegal,2022-12-20,Standard,9232.16
9339,David Glass,derektaylor@example.net,Libyan Arab Jamahiriya,2023-11-10,Basic,8548.58
9340,Amanda Nash,sarah32@example.org,South Africa,2020-05-06,Premium,6159.01
9341,Karen Rose,ashleybaker@example.com,Venezuela,2024-06-09,Standard,2929.43
9342,Margaret Villa,torresshaun@example.com,Ireland,2022-12-18,Basic,9597.14
9343,Melissa Escobar,dmontes@example.org,Venezuela,2021-03-15,Premium,2528.41
9344,Joshua Beard,rubiobrett@example.net,Sudan,2022-01-08,Standard,48.05
9345,Cheryl Reyes,taylorjenna@example.com,Madagascar,2021-07-02,Premium,9082.12
9346,Lisa Turner,hnelson@example.net,Cambodia,2020-07-17,Premium,979.99
9347,Grant Mendoza,xsolomon@example.net,Cuba,2022-01-21,Premium,4198.65
9348,Angela Perry,efuller@example.org,Sao Tome and Principe,2020-08-31,Standard,8137.49
9349,Bryan Knox,sjones@example.org,Liberia,2020-04-25,Premium,6039.15
9350,Nathan Campos,diazmatthew@example.com,Germany,2023-02-26,Standard,2977.81
9351,Shannon Beard,amandaberry@example.net,Lesotho,2022-01-06,Premium,3198.50
9352,Maria Jenkins,brownbenjamin@example.com,Tonga,2025-05-21,Standard,2025.40
9353,Robert Bond,timothyshaw@example.com,Kuwait,2025-09-04,Basic,7290.05
9354,Andrea Lopez,melissaparsons@example.net,Dominican Republic,2020-06-02,Standard,4197.94
9355,Dylan Stone,katrina14@example.org,Angola,2022-11-25,Basic,6070.30
9356,Samantha Holden,apacheco@example.com,New Zealand,2023-04-14,Standard,3490.22
9357,Alexandria Russell,jameswagner@example.org,Iraq,2022-10-19,Standard,1554.74
9358,Alicia Anderson,susanedwards@example.net,Jamaica,2024-10-07,Standard,7579.74
9359,John Robinson,nstephens@example.org,Belize,2021-09-11,Premium,3015.89
9360,Jessica Knight DDS,amber87@example.net,Saint Vincent and the Grenadines,2022-09-24,Basic,5229.53
9361,Raymond Perry,elizabeth42@example.org,Equatorial Guinea,2024-04-04,Basic,1523.83
9362,Tracy Dominguez,friedmanmichael@example.net,Mexico,2020-10-05,Basic,3595.24
9363,John Hernandez,deanrodriguez@example.org,Jersey,2023-03-25,Standard,3808.29
9364,Tyler Thompson,vmaynard@example.net,Algeria,2023-07-26,Premium,5980.83
9365,Eric Trevino,michael19@example.com,Jordan,2020-12-29,Standard,3074.97
9366,Daniel Turner,joselawrence@example.com,Qatar,2024-10-19,Premium,5364.82
9367,Vanessa Green,rileydanielle@example.net,Palestinian Territory,2022-04-17,Standard,460.56
9368,Justin Palmer,valenzuelabrian@example.org,Rwanda,2021-11-24,Standard,3988.03
9369,Christine Hudson,ashley44@example.net,Australia,2021-12-09,Standard,3754.35
9370,Marco Kerr,icollins@example.net,Bolivia,2025-06-03,Standard,2204.53
9371,Nathaniel Gonzalez,jenny38@example.com,Saint Vincent and the Grenadines,2023-03-01,Standard,9929.97
9372,Michael Harrington,todd26@example.net,Maldives,2025-06-05,Basic,2520.81
9373,Jared Pacheco,hrobertson@example.org,Svalbard & Jan Mayen Islands,2022-02-19,Premium,4318.94
9374,Adrian Barnes,klinewilliam@example.com,Christmas Island,2021-04-22,Standard,6662.71
9375,Jennifer Lyons,kthompson@example.org,Liberia,2021-08-07,Standard,7646.43
9376,Kimberly Scott,ramirezfrank@example.org,Israel,2024-05-23,Basic,8406.75
9377,Jodi Salinas,robert12@example.net,Slovenia,2024-11-09,Basic,3237.66
9378,Nicole Bailey,kristophercoleman@example.net,Guyana,2021-01-08,Premium,8928.81
9379,Jason Smith,john64@example.net,China,2023-09-02,Basic,128.38
9380,Angela Taylor,wnelson@example.org,Afghanistan,2023-04-27,Standard,8818.70
9381,Jesse Allen,laurie49@example.org,Uganda,2021-07-27,Basic,167.81
9382,Kelsey Carroll,jmckenzie@example.com,Angola,2025-04-25,Premium,4426.45
9383,James Thomas,mcknightrachel@example.net,Nicaragua,2022-09-12,Basic,5189.68
9384,Emily Adams,tony12@example.org,Gambia,2021-03-23,Basic,8196.86
9385,Angela Walton,david53@example.net,Anguilla,2020-06-22,Standard,1001.44
9386,Caleb Glenn,marcus98@example.org,Bahamas,2021-03-25,Standard,1704.98
9387,Andrew Jordan,jeffrey71@example.com,Qatar,2023-03-06,Standard,1705.52
9388,Billy Black,wilsonkathy@example.org,Libyan Arab Jamahiriya,2022-12-14,Standard,2403.98
9389,Monica Pugh,natalie59@example.com,Tokelau,2023-04-25,Premium,4037.99
9390,Alexis Jimenez,hollandedward@example.com,Martinique,2024-12-26,Basic,1071.04
9391,Laura Santos,natalie04@example.com,Saint Helena,2024-03-16,Basic,1048.22
9392,Ryan Fitzgerald,yriddle@example.com,Uganda,2024-07-19,Basic,1345.01
9393,Ernest Lee,navarrohoward@example.net,Costa Rica,2021-08-12,Premium,3411.81
9394,Robert Brown,bryancarrillo@example.net,Ethiopia,2024-06-19,Standard,8610.29
9395,Johnny Ortega,thomaswheeler@example.com,Malaysia,2022-06-24,Standard,6233.56
9396,Kevin Gibson,jbrown@example.com,French Polynesia,2020-08-30,Basic,6369.00
9397,Ruth Lee,anorman@example.org,Qatar,2022-02-13,Basic,389.40
9398,Joseph Garrett,dstone@example.org,Cote d'Ivoire,2023-12-30,Basic,6737.40
9399,Teresa Lee,tiffanythompson@example.com,Liberia,2025-07-21,Basic,7814.08
9400,Teresa Williams,kalexander@example.org,Congo,2022-06-18,Premium,446.01
9401,Daniel Weeks,melissa86@example.org,South Africa,2025-04-22,Standard,7411.68
9402,Robert Willis,kristie26@example.org,Costa Rica,2025-07-02,Standard,930.80
9403,Jennifer Nelson,stanleycook@example.net,Libyan Arab Jamahiriya,2021-11-29,Standard,2468.72
9404,Melissa Harmon,rdavis@example.com,Oman,2024-05-19,Premium,7740.43
9405,Sean Walker,anne52@example.com,India,2022-01-18,Standard,9384.03
9406,Steven Phillips,amyjohnson@example.org,El Salvador,2022-08-16,Premium,4637.44
9407,Dr. Cindy Butler,cameron24@example.com,Montserrat,2022-11-04,Standard,9787.89
9408,Steven Bryant,jeff05@example.com,Jamaica,2023-11-26,Basic,2226.81
9409,William Shea,jamesward@example.net,Monaco,2024-04-23,Premium,8302.34
9410,Tanya Mason,cheyenne94@example.org,Netherlands,2020-03-20,Standard,1485.16
9411,Christopher Cantu,wfields@example.org,British Virgin Islands,2025-04-25,Premium,5090.32
9412,Robin Pierce,brownrobin@example.com,Sudan,2020-08-26,Standard,7541.11
9413,Christopher Norris,lowerynathan@example.com,Serbia,2020-07-03,Basic,3305.04
9414,Ronnie Smith Jr.,marycannon@example.org,Lebanon,2020-11-09,Standard,141.56
9415,Melissa Matthews,kristen91@example.com,Guinea,2025-09-09,Standard,7292.83
9416,Megan Mcconnell,jeremyforbes@example.com,Timor-Leste,2021-06-21,Basic,310.83
9417,Elizabeth Gonzalez,shannonvargas@example.org,Estonia,2021-05-10,Basic,9563.04
9418,Kellie Atkinson,stephanieolson@example.com,United States of America,2023-07-25,Premium,5976.74
9419,Kathryn Kelley,goldenmatthew@example.com,Colombia,2024-11-27,Standard,795.27
9420,Mark Lawrence,qduke@example.net,Martinique,2024-03-24,Standard,8995.43
9421,Tara Robinson,ymorse@example.com,Norway,2020-12-11,Premium,7308.07
9422,Lauren Benson,thomasaustin@example.net,Peru,2021-01-22,Standard,5863.89
9423,Sheri Burton,amandamorales@example.org,Mauritius,2023-02-18,Premium,7094.46
9424,Charlene Wagner,kmorgan@example.com,Burkina Faso,2024-01-24,Standard,8781.24
9425,Michelle Hayden,margaret57@example.org,Indonesia,2023-07-12,Standard,4169.11
9426,Roger Romero,rebekah53@example.com,Bahamas,2022-10-28,Premium,894.47
9427,James Sanchez,,French Polynesia,2025-02-19,Standard,2467.43
9428,Victor Rodriguez,brianharris@example.net,Bahrain,2024-03-29,Premium,2203.78
9429,Monica Smith,alexismacias@example.net,Korea,2022-02-27,Basic,2470.56
9430,Pamela Miller,smalljennifer@example.net,Panama,2025-02-02,Standard,2208.21
9431,David Schneider,khensley@example.org,Lao People's Democratic Republic,2023-09-25,Standard,4586.35
9432,Kimberly Erickson,ejohnson@example.com,Italy,2023-10-27,Standard,4010.47
9433,Anna Rodriguez,meyerskeith@example.com,Bulgaria,2023-03-05,Basic,3216.79
9434,Vanessa Carroll,davidreilly@example.net,Mozambique,2022-12-20,Standard,3034.20
9435,Joshua Reed,danielle85@example.com,Mauritius,2021-01-17,Basic,9083.02
9436,Andrew White,scottbell@example.net,Mauritania,2024-06-19,Standard,5059.22
9437,Brianna Peterson,mooredebra@example.com,Myanmar,2020-03-18,Basic,5148.70
9438,Shawn Sexton,vjohnson@example.net,French Southern Territories,2023-11-06,Standard,6646.63
9439,Alexis Lin,johnsonlinda@example.net,Senegal,2025-11-17,Standard,8352.23
9440,Robert Bruce,sherrymontgomery@example.org,Bouvet Island (Bouvetoya),2023-11-26,Premium,770.17
9441,Donna Ayala,oconnellian@example.net,Bahamas,2022-09-09,Premium,1127.72
9442,Randy Chavez,natashabarnes@example.org,Spain,2024-07-03,Standard,3896.37
9443,Ronald Schmitt,martinezdana@example.org,Syrian Arab Republic,2021-07-13,Standard,2195.94
9444,Frances Anderson,sandraedwards@example.org,Guadeloupe,2024-06-12,Standard,2147.14
9445,Donald Kaiser,pwilliams@example.net,Kuwait,2021-05-31,Basic,6904.23
9446,Catherine Love,thomasmartin@example.org,Cote d'Ivoire,2024-12-08,Premium,7894.01
9447,Zoe Hudson MD,andreabennett@example.org,Greece,2025-03-10,Premium,4832.03
9448,Diane Boyd,shawn76@example.net,Djibouti,2022-02-02,Standard,205.41
9449,Sara Bauer,wmontgomery@example.org,Falkland Islands (Malvinas),2021-09-01,Standard,1566.16
9450,Haley Mcgee,joseph63@example.org,Moldova,2021-08-03,Standard,7715.19
9451,Laura Nguyen,shannonjones@example.net,Mongolia,2020-10-28,Standard,7932.71
9452,Yvette Cooper,fharris@example.org,Switzerland,2025-03-18,Premium,498.48
9453,Tiffany Fox,dpage@example.org,Niger,2020-07-28,Standard,4976.39
9454,Samantha Andrews,scottamber@example.org,Peru,2024-03-30,Basic,9575.54
9455,Manuel Mills,marcus68@example.com,Cocos (Keeling) Islands,2021-07-28,Premium,2127.55
9456,Jasmine Spence,wgregory@example.org,Bhutan,2020-11-25,Standard,7157.99
9457,Christopher White,garychavez@example.com,Austria,2022-10-21,Basic,5060.62
9458,Shannon Marquez,caitlin57@example.com,Guam,2021-04-19,Basic,6687.38
9459,Rachel Leblanc,julia65@example.net,Italy,2020-11-05,Basic,7601.71
9460,Danielle Brooks,hayleydavis@example.org,China,2024-05-01,Standard,6865.75
9461,Dylan Roman,ambersmith@example.org,Vietnam,2025-01-04,Premium,3585.87
9462,Jesus Dodson,deckerrobert@example.org,French Guiana,2023-12-10,Standard,6351.45
9463,Charles Smith,pamelasparks@example.org,Poland,2020-04-03,Standard,4696.14
9464,Kevin Hicks,angela32@example.net,United Arab Emirates,2025-02-03,Basic,8912.91
9465,Ryan Woods,pattersonkeith@example.net,Turks and Caicos Islands,2022-09-15,Standard,3187.11
9466,Cody Powers,millsglen@example.org,Poland,2023-07-24,Standard,2255.35
9467,Christine Webb,jelliott@example.net,Bolivia,2021-04-26,Basic,1752.56
9468,Mark Mathews,taylorbernard@example.org,Argentina,2024-08-16,Standard,2869.75
9469,Amber Baker,juliemarsh@example.org,Morocco,2024-09-28,Basic,6294.36
9470,John Bates,normancandace@example.com,American Samoa,2023-07-26,Standard,6981.92
9471,Bryan Andrews,nicholas95@example.org,Costa Rica,2024-07-27,Standard,9416.78
9472,Lisa Howard,kgutierrez@example.net,Morocco,2024-12-19,Standard,6820.26
9473,Nathan Cruz MD,mariamorgan@example.com,Zambia,2021-05-05,Standard,1241.42
9474,Christine Barnes,walkerkaren@example.com,Ukraine,2023-03-01,Premium,1744.01
9475,William Jones,andreathomas@example.net,South Africa,2022-06-03,Premium,4547.55
9476,Rachel Hall,walkerluis@example.com,Maldives,2021-08-24,Basic,2977.97
9477,Tamara Smith,tiffany26@example.org,Sudan,2025-05-08,Basic,8780.91
9478,Alexander Gregory,bethany13@example.org,China,2025-12-14,Premium,9128.95
9479,Michael Morgan,smithcindy@example.com,Seychelles,2025-09-02,Basic,4359.32
9480,Suzanne Adams,annasimmons@example.net,Palau,2021-09-24,Standard,8989.53
9481,Samantha Mann,tonya07@example.com,Mongolia,2020-01-27,Basic,7039.89
9482,Sean Heath,michael52@example.org,American Samoa,2025-07-05,Basic,2672.45
9483,Darren Powers,jeffreyhayden@example.com,Tonga,2023-02-16,Standard,8359.10
9484,Robyn Massey,shelbymitchell@example.net,Liberia,2022-04-20,Standard,9767.34
9485,Michael Cook,lucasmartin@example.org,Philippines,2021-05-09,Standard,1673.07
9486,Jamie Wheeler,candacegarcia@example.org,Cook Islands,2024-04-02,Standard,777.52
9487,Jonathan Martin,sanderskelly@example.net,Benin,2023-06-02,Standard,122.64
9488,Kristen Mckinney,gfernandez@example.org,Azerbaijan,2022-07-22,Basic,2896.49
9489,James Conley,johnsonvalerie@example.org,Ukraine,2020-06-14,Standard,1217.60
9490,Bethany Lopez,rebecca31@example.org,Bulgaria,2020-02-03,Standard,7655.22
9491,Mary Banks,pamelaerickson@example.net,Reunion,2022-07-04,Standard,7764.61
9492,Jessica Cordova,andersonpeter@example.com,French Guiana,2025-04-18,Standard,8389.60
9493,Kathryn Jackson,pgarcia@example.net,French Polynesia,2023-03-08,Premium,336.58
9494,Mary Phillips,catherinerivera@example.com,Mexico,2022-05-16,Basic,2282.65
9495,Darrell Ross,wesleybush@example.net,American Samoa,2024-09-13,Standard,5474.35
9496,Michele Flores,christopher51@example.com,Austria,2024-12-18,Standard,1844.81
9497,Robert Knight,phamdakota@example.net,South Africa,2025-08-08,Standard,4388.05
9498,William Mendez,carol48@example.com,Nigeria,2023-11-29,Premium,1112.38
9499,Michelle Fernandez,vcontreras@example.org,Tajikistan,2021-05-18,Standard,3635.37
9500,Robert Wang,mariecruz@example.com,Rwanda,2025-05-28,Standard,2459.58
9501,Donald Horton,aalexander@example.net,Denmark,2021-08-31,Standard,28.36
9502,Luke Black,aaronfisher@example.org,Cook Islands,2023-03-17,Basic,3079.21
9503,Stephanie Smith,duartekerri@example.org,Congo,2025-08-28,Standard,5008.98
9504,Jenna Martin,pthompson@example.com,Cook Islands,2021-05-05,Standard,684.50
9505,Angelica Waller,waltersbrett@example.org,Gibraltar,2020-01-28,Standard,1816.99
9506,Yolanda Briggs,thompsonbilly@example.com,Ghana,2022-07-01,Basic,9444.19
9507,Daniel Richmond,david67@example.com,Timor-Leste,2022-03-28,Premium,4623.26
9508,Patrick Williams,kjackson@example.org,Barbados,2024-03-08,Standard,8768.12
9509,Brittany Leblanc,steven84@example.com,Spain,2024-04-27,Basic,8933.30
9510,Shari Watson,rose41@example.org,Austria,2022-11-08,Standard,8394.22
9511,Clifford Mendoza,cameron41@example.com,Ireland,2024-12-23,Standard,5589.68
9512,Jessica Butler,edwardmullins@example.org,Martinique,2020-10-14,Standard,3458.12
9513,Bradley Nelson,kelleyjulie@example.org,Palau,2021-05-27,Basic,3945.43
9514,Jacob Hill,evansbrenda@example.com,Jamaica,2020-08-05,Standard,3931.91
9515,Melanie Greene,keithgarcia@example.net,Micronesia,2024-08-31,Premium,1686.68
9516,Steven Neal,mjohnson@example.com,Iraq,2021-07-17,Standard,9145.71
9517,Donald Jenkins,sspence@example.net,Malawi,2024-11-17,Premium,7180.25
9518,Christina Everett,christophermartinez@example.com,Chad,2025-04-04,Basic,5864.54
9519,Morgan Galvan,hmoore@example.net,Mexico,2025-05-20,Basic,6154.19
9520,Craig Jimenez,debbietran@example.com,Saudi Arabia,2025-02-12,Standard,8783.27
9521,Joseph Rogers,mlynch@example.com,Saint Barthelemy,2025-12-28,Standard,7259.08
9522,Danielle Harris,kingkevin@example.com,Mexico,2025-04-06,Standard,6389.66
9523,Oscar Stewart,cynthiasmith@example.org,Antigua and Barbuda,2024-04-22,Standard,8306.55
9524,Evelyn Matthews,james53@example.net,Guinea-Bissau,2020-03-26,Basic,5208.41
9525,Beverly Cross,smarsh@example.com,Gibraltar,2023-10-05,Standard,2941.15
9526,Vanessa Gross,debrajones@example.org,French Polynesia,2025-03-18,Standard,1220.47
9527,Scott Garcia,rebekah06@example.org,Holy See (Vatican City State),2022-11-16,Standard,4580.98
9528,Alexis Mercer,michaelmartin@example.org,Togo,2022-01-17,Premium,4887.10
9529,Jimmy Stephens,riveralaura@example.com,Colombia,2024-10-30,Standard,7830.96
9530,Amy Smith,alexandergriffin@example.org,Montserrat,2022-05-11,Basic,6234.52
9531,Michael Burke,michael34@example.com,Svalbard & Jan Mayen Islands,2025-03-07,Basic,7707.12
9532,Michael Anderson,daltonmonique@example.com,British Virgin Islands,2025-01-11,Basic,795.01
9533,Regina Frazier,whitneyreid@example.net,Armenia,2024-04-19,Standard,8579.02
9534,Marissa Espinoza,gibbsjacqueline@example.net,Aruba,2020-01-14,Standard,4053.05
9535,Jamie Jones,nancy75@example.org,Rwanda,2022-10-20,Standard,9309.80
9536,Ashley Snyder,carlos51@example.org,Malaysia,2023-12-03,Basic,6534.74
9537,Andrew Cohen,petersenandrew@example.net,Syrian Arab Republic,2024-10-10,Standard,5088.13
9538,Vincent Contreras,derrick17@example.com,Egypt,2020-04-03,Basic,5478.79
9539,Erin Rodriguez,chelsea78@example.com,Germany,2023-06-28,Premium,2679.90
9540,Courtney Conway,castillochristie@example.com,Gambia,2023-01-07,Standard,3847.95
9541,Bobby Stout,gweber@example.org,Solomon Islands,2021-09-24,Premium,1675.65
9542,Cody Hunt,rdickerson@example.net,Saint Lucia,2023-05-10,Standard,1708.81
9543,Carl Avery,urobinson@example.com,Russian Federation,2023-11-27,Basic,917.15
9544,Cole Cruz,pamelalee@example.org,Yemen,2021-12-10,Standard,7986.00
9545,Randy Bender,angela57@example.net,Saint Pierre and Miquelon,2021-06-14,Standard,2652.68
9546,Daniel Lucero,ocabrera@example.com,British Indian Ocean Territory (Chagos Archipelago),2025-10-11,Standard,3288.05
9547,Angela Downs,ramosdaniel@example.com,Saint Lucia,2024-05-05,Standard,6889.88
9548,Todd Martinez,hollystewart@example.com,Antigua and Barbuda,2023-12-02,Basic,4245.17
9549,Dalton Moon,brian39@example.com,Palestinian Territory,2020-08-24,Basic,6493.35
9550,Suzanne Thompson,iturner@example.org,Mayotte,2022-05-31,Standard,849.78
9551,Joseph Jones,tdavis@example.com,Guernsey,2020-03-12,Basic,7394.77
9552,Misty Alexander,randerson@example.com,Belarus,2020-09-08,Standard,8213.84
9553,Sonia Ruiz,joneschristine@example.org,Syrian Arab Republic,2021-10-22,Basic,4076.42
9554,Eric Pace,oedwards@example.net,Mayotte,2023-06-07,Standard,6346.99
9555,Jacqueline Peterson MD,donald95@example.org,Syrian Arab Republic,2024-03-10,Premium,6452.35
9556,Steven Quinn,christopher75@example.org,Lebanon,2023-12-23,Basic,9413.03
9557,Lisa Navarro,vasquezcharles@example.org,Korea,2025-10-20,Premium,7951.79
9558,Linda Baker,timothyhester@example.org,Tanzania,2020-03-20,Premium,64.96
9559,Barbara Armstrong,jbailey@example.net,United Kingdom,2021-11-23,Basic,8980.55
9560,Ricky Burke,phillipmcneil@example.net,Canada,2025-10-05,Basic,3988.47
9561,Scott Barker,seanrocha@example.com,Saint Lucia,2023-06-29,Standard,5315.88
9562,Jeremy Mckinney,kevin88@example.net,Latvia,2020-06-14,Standard,6647.17
9563,Lynn Jennings,qhawkins@example.com,Tonga,2023-09-11,Standard,5147.34
9564,Roy Martin,rgrant@example.net,Niger,2023-10-12,Basic,8870.45
9565,Dylan Fernandez,kathleenarroyo@example.net,Norway,2022-03-18,Standard,9498.69
9566,Patricia Stewart,julia31@example.org,Uruguay,2020-05-19,Basic,8279.10
9567,Cody Molina,xmorgan@example.org,Antigua and Barbuda,2022-01-12,Standard,2709.74
9568,Terry Johnson,susanlee@example.net,Bahamas,2021-01-06,Standard,6691.23
9569,Troy Edwards,mathew53@example.net,French Guiana,2025-10-25,Premium,830.10
9570,Valerie Coleman,bobby75@example.net,Brazil,2022-05-11,Premium,9843.61
9571,Ralph Cantrell,bennettanne@example.org,Kenya,2021-03-18,Premium,4201.44
9572,Brittany Pope,vyoung@example.org,Morocco,2020-01-03,Premium,2223.59
9573,Jennifer Hayes,alicedavis@example.org,Saint Barthelemy,2021-09-25,Premium,2504.87
9574,Eric Martin,james46@example.com,Nauru,2022-06-21,Standard,4576.50
9575,Douglas Richardson,wattskristen@example.org,Anguilla,2021-08-02,Standard,1077.81
9576,Karen Reed,christopherthompson@example.net,British Virgin Islands,2025-09-28,Standard,5051.12
9577,Grant Collins,richard40@example.com,Afghanistan,2023-01-31,Basic,6616.43
9578,Yolanda Cameron,williamsdon@example.net,Somalia,2024-09-10,Premium,2573.36
9579,Juan Jones,cortezalexander@example.com,Belize,2023-01-24,Standard,2800.10
9580,Brian Bell,munozdiana@example.net,Marshall Islands,2024-10-26,Standard,7722.02
9581,Vincent Marquez,mahoneyjulia@example.com,Australia,2020-10-31,Basic,4839.70
9582,Lisa Griffin,danielsmark@example.net,Armenia,2023-06-20,Premium,9720.64
9583,Evan Scott,uelliott@example.com,Trinidad and Tobago,2020-01-26,Premium,8144.30
9584,Justin Pratt,dickersonreginald@example.com,Heard Island and McDonald Islands,2024-04-30,Basic,6245.28
9585,Mike Mcbride,hwilliams@example.net,United Arab Emirates,2021-02-12,Basic,689.86
9586,Jeremy Vaughn,riveraalexis@example.org,Palestinian Territory,2024-09-16,Standard,2755.99
9587,Karen Smith,ttaylor@example.org,United States of America,2025-08-12,Standard,7595.61
9588,Lisa Figueroa,timothy87@example.com,Turkey,2025-04-29,Standard,895.47
9589,Crystal Juarez,erikanewman@example.net,Myanmar,2021-04-10,Standard,2620.38
9590,Walter Scott,nichole84@example.org,Trinidad and Tobago,2024-12-07,Premium,1701.59
9591,Brian Curry,bradleybrandt@example.com,Georgia,2020-12-30,Standard,7965.06
9592,Stephanie Hays,gcurtis@example.com,Latvia,2020-09-28,Standard,429.20
9593,Samantha Rich,sabrinaedwards@example.org,Mali,2025-08-28,Premium,5239.77
9594,Allison Olson,ywilliams@example.com,Kuwait,2024-11-12,Standard,1077.19
9595,Andre Mendez,david00@example.com,American Samoa,2022-02-09,Standard,6324.16
9596,Chad Cisneros,gibsoncarmen@example.net,Mali,2022-12-09,Standard,2.96
9597,Aaron Williams,hmorales@example.com,French Polynesia,2023-09-27,Basic,1425.76
9598,Miranda Davila,nalexander@example.net,Peru,2025-05-04,Standard,1117.53
9599,Walter Allen,scruz@example.org,Angola,2020-07-30,Basic,9845.93
9600,James Nguyen,staceymiller@example.org,Lao People's Democratic Republic,2025-06-17,Basic,3340.78
9601,Dennis Morris,sberger@example.com,American Samoa,2023-06-03,Standard,5919.40
9602,Seth Parker,hunter70@example.net,United Arab Emirates,2025-11-28,Standard,6694.67
9603,Mariah Weiss,tricia81@example.net,Saint Barthelemy,2021-12-06,Standard,1785.34
9604,Christopher Scott,shannon31@example.net,Mexico,2021-11-14,Premium,7417.02
9605,Jesse Sloan Jr.,ramseyjustin@example.com,British Indian Ocean Territory (Chagos Archipelago),2024-04-10,Standard,9862.72
9606,Jose Osborne,sheena05@example.net,Kyrgyz Republic,2023-02-28,Premium,4133.77
9607,Abigail Underwood,wvargas@example.net,Saint Helena,2022-01-04,Basic,5805.12
9608,Vanessa Heath,donna90@example.net,Nigeria,2023-01-23,Standard,8842.41
9609,Curtis Bowman,jharper@example.net,Palestinian Territory,2023-05-17,Basic,7445.61
9610,Kelly Carson,sharonmiller@example.org,Palau,2022-02-25,Basic,1012.73
9611,John Wheeler,jordanparker@example.net,Micronesia,2024-02-08,Basic,5995.57
9612,Amanda Haynes,tamara26@example.net,Italy,2020-05-16,Standard,3463.37
9613,Pam Young,cvalencia@example.com,Haiti,2025-06-21,Premium,6077.47
9614,Carla Horton,jrichardson@example.org,Uzbekistan,2022-01-25,Premium,8609.83
9615,Morgan Browning,hendersonmichael@example.org,Honduras,2023-01-20,Premium,4279.59
9616,Jessica Park,myu@example.com,Fiji,2025-02-15,Basic,52.38
9617,Aaron Bullock,bedwards@example.com,Mexico,2024-06-24,Standard,9812.88
9618,Karen Williams,rebeccamartinez@example.com,Tonga,2020-07-09,Standard,849.63
9619,Christopher Baker,daniel66@example.net,Kenya,2021-11-16,Standard,1655.05
9620,Michael Ramirez,hkidd@example.com,Liberia,2020-10-02,Basic,9148.17
9621,Sharon Rangel,gerald54@example.net,Israel,2022-12-14,Basic,6352.19
9622,Robert Rodriguez,jnolan@example.org,Finland,2020-04-19,Premium,213.83
9623,Jennifer Martin,johnthompson@example.net,Jamaica,2020-11-01,Standard,1928.34
9624,Kayla Silva,ellisjack@example.org,Poland,2020-12-05,Basic,7984.60
9625,Jared Miller,jtravis@example.com,Cambodia,2024-04-04,Premium,5419.30
9626,Kayla Massey,lisa75@example.net,New Caledonia,2024-03-18,Standard,6277.04
9627,Michelle Davis,teresajackson@example.net,Qatar,2025-06-16,Standard,7761.35
9628,Troy Lewis,millervictoria@example.net,Germany,2023-03-18,Standard,7359.13
9629,Lauren Harvey,briannaallen@example.net,New Caledonia,2024-02-05,Premium,7134.13
9630,Rebecca Jordan,wesleywilson@example.org,Cote d'Ivoire,2025-03-18,Standard,6238.86
9631,Kenneth Campbell,smithmargaret@example.net,Thailand,2023-06-22,Premium,2220.70
9632,Andrew Miller,nicholas66@example.com,Denmark,2020-09-26,Basic,2794.92
9633,Dr. Jennifer Gutierrez,mgalvan@example.com,Germany,2024-08-02,Basic,6389.77
9634,Keith Hernandez,ramirezjeremy@example.org,San Marino,2024-05-29,Standard,4640.75
9635,Monique Weber,wilsoncarl@example.org,Mauritania,2020-06-26,Standard,6368.55
9636,Danielle Obrien,laura23@example.com,Wallis and Futuna,2022-02-04,Premium,8752.13
9637,Janet Peterson,dconway@example.com,Yemen,2022-09-19,Basic,1880.58
9638,Jennifer Ellis,anna72@example.net,Seychelles,2025-02-28,Basic,811.13
9639,Kelly Robinson,andersonelizabeth@example.org,Denmark,2025-08-17,Basic,2514.95
9640,Marc Collins,gregoryray@example.org,Maldives,2023-04-03,Standard,1660.04
9641,Rebecca Allison,raymondsmith@example.org,Qatar,2024-01-15,Basic,7497.36
9642,Eric Burns,cannonjessica@example.com,Togo,2023-05-12,Standard,5772.77
9643,David Brown,jacobclements@example.net,Rwanda,2020-07-27,Standard,4586.00
9644,Melissa Sanchez,hernandezralph@example.com,Somalia,2023-01-30,Standard,8428.88
9645,Gary Singh,tracybrown@example.org,Belize,2022-12-26,Premium,3925.94
9646,Mark Fields,cynthiahenderson@example.net,Andorra,2021-02-05,Standard,7203.86
9647,Gabrielle Bruce,amy53@example.com,Mali,2020-12-22,Standard,767.34
9648,James Irwin,george33@example.net,El Salvador,2025-03-26,Premium,7240.46
9649,Mitchell Hudson,haley90@example.net,Paraguay,2025-08-30,Standard,5032.30
9650,Edward Williams,jeremybarton@example.org,Niger,2023-08-18,Premium,9750.73
9651,Alyssa Hunter,craig37@example.org,Heard Island and McDonald Islands,2021-08-17,Standard,9037.85
9652,Amy Anderson,teresa19@example.com,Bulgaria,2024-03-17,Standard,3091.44
9653,Sierra Sosa DDS,qromero@example.com,Indonesia,2020-12-10,Standard,3225.07
9654,Jorge Carson,olsontimothy@example.com,South Africa,2020-11-29,Basic,1999.84
9655,Ashley Velazquez,barbaramcdaniel@example.org,Northern Mariana Islands,2025-04-02,Standard,4872.03
9656,Amy Green,travis37@example.org,Taiwan,2021-08-08,Premium,5537.26
9657,Juan Steele,david86@example.net,Turkmenistan,2024-08-02,Standard,7991.72
9658,Debra Baird,tracisalazar@example.org,Cameroon,2022-01-30,Premium,7630.63
9659,Sarah Cummings,jwise@example.net,Ghana,2025-04-29,Standard,5423.54
9660,Anthony Bishop,eric67@example.net,Myanmar,2025-08-20,Basic,5102.34
9661,Melvin Lopez,kemplisa@example.com,Pakistan,2025-09-25,Standard,6364.06
9662,Angela Stuart,pwhite@example.com,Argentina,2022-04-15,Standard,4161.61
9663,Larry Smith,rpearson@example.net,Svalbard & Jan Mayen Islands,2020-01-13,Standard,8535.14
9664,Richard Thornton,waltonantonio@example.net,Comoros,2021-11-17,Basic,2490.82
9665,Ryan Rice,hortonjessica@example.com,Taiwan,2024-02-19,Premium,2329.57
9666,Michael Gomez MD,plong@example.com,Norfolk Island,2021-09-22,Standard,7808.09
9667,Sara Pierce,gmerritt@example.org,Lesotho,2021-05-02,Basic,5369.33
9668,Corey Ryan,michael65@example.net,Turkey,2021-09-11,Basic,2267.39
9669,Paul Griffin,roy82@example.org,Philippines,2024-04-25,Basic,3268.89
9670,Dylan Estrada Jr.,whitneymichael@example.com,Finland,2023-08-05,Basic,6267.10
9671,Ethan Rodriguez,hdiaz@example.com,Brazil,2022-10-27,Basic,8417.94
9672,Denise Keller,alexander48@example.com,Guadeloupe,2023-10-28,Standard,7051.23
9673,John Michael,mullenthomas@example.net,Botswana,2024-06-13,Basic,896.99
9674,Sandra Kelley,kgarza@example.org,Fiji,2025-10-09,Standard,6150.54
9675,John Miller,joshuawilliamson@example.net,Chile,2023-02-17,Basic,649.52
9676,Karen Mendoza,dabbott@example.com,Uganda,2020-04-10,Standard,6079.76
9677,Julia Tapia,jeremylopez@example.net,Cayman Islands,2025-05-13,Basic,279.80
9678,Joseph Jordan,qpadilla@example.com,Saudi Arabia,2023-02-08,Premium,3388.15
9679,Colleen Reyes,brookssandra@example.org,Slovenia,2021-04-05,Standard,8418.65
9680,Timothy Lopez,kylephillips@example.org,Argentina,2024-12-12,Basic,9127.66
9681,Heather Harrison,donald13@example.com,Barbados,2022-06-20,Basic,9728.20
9682,Gina Moyer,bryantjennifer@example.com,Algeria,2025-02-24,Standard,7351.79
9683,Steven Perkins,deborahtaylor@example.org,Iraq,2024-03-08,Basic,4475.08
9684,Brooke Byrd,ifisher@example.org,Honduras,2023-12-10,Standard,318.33
9685,Timothy Cooper,vsmith@example.com,Moldova,2024-06-29,Premium,4136.31
9686,Tamara Daniels,joseph21@example.org,Martinique,2024-10-13,Basic,2684.77
9687,Ariel Holmes,sallen@example.com,Nicaragua,2025-03-05,Basic,906.34
9688,Matthew Wilson,andre83@example.net,Andorra,2025-11-22,Standard,3783.16
9689,Denise Hall,itrevino@example.com,Saint Pierre and Miquelon,2024-04-14,Standard,2048.58
9690,Christy Davis,daniel58@example.org,Mozambique,2020-08-13,Standard,157.72
9691,Catherine Mckay,hbradford@example.com,Anguilla,2023-11-18,Basic,5767.03
9692,Joel Smith,ggonzalez@example.com,Armenia,2023-02-26,Standard,7690.30
9693,Willie Cline,jacobsonmichelle@example.com,Eritrea,2021-04-07,Standard,4188.65
9694,James Gordon,mejiapatricia@example.org,Saint Vincent and the Grenadines,2021-11-23,Standard,6297.66
9695,Eric Thompson,alexander98@example.com,Northern Mariana Islands,2021-03-11,Standard,30.06
9696,Veronica Booker,janethayes@example.com,Svalbard & Jan Mayen Islands,2025-09-02,Standard,5148.22
9697,Sharon Smith,smithzachary@example.net,Cape Verde,2023-04-10,Basic,7644.78
9698,Robert Gallagher,nicholas09@example.com,Saint Lucia,2024-03-11,Standard,362.81
9699,Christina Wong,dperez@example.org,Angola,2020-06-23,Standard,1533.59
9700,Robert Underwood,pattersondawn@example.org,Korea,2025-04-02,Basic,6838.29
9701,Cynthia Hernandez,jeffery39@example.com,Belgium,2024-03-23,Basic,7622.65
9702,Nicole Richardson,raymond81@example.com,New Caledonia,2020-07-24,Basic,2071.75
9703,Thomas Williams,ukline@example.net,Saint Vincent and the Grenadines,2024-12-05,Standard,3376.74
9704,Paula Young,alicia47@example.org,Vietnam,2021-12-17,Basic,1889.63
9705,Maxwell Scott,andrewsanthony@example.net,Micronesia,2024-04-01,Premium,5640.57
9706,Meagan Edwards,melissa09@example.org,Cambodia,2020-02-10,Basic,5573.84
9707,Heather Roberts,andersonmarissa@example.com,France,2023-06-11,Premium,9239.83
9708,Justin Castillo,alexandra00@example.org,Iceland,2025-07-16,Basic,6344.68
9709,John Humphrey,contrerascaitlin@example.net,Rwanda,2024-05-10,Standard,4132.53
9710,Mr. Donald Stevens,jane56@example.net,Guernsey,2023-09-20,Standard,6389.30
9711,Justin Taylor,rewing@example.org,San Marino,2024-06-26,Premium,7581.90
9712,Christopher Solomon,eric37@example.net,Russian Federation,2022-02-03,Standard,3459.89
9713,Luke Stark,luke65@example.net,Libyan Arab Jamahiriya,2025-05-04,Premium,3757.49
9714,Brittany Hawkins,smithcolleen@example.com,Vietnam,2021-05-14,Standard,1321.49
9715,Ashley Smith,fostersherri@example.com,Cameroon,2025-10-04,Standard,8552.81
9716,Charles Wilson,martinmichael@example.com,Georgia,2020-07-11,Standard,8825.14
9717,Alicia Cummings,grant98@example.org,Sudan,2020-01-16,Standard,4302.71
9718,Charles Cohen,elizabeth37@example.com,Hong Kong,2021-04-13,Standard,2600.84
9719,Maureen Howard,pmartin@example.org,Malaysia,2023-06-21,Standard,4526.94
9720,Jesse Reynolds,aprilbell@example.org,Northern Mariana Islands,2025-06-09,Standard,4412.46
9721,Amanda Williams,annettepope@example.org,Nauru,2022-04-01,Standard,7364.66
9722,David Bush,jmcdonald@example.com,Montenegro,2020-10-09,Standard,7083.26
9723,Stacey Griffin,anthony20@example.com,Mozambique,2024-10-18,Standard,87.22
9724,Sherry Adams,nicoleramirez@example.com,Bosnia and Herzegovina,2022-07-30,Premium,1753.43
9725,Jesse Allen,diane76@example.net,Italy,2025-08-25,Standard,6919.95
9726,Amy Smith,ehoward@example.com,Mexico,2020-03-14,Standard,1195.01
9727,Brittany Woodard,thompsonpatrick@example.org,Bhutan,2021-03-24,Standard,6668.10
9728,Crystal Bates,torreskatherine@example.com,North Macedonia,2021-05-15,Standard,9156.30
9729,David Reynolds,lmiranda@example.com,Argentina,2022-03-11,Basic,3675.74
9730,Suzanne Brock,hlara@example.com,Vanuatu,2020-10-19,Standard,8616.18
9731,Christine Gross,lisa38@example.com,Indonesia,2024-05-29,Standard,4297.82
9732,Patricia Rojas,jreese@example.org,Dominican Republic,2023-07-29,Standard,502.34
9733,Stacey Jones,garywood@example.com,Bolivia,2023-03-23,Standard,545.95
9734,Hector Olson,martin32@example.net,Fiji,2021-08-15,Standard,2502.76
9735,Jennifer Willis,fnguyen@example.com,Lao People's Democratic Republic,2021-10-22,Standard,9929.87
9736,James Brown,hyoung@example.org,Cameroon,2024-10-15,Standard,1366.51
9737,Victoria Rodriguez,cherylfields@example.com,Heard Island and McDonald Islands,2020-08-31,Premium,7838.96
9738,Karen Clark,rasmussenmelody@example.org,Afghanistan,2023-05-10,Standard,1015.05
9739,Nicole Nguyen,thomas72@example.org,Palau,2025-01-18,Standard,1949.84
9740,Troy Bradley,eddiewashington@example.net,Tanzania,2021-01-16,Standard,1278.95
9741,Linda Atkinson,tammycontreras@example.net,Myanmar,2025-07-16,Basic,8225.91
9742,April Nunez,michael53@example.net,Georgia,2023-01-14,Basic,1562.90
9743,Edward Morgan,aimeerussell@example.org,Belize,2021-03-19,Basic,5887.66
9744,Cristina Cook,sarajenkins@example.com,Falkland Islands (Malvinas),2020-05-21,Premium,2678.22
9745,Joanna Bartlett,psmith@example.net,Uruguay,2024-01-26,Standard,3614.38
9746,Vincent Garcia,anthony70@example.net,British Virgin Islands,2024-01-21,Basic,3477.92
9747,James Hull,leblanceric@example.net,Iraq,2021-09-15,Premium,4042.16
9748,Christopher Burke,estradawilliam@example.org,Sudan,2021-08-06,Premium,2509.57
9749,Tina Clark,joannahuff@example.net,Seychelles,2021-06-02,Basic,7836.84
9750,William Walker,ywalker@example.org,Singapore,2025-08-11,Standard,8061.22
9751,Kyle Murray,gomezjacob@example.net,Eritrea,2022-04-16,Standard,6614.83
9752,Kimberly Davis,christina72@example.net,Cameroon,2023-12-15,Standard,4573.02
9753,Shelia Smith,yrobinson@example.org,Kuwait,2025-11-04,Standard,516.49
9754,Matthew Lane,warrenbenjamin@example.com,Svalbard & Jan Mayen Islands,2022-03-31,Basic,6548.74
9755,Michael Williams,williamstammy@example.net,Pakistan,2021-10-01,Premium,4079.86
9756,Christina Li,davidhill@example.org,Iraq,2023-07-29,Standard,445.03
9757,Jessica Miles,oross@example.org,Italy,2021-10-10,Standard,2248.37
9758,Carol Carrillo,joseph80@example.net,Afghanistan,2023-06-12,Standard,3502.75
9759,Jodi Lambert,caseyelizabeth@example.org,Italy,2021-02-02,Standard,4780.18
9760,Gary Thomas,seanchavez@example.com,Morocco,2023-05-16,Standard,9476.93
9761,Martin Hall,brownryan@example.org,Christmas Island,2021-12-08,Basic,1667.85
9762,Emily Hensley,kristinharrison@example.org,Portugal,2024-02-24,Standard,7495.28
9763,Heather Poole,adamcastillo@example.com,Macao,2022-03-08,Standard,2741.40
9764,Charles Ewing MD,,Norway,2022-08-06,Standard,7619.68
9765,Jennifer Ochoa,annerogers@example.com,Lao People's Democratic Republic,2022-03-03,Standard,42.18
9766,Sergio Perez,yjohnson@example.org,Albania,2021-07-07,Basic,742.39
9767,Brian Anderson,longwilliam@example.org,Switzerland,2024-03-22,Standard,2717.23
9768,Richard Wilson,troywarren@example.org,Seychelles,2021-06-13,Standard,3573.50
9769,Kayla Hodges,millermakayla@example.com,Croatia,2022-10-13,Basic,7254.94
9770,Michelle Anderson,julie05@example.org,Bouvet Island (Bouvetoya),2021-03-11,Premium,5031.41
9771,Misty Peck,jeremiahrivera@example.net,Lebanon,2020-01-19,Premium,1880.97
9772,Lindsey Jones,blogan@example.com,Oman,2023-09-23,Standard,5501.02
9773,Richard Porter,anthony13@example.net,Lesotho,2024-03-06,Premium,1359.42
9774,John Shaffer,kent92@example.net,United States Virgin Islands,2025-05-30,Premium,6631.39
9775,Dr. Monica Harris,ecole@example.net,Central African Republic,2024-01-19,Standard,2838.55
9776,Kevin Cooper,heidi49@example.net,Romania,2020-07-16,Basic,9626.84
9777,Ruben George,ashleywade@example.org,Sudan,2023-07-07,Standard,1036.79
9778,Victor Proctor,powellhannah@example.com,Germany,2022-09-24,Standard,989.63
9779,Daisy Gibson,ericwilliams@example.org,Holy See (Vatican City State),2025-03-08,Standard,599.55
9780,Kayla Conner,wpena@example.com,Turks and Caicos Islands,2023-04-16,Basic,8143.30
9781,Kelly Clark,logan04@example.org,Micronesia,2020-04-19,Standard,3605.70
9782,Phillip Leon,michaelnunez@example.net,Netherlands,2023-04-26,Standard,330.07
9783,Renee Richard,lopezjoshua@example.org,Mexico,2022-04-02,Standard,3447.95
9784,Eric Nash,jthomas@example.org,Suriname,2023-04-21,Standard,5453.36
9785,Mary Stevens,travis20@example.com,Brunei Darussalam,2023-03-01,Basic,4647.37
9786,Danny Evans,michelle18@example.org,Barbados,2021-05-05,Basic,299.82
9787,Chad Jackson,brittanymcdaniel@example.org,Greenland,2024-11-02,Standard,9315.25
9788,Tracey Rhodes,mtownsend@example.com,Gibraltar,2020-07-30,Premium,666.61
9789,Kimberly Obrien,donaldrodriguez@example.net,Mauritania,2023-06-05,Standard,1843.67
9790,Christopher Buck,ryanfox@example.org,Lebanon,2024-10-12,Standard,9804.27
9791,Patrick Hubbard,kevin38@example.org,Afghanistan,2024-01-30,Standard,6516.24
9792,Rebecca Golden,dickersonerin@example.org,Mayotte,2025-09-13,Basic,3809.98
9793,Henry Burgess,olivia40@example.com,Cyprus,2022-03-22,Standard,9368.67
9794,Jacqueline Cameron,meganparker@example.net,Haiti,2022-04-23,Standard,2434.52
9795,Eric Chung,rmurray@example.net,Grenada,2020-06-04,Premium,4521.30
9796,Mr. Jay Gross,john43@example.org,Haiti,2020-10-07,Standard,3940.35
9797,Pamela Morris,rnelson@example.com,Anguilla,2023-05-27,Premium,9167.97
9798,Stacy Ramsey,shouse@example.net,Bermuda,2025-08-07,Standard,1965.02
9799,Gabriel Perez,julie39@example.net,Costa Rica,2025-09-14,Standard,625.60
9800,Sheena Ortiz,vhill@example.com,Chad,2020-09-10,Standard,5536.95
9801,Alexandra Gordon,cheryl05@example.net,Bosnia and Herzegovina,2020-10-26,Standard,2013.98
9802,Mark Johnson,piercerichard@example.com,Montserrat,2024-05-11,Premium,3177.56
9803,Michelle Horn,gonzalezmartha@example.com,French Southern Territories,2025-04-26,Standard,603.68
9804,Barry Williams,jasongray@example.com,Malaysia,2023-07-24,Standard,3424.88
9805,Christopher King,zjuarez@example.com,Oman,2025-04-02,Basic,2852.97
9806,Mr. Phillip Monroe,juliemalone@example.org,Netherlands Antilles,2024-10-16,Basic,5535.59
9807,Debra Carlson,brandigreene@example.org,France,2025-05-16,Standard,9186.82
9808,Michael Edwards,uharding@example.net,Ethiopia,2025-04-17,Basic,5275.10
9809,Thomas Hawkins,kevinmarshall@example.net,Togo,2021-03-20,Standard,2672.78
9810,Sarah Humphrey,victoria71@example.org,South Georgia and the South Sandwich Islands,2025-03-14,Standard,6604.20
9811,Carlos Christian,heidirobbins@example.com,Martinique,2024-04-17,Premium,2425.03
9812,Kimberly Hernandez,ycollins@example.com,Bangladesh,2020-10-06,Standard,4829.83
9813,Bruce Mercado,rbrown@example.org,Bouvet Island (Bouvetoya),2024-06-10,Premium,6188.40
9814,Susan Randolph,colinwright@example.org,Kenya,2020-02-19,Standard,1515.58
9815,Jennifer Le,stanleyjessica@example.net,Jersey,2022-11-11,Basic,9569.31
9816,Christina Hill,danielle00@example.com,Germany,2021-09-03,Basic,2872.59
9817,Catherine Juarez,michealpalmer@example.net,Australia,2022-06-24,Standard,9788.99
9818,Felicia Rivera,erinwilliams@example.net,Djibouti,2023-09-03,Standard,4103.59
9819,Lucas Holloway,amandagallagher@example.org,Lithuania,2020-09-25,Premium,987.14
9820,Julie Parks,christopher31@example.net,Spain,2020-08-13,Premium,3591.21
9821,Kristi Jensen,jennaespinoza@example.com,Macao,2022-10-30,Standard,5064.86
9822,Thomas Lopez,hughesmichele@example.org,China,2025-09-04,Basic,3790.54
9823,Alexandra Henderson,campbellthomas@example.net,Greenland,2023-11-24,Standard,4524.44
9824,Corey James,miranda24@example.net,Togo,2020-04-09,Standard,7746.88
9825,Brittany Mathews,edwin35@example.com,Sweden,2022-06-20,Standard,7706.26
9826,Samantha Shaw,iyoung@example.net,Spain,2021-05-17,Basic,2283.26
9827,Kim Banks,carolwebb@example.com,Sao Tome and Principe,2023-11-13,Basic,7466.71
9828,Sandra Brown,terri44@example.net,South Georgia and the South Sandwich Islands,2021-07-11,Standard,8097.07
9829,Michael Thomas,jessewatts@example.net,Bolivia,2021-12-02,Basic,1242.19
9830,Adam Pham,bridgeschristopher@example.org,Seychelles,2024-06-20,Basic,8856.37
9831,Jennifer Reeves,josewebb@example.net,Slovakia (Slovak Republic),2024-06-28,Basic,1818.18
9832,Sara Gordon,donaldmitchell@example.com,Turkey,2024-08-05,Standard,1900.58
9833,Debra Hickman,wtaylor@example.com,Bermuda,2025-07-15,Basic,9390.70
9834,Kenneth Rodriguez,cruzerik@example.net,Holy See (Vatican City State),2024-12-08,Premium,3111.45
9835,Tammy French,breanna58@example.com,Australia,2024-03-14,Standard,5015.69
9836,Peter Frazier,abeasley@example.org,Lebanon,2023-01-25,Basic,6074.97
9837,Kelsey Williams,cherylsloan@example.com,Saint Pierre and Miquelon,2021-07-28,Basic,3729.76
9838,Dustin Nelson,holtjohn@example.com,Sao Tome and Principe,2023-07-15,Basic,7003.80
9839,Bruce Cole,meadowskevin@example.net,Jordan,2023-04-08,Basic,3917.18
9840,Matthew Holden,tthompson@example.net,Georgia,2022-05-12,Standard,8499.84
9841,Jaclyn Hernandez,tracy95@example.com,Micronesia,2021-12-23,Basic,3321.11
9842,Aaron Ward,james32@example.org,Sri Lanka,2020-04-18,Basic,1116.51
9843,Randall Lopez,weberanthony@example.org,North Macedonia,2025-12-11,Premium,5698.50
9844,Nicole Nelson,alexandermcclure@example.net,New Zealand,2022-03-22,Premium,48.89
9845,Haley Evans,joshuavega@example.com,China,2022-09-05,Basic,5646.17
9846,Jennifer Romero,scottconley@example.com,Belarus,2020-12-06,Basic,5949.77
9847,Rachel Kim,callahancarly@example.com,Bermuda,2021-06-07,Standard,5483.10
9848,Paige Cantu,kathrynneal@example.com,Bolivia,2025-08-01,Standard,17.46
9849,Jessica Huffman,ievans@example.net,South Africa,2021-12-14,Basic,3689.61
9850,Erica Thomas,solisjessica@example.com,Croatia,2024-05-14,Standard,170.68
9851,Amanda Huynh,susan27@example.org,Greece,2022-06-12,Basic,2387.96
9852,Nicole Lewis,adamhill@example.net,Greenland,2023-03-28,Premium,7510.65
9853,Dustin Williams,john97@example.org,Puerto Rico,2025-02-28,Standard,4383.79
9854,Michelle Miranda,erin53@example.com,Ecuador,2021-05-31,Premium,6740.94
9855,Robert Allen,jamesphillips@example.net,Qatar,2022-08-17,Standard,8931.52
9856,Brandon Scott,robertsonlisa@example.net,Jersey,2025-12-25,Premium,428.74
9857,William Rodriguez,zdunn@example.net,Tunisia,2021-08-08,Basic,1114.86
9858,George Rodriguez,morganerica@example.org,Australia,2020-05-26,Standard,1999.57
9859,Cassandra Bailey,erica80@example.com,Algeria,2023-01-17,Standard,2404.55
9860,David Marshall,mjohnson@example.org,Aruba,2022-06-13,Basic,7428.33
9861,Jill Wu,efitzgerald@example.org,Chile,2025-12-08,Basic,2433.60
9862,Jacqueline Pennington,aherrera@example.org,Haiti,2021-03-24,Standard,9883.10
9863,James Rios,apetty@example.org,Belarus,2023-08-24,Basic,7209.44
9864,Matthew Murphy,houseeric@example.com,Tokelau,2023-07-16,Basic,2828.12
9865,Jacqueline Goodwin,joseph29@example.net,Pakistan,2025-01-30,Basic,3663.04
9866,Jill Anderson,chale@example.net,Cape Verde,2023-12-28,Standard,7766.76
9867,Heather Harris,melissa28@example.org,Botswana,2024-04-21,Premium,1050.05
9868,Lee Salas,adavis@example.com,Saudi Arabia,2022-12-02,Standard,600.76
9869,Steven Brown,kevinlewis@example.com,Iraq,2024-11-28,Premium,4928.58
9870,Terry Watkins,amy40@example.com,Solomon Islands,2020-01-18,Standard,4380.64
9871,Lawrence Walters,markgardner@example.org,Estonia,2020-02-17,Standard,9274.49
9872,Cory Erickson,lisabeck@example.net,South Georgia and the South Sandwich Islands,2023-04-03,Standard,8533.35
9873,Adrian Martinez,lynchnicole@example.net,Burundi,2021-05-30,Basic,9348.30
9874,Denise Thompson,ldavis@example.com,Latvia,2025-04-21,Standard,8374.46
9875,Gabrielle King,smccarthy@example.com,Mauritania,2023-09-25,Standard,2111.20
9876,Curtis Young,cookpaul@example.com,Montenegro,2023-10-09,Premium,206.02
9877,Katherine Petty,jodi03@example.net,Germany,2021-01-06,Basic,1715.38
9878,Robyn Smith,rachelgraham@example.net,Mozambique,2023-05-14,Standard,7130.01
9879,Craig Wong,susanjenkins@example.org,Iraq,2020-03-25,Standard,9723.70
9880,Victor Sanchez,linda01@example.com,Bahamas,2020-03-31,Basic,7778.67
9881,William Shelton,cjackson@example.org,Ukraine,2024-05-14,Standard,727.17
9882,James Foster MD,nclark@example.org,Reunion,2025-01-12,Basic,4316.46
9883,Emily Lucas,mallory74@example.com,Haiti,2025-08-05,Basic,7631.36
9884,Alvin Bailey,lambertleonard@example.com,Bhutan,2023-08-06,Standard,7825.46
9885,Jonathan Brock,cthomas@example.net,Portugal,2021-12-10,Premium,7945.85
9886,John Harvey,nhowell@example.net,Indonesia,2024-11-14,Basic,5926.41
9887,Grace Barnes,xdunn@example.net,Anguilla,2025-05-24,Premium,848.06
9888,Bruce Guerrero,ysparks@example.net,Kenya,2025-11-17,Basic,7155.98
9889,Jennifer Rodriguez,morrismichael@example.com,Croatia,2022-02-08,Standard,3579.16
9890,Greg Mcdonald,tinawatson@example.com,Angola,2022-07-05,Standard,5318.45
9891,David Woodward,karensmith@example.com,Belarus,2025-02-18,Standard,3857.53
9892,Tracy Guzman,smithkelly@example.com,Saint Vincent and the Grenadines,2022-11-11,Premium,3263.95
9893,Denise Nichols,andrea29@example.org,Saint Martin,2024-04-26,Standard,8419.30
9894,Kara Ortiz,,Slovenia,2021-09-11,Basic,5871.30
9895,Julian Chandler,jenniferochoa@example.com,Benin,2021-04-20,Premium,7611.04
9896,John Rogers,michaelzimmerman@example.net,Guyana,2024-05-10,Premium,7006.62
9897,Jack Gonzalez,colechristopher@example.com,Liechtenstein,2021-04-07,Basic,7152.68
9898,Ashley Morales,jenkinsangelica@example.org,Albania,2022-11-01,Basic,2342.93
9899,Carmen Nielsen,mblevins@example.org,Brazil,2023-07-24,Basic,2362.53
9900,Julie Harris,matthew02@example.com,Korea,2024-03-06,Standard,5873.90
9901,Louis Hess,brianhowell@example.com,Italy,2023-12-03,Basic,7562.74
9902,Jessica Brown,laura37@example.net,Pakistan,2022-06-25,Standard,3410.31
9903,Cindy Kennedy,erogers@example.org,Angola,2021-02-07,Basic,4215.91
9904,Cindy Johnson,lwinters@example.org,Brunei Darussalam,2021-05-20,Standard,8589.16
9905,Brittany Peters,parkerdeborah@example.com,Dominican Republic,2021-11-06,Standard,255.94
9906,Matthew Smith MD,achen@example.org,Jersey,2021-12-15,Basic,7913.14
9907,Teresa Moore,loriwade@example.com,Saint Pierre and Miquelon,2023-02-15,Basic,3364.43
9908,Crystal Lopez,yadams@example.org,Comoros,2025-01-15,Standard,6829.32
9909,Anita Mccoy,laurengarcia@example.org,Nigeria,2025-07-07,Standard,5624.61
9910,Christopher White,joshuaschultz@example.org,Dominica,2021-01-15,Standard,3660.64
9911,Bianca Willis,cunninghamjason@example.org,Kenya,2024-02-06,Premium,3962.18
9912,Gabriel Bowers,colton05@example.com,Somalia,2021-07-14,Basic,4800.48
9913,Christine Dennis MD,petersenmichele@example.net,Faroe Islands,2020-08-27,Premium,410.51
9914,Eduardo Garcia,morsegary@example.com,Korea,2025-05-18,Standard,8267.65
9915,Tracy Taylor,obrienkatie@example.net,Slovenia,2022-10-18,Standard,1063.33
9916,Danielle Martinez,wrich@example.org,Papua New Guinea,2024-06-04,Premium,1466.52
9917,Anthony Tanner,xrichardson@example.net,Belgium,2021-08-11,Standard,9338.46
9918,Randy Dorsey,daviesjesus@example.net,Jersey,2025-07-17,Standard,5134.76
9919,Brooke Vargas,mark54@example.net,Albania,2024-12-10,Basic,1324.37
9920,David Thompson,donna21@example.net,Kazakhstan,2022-08-13,Standard,2451.54
9921,Krystal Morris,jparker@example.com,United States Minor Outlying Islands,2020-01-04,Standard,8501.71
9922,Dennis Smith,thess@example.net,Bahamas,2023-07-06,Standard,9618.50
9923,Mr. Kevin Rowland Jr.,jacob80@example.net,Barbados,2025-05-07,Premium,8907.44
9924,Amy Hess,michaelrichards@example.com,Taiwan,2023-06-26,Standard,5884.65
9925,Mikayla Harrison,hernandezandrew@example.org,Korea,2023-11-04,Standard,5044.18
9926,Sarah Beck,patricia03@example.org,United States Virgin Islands,2024-03-31,Premium,2129.04
9927,Brian Cabrera,jacksonwayne@example.org,Holy See (Vatican City State),2024-03-23,Basic,9460.24
9928,Richard Cobb,williamsonkayla@example.com,Bhutan,2020-01-10,Basic,3793.46
9929,Ricky Tapia,sheila79@example.com,Eritrea,2025-11-03,Standard,5593.80
9930,Michael Simmons,kcontreras@example.com,Bahrain,2024-08-07,Standard,8585.64
9931,William Landry,castrobridget@example.net,Philippines,2023-03-30,Premium,3361.65
9932,Mercedes Deleon,qpace@example.net,Serbia,2025-06-07,Standard,9954.80
9933,Gary Young,adam44@example.net,Martinique,2021-04-28,Standard,3166.14
9934,Justin Burke,moralesmadeline@example.org,Puerto Rico,2025-11-18,Basic,3960.28
9935,Sandra Gibson,michaelwilliams@example.com,Marshall Islands,2022-06-16,Standard,1399.38
9936,Brian Lopez,aliciahodges@example.org,Aruba,2025-01-01,Standard,4477.10
9937,Tonya Steele,mbarton@example.com,Zimbabwe,2022-05-15,Standard,1330.38
9938,Charles Maxwell,smithwendy@example.net,Bahamas,2020-12-19,Standard,6962.51
9939,Brandon Shepard,deborahhoward@example.com,American Samoa,2021-05-03,Premium,8781.55
9940,Christine Harrell,rhondahancock@example.net,Western Sahara,2024-10-25,Basic,6777.35
9941,Kent Brown,drobinson@example.org,Fiji,2020-11-06,Standard,4209.77
9942,Melissa Medina,gday@example.net,Solomon Islands,2025-02-24,Basic,7330.15
9943,Mr. Benjamin Mitchell,ronald67@example.com,Guam,2025-12-28,Basic,5451.64
9944,Kyle Fleming,jessica23@example.net,Chad,2022-05-17,Standard,2726.74
9945,Chad Rodriguez,johnaguilar@example.org,Bouvet Island (Bouvetoya),2025-08-08,Premium,9394.45
9946,Edwin Rowe,penningtongregory@example.net,Turkey,2023-09-06,Premium,5976.14
9947,Brandy Smith,brandon62@example.org,Northern Mariana Islands,2022-04-26,Standard,5417.16
9948,David Stein,stephanie72@example.net,South Africa,2023-01-09,Standard,2589.22
9949,Mary Mathis,xestes@example.org,Ethiopia,2021-02-20,Premium,7995.61
9950,Christopher Shaw,jason74@example.org,Kiribati,2025-08-20,Standard,2146.83
9951,Stacey Nash,christopherreed@example.com,Australia,2020-01-12,Standard,5433.70
9952,Carol Burns,christopherperez@example.org,Belgium,2021-09-09,Premium,1972.55
9953,Michael Wilson,qalvarez@example.net,Israel,2020-04-19,Standard,3973.69
9954,Oscar Keller,espinozarobert@example.com,Singapore,2025-06-17,Premium,3677.59
9955,Terry Hardy,nmccann@example.com,Burkina Faso,2023-03-18,Premium,8987.88
9956,Matthew Collins,tortiz@example.org,Dominica,2025-04-29,Standard,3616.73
9957,Edward Mullen,mcphersonnicole@example.net,Sweden,2024-06-04,Standard,8368.25
9958,Kim Hinton DVM,solomonjodi@example.org,Serbia,2023-10-30,Basic,6863.99
9959,Larry Green,wallschristina@example.net,Romania,2024-05-31,Premium,8175.11
9960,William Madden,xconrad@example.org,Jordan,2023-04-08,Basic,5622.83
9961,Christine Franco,mckeejonathan@example.com,Myanmar,2024-11-14,Standard,9899.37
9962,Eric King,farmstrong@example.net,Nigeria,2025-02-03,Standard,3369.97
9963,Jill Hughes,anneluna@example.com,Australia,2025-10-08,Premium,9692.65
9964,Kaitlin Massey,rsullivan@example.net,Tunisia,2022-11-17,Standard,2365.88
9965,Danielle Tate,christopher58@example.com,Iran,2025-05-03,Basic,1112.45
9966,Rachel Patton,ghodges@example.com,Guatemala,2023-02-07,Standard,4860.88
9967,Mr. Michael Hogan,llee@example.org,Heard Island and McDonald Islands,2023-02-18,Standard,7392.86
9968,Bruce Lopez,daniel04@example.org,Aruba,2024-08-21,Standard,690.74
9969,Claudia Gutierrez,marymorgan@example.org,Benin,2020-09-06,Premium,3556.88
9970,Anthony Sherman,ewaters@example.net,Libyan Arab Jamahiriya,2024-12-24,Premium,813.25
9971,Whitney Evans,tmiller@example.net,France,2022-06-23,Standard,3730.42
9972,Erin Carr,lawrencejacobson@example.com,Iceland,2025-12-27,Basic,983.33
9973,Angela Hammond,kparsons@example.net,Switzerland,2025-11-21,Basic,1428.22
9974,David Davis,ohaynes@example.com,Namibia,2023-12-11,Basic,4655.52
9975,Timothy Atkinson,charles78@example.com,Qatar,2021-11-07,Standard,8983.26
9976,William Alvarado,courtney36@example.org,Moldova,2025-01-20,Premium,3254.03
9977,Michelle Herring,daniellebryan@example.org,Micronesia,2023-08-06,Standard,6535.53
9978,Raymond Allen,carlmedina@example.net,Mayotte,2020-03-11,Premium,8257.61
9979,Rachel Mcdonald,chapmanjake@example.org,Fiji,2025-08-26,Basic,124.54
9980,Nathan Klein,ginahaney@example.net,Monaco,2022-12-31,Standard,7219.84
9981,John Saunders,shawn64@example.net,Congo,2024-12-22,Basic,7467.23
9982,James Lowe,bjones@example.org,Singapore,2021-06-21,Basic,7253.68
9983,Robert Williams,bruce95@example.net,Madagascar,2021-04-05,Standard,4266.32
9984,Jay Anderson,millerrachel@example.org,Solomon Islands,2023-01-07,Premium,3922.11
9985,Drew Mcdaniel,kristen69@example.net,El Salvador,2025-02-23,Standard,6564.46
9986,Benjamin Jimenez,tiffanybruce@example.com,Sweden,2024-05-18,Standard,24.50
9987,Jessica Smith,orussell@example.org,Korea,2020-07-28,Standard,9166.41
9988,James Foster,julieford@example.com,Turks and Caicos Islands,2022-09-14,Standard,9631.40
9989,Bailey Johnson,tcampbell@example.net,Armenia,2020-12-04,Basic,4804.01
9990,Kathleen Colon,epadilla@example.org,Kuwait,2023-03-11,Premium,1310.78
1,Patricia Graham,melissanelson@example.org,Romania,2025-11-28,Basic,7508.56
2,Sandra Fitzgerald,marshallangela@example.com,Greece,2023-09-12,Standard,1972.79
3,Jennifer Glenn,lwalker@example.net,Togo,2022-09-06,Standard,7091.00
4,James Brock,opham@example.org,Jersey,2020-12-03,Standard,6762.73
5,Christina Underwood,johnstonashley@example.org,Azerbaijan,2022-03-09,Basic,1217.10
6,Matthew Miller,deborah57@example.org,Colombia,2024-02-23,Standard,1669.11
7,Danielle Ray,corey08@example.com,Belgium,2020-09-12,Standard,7081.07
8,Tyler Miller,bsantana@example.com,Andorra,2021-06-03,Standard,6651.69
9,Dana Thompson,daltonchristopher@example.com,Jordan,2020-04-26,Basic,9848.16
10,Joel Gibson DVM,stacey13@example.com,Zambia,2022-04-07,Basic,7333.24
